--- 
geonamesid: 661882
iso: AX
name: "Aland Islands"
names_en: 
  - "Province of Åland"
  - Åland
names_es: ~
regions: 
  - 
    ascii_name: Vardoe
    cities: []
    geonamesid: 632425
    name: Vårdö
    names_en: ~
    names_es: ~
  - 
    ascii_name: Sund
    cities: []
    geonamesid: 635817
    name: Sund
    names_en: ~
    names_es: ~
  - 
    ascii_name: Sottunga
    cities: []
    geonamesid: 636159
    name: Sottunga
    names_en: ~
    names_es: ~
  - 
    ascii_name: Saltvik
    cities: []
    geonamesid: 637880
    name: Saltvik
    names_en: ~
    names_es: ~
  - 
    ascii_name: Lumparland
    cities: []
    geonamesid: 647457
    name: Lumparland
    names_en: ~
    names_es: ~
  - 
    ascii_name: Lemland
    cities: []
    geonamesid: 648384
    name: Lemland
    names_en: ~
    names_es: ~
  - 
    ascii_name: Kumlinge
    cities: []
    geonamesid: 650397
    name: Kumlinge
    names_en: ~
    names_es: ~
  - 
    ascii_name: Koekar
    cities: []
    geonamesid: 651989
    name: Kökar
    names_en: ~
    names_es: ~
  - 
    ascii_name: Foegloe
    cities: []
    geonamesid: 659951
    name: Föglö
    names_en: ~
    names_es: ~
  - 
    ascii_name: Braendoe
    cities: []
    geonamesid: 660528
    name: Brändö
    names_en: ~
    names_es: ~
  - 
    ascii_name: Mariehamn
    cities: 
      - 
        alternate_names: 
          - Maarianhamina
          - Marianhamina
          - Mariankhamina
          - Mariehameena
        ascii_name: Mariehamn
        geonamesid: 3041732
        latitude: 60.09726
        longitude: 19.93481
        name: Mariehamn
        names_en: 
          - Mariehamn
        names_es: 
          - Mariehamn
        population: 10682
        timezone: Europe/Helsinki
    geonamesid: 3041733
    name: Mariehamn
    names_en: ~
    names_es: ~
  - 
    ascii_name: Jomala
    cities: []
    geonamesid: 3041761
    name: Jomala
    names_en: ~
    names_es: ~
  - 
    ascii_name: Hammarland
    cities: []
    geonamesid: 3041777
    name: Hammarland
    names_en: ~
    names_es: ~
  - 
    ascii_name: Geta
    cities: []
    geonamesid: 3041793
    name: Geta
    names_en: ~
    names_es: ~
  - 
    ascii_name: Finstroem
    cities: []
    geonamesid: 3041799
    name: Finström
    names_en: ~
    names_es: ~
  - 
    ascii_name: Eckeroe
    cities: 
      - 
        alternate_names: 
          - Eckeroe
          - Eckerö
        ascii_name: Eckero
        geonamesid: 3041807
        latitude: 60.21249
        longitude: 19.61442
        name: Eckerö
        names_en: 
          - Eckerö
        names_es: ~
        population: 1028
        timezone: Europe/Helsinki
    geonamesid: 3041809
    name: Eckerö
    names_en: ~
    names_es: ~
  - 
    ascii_name: "Aland (general)"
    cities: []
    geonamesid: 6620378
    name: ~
    names_en: ~
    names_es: ~
