--- 
geonamesid: 2782113
iso: AT
name: Austria
names_en: 
  - Austria
  - "Republic of Austria"
names_es: 
  - Austria
regions: 
  - 
    ascii_name: Vienna
    cities: 
      - 
        alternate_names: 
          - Bec
          - Bech
          - Becs
          - Beč
        ascii_name: Vienna
        geonamesid: 2761369
        latitude: 48.20849
        longitude: 16.37208
        name: Vienna
        names_en: 
          - Vienna
        names_es: 
          - Viena
        population: 1691468
        timezone: Europe/Vienna
    geonamesid: 2761367
    name: Vienna
    names_en: 
      - Vienna
    names_es: 
      - Viena
  - 
    ascii_name: Vorarlberg
    cities: 
      - 
        alternate_names: 
          - Kirchdorf
          - Vol'furt
          - Wolfurt
          - Вольфурт
        ascii_name: Wolfurt
        geonamesid: 2760894
        latitude: 47.46667
        longitude: 9.75
        name: Wolfurt
        names_en: ~
        names_es: ~
        population: 8110
        timezone: Europe/Vienna
      - 
        alternate_names: 
          - Schruns
          - Shruns
          - "shi lun si"
          - Шрунс
        ascii_name: Schruns
        geonamesid: 2765581
        latitude: 47.06667
        longitude: 9.91667
        name: Schruns
        names_en: 
          - Schruns
        names_es: ~
        population: 3506
        timezone: Europe/Vienna
      - 
        alternate_names: 
          - Rankweil
        ascii_name: Rankweil
        geonamesid: 2767974
        latitude: 47.28306
        longitude: 9.65
        name: Rankweil
        names_en: ~
        names_es: ~
        population: 11455
        timezone: Europe/Vienna
      - 
        alternate_names: ~
        ascii_name: Nuziders
        geonamesid: 2770391
        latitude: 47.16667
        longitude: 9.8
        name: Nüziders
        names_en: ~
        names_es: ~
        population: 4628
        timezone: Europe/Vienna
      - 
        alternate_names: ~
        ascii_name: Nenzing
        geonamesid: 2770885
        latitude: 47.18436
        longitude: 9.70539
        name: Nenzing
        names_en: ~
        names_es: ~
        population: 5856
        timezone: Europe/Vienna
      - 
        alternate_names: ~
        ascii_name: Mittelberg
        geonamesid: 2771533
        latitude: 47.3237
        longitude: 10.15463
        name: Mittelberg
        names_en: ~
        names_es: ~
        population: 4627
        timezone: Europe/Vienna
      - 
        alternate_names: 
          - Lustenau
          - Лустенау
          - לוסטנאו
        ascii_name: Lustenau
        geonamesid: 2772173
        latitude: 47.42642
        longitude: 9.65851
        name: Lustenau
        names_en: 
          - Lustenau
        names_es: 
          - Lustenau
        population: 20218
        timezone: Europe/Vienna
      - 
        alternate_names: 
          - Lochau
        ascii_name: Lochau
        geonamesid: 2772345
        latitude: 47.53333
        longitude: 9.75
        name: Lochau
        names_en: ~
        names_es: ~
        population: 5209
        timezone: Europe/Vienna
      - 
        alternate_names: 
          - Lekh
          - Лех
        ascii_name: Lech
        geonamesid: 2772798
        latitude: 47.20797
        longitude: 10.14184
        name: Lech
        names_en: ~
        names_es: ~
        population: 1865
        timezone: Europe/Vienna
      - 
        alternate_names: ~
        ascii_name: Lauterach
        geonamesid: 2772827
        latitude: 47.48306
        longitude: 9.73306
        name: Lauterach
        names_en: ~
        names_es: ~
        population: 9212
        timezone: Europe/Vienna
      - 
        alternate_names: 
          - Horbranz
          - Hörbranz
          - Khjornbranc
          - Kirchdorf
        ascii_name: Horbranz
        geonamesid: 2775531
        latitude: 47.55
        longitude: 9.75
        name: Hörbranz
        names_en: ~
        names_es: ~
        population: 6414
        timezone: Europe/Vienna
      - 
        alternate_names: 
          - Hohenems
        ascii_name: Hohenems
        geonamesid: 2775742
        latitude: 47.36667
        longitude: 9.68306
        name: Hohenems
        names_en: ~
        names_es: ~
        population: 14072
        timezone: Europe/Vienna
      - 
        alternate_names: ~
        ascii_name: Hochst
        geonamesid: 2775950
        latitude: 47.45934
        longitude: 9.6405
        name: Höchst
        names_en: ~
        names_es: ~
        population: 7207
        timezone: Europe/Vienna
      - 
        alternate_names: ~
        ascii_name: Hard
        geonamesid: 2776874
        latitude: 47.48306
        longitude: 9.68306
        name: Hard
        names_en: ~
        names_es: ~
        population: 11766
        timezone: Europe/Vienna
      - 
        alternate_names: 
          - Gotzis
          - Götzis
        ascii_name: Gotzis
        geonamesid: 2778218
        latitude: 47.33306
        longitude: 9.63306
        name: Götzis
        names_en: ~
        names_es: ~
        population: 10342
        timezone: Europe/Vienna
      - 
        alternate_names: 
          - Fel'dkirkh
          - Feldkirch
          - pldqyrk
          - Фельдкирх
        ascii_name: Feldkirch
        geonamesid: 2779674
        latitude: 47.23306
        longitude: 9.6
        name: Feldkirch
        names_en: 
          - Feldkirch
        names_es: 
          - Feldkirch
        population: 29446
        timezone: Europe/Vienna
      - 
        alternate_names: 
          - Dornbirn
          - dwrnbyrn
          - Дорнбирн
          - דורנבירן
        ascii_name: Dornbirn
        geonamesid: 2780741
        latitude: 47.41667
        longitude: 9.73306
        name: Dornbirn
        names_en: 
          - Dornbirn
        names_es: 
          - Dornbirn
        population: 43013
        timezone: Europe/Vienna
      - 
        alternate_names: ~
        ascii_name: Buers
        geonamesid: 2781161
        latitude: 47.14972
        longitude: 9.8
        name: Bürs
        names_en: ~
        names_es: ~
        population: 3100
        timezone: Europe/Vienna
      - 
        alternate_names: 
          - Bregenc
          - Bregencja
          - Bregenz
          - Brigantium
        ascii_name: Bregenz
        geonamesid: 2781503
        latitude: 47.50311
        longitude: 9.7471
        name: Bregenz
        names_en: 
          - Bregenz
        names_es: 
          - Bregenz
        population: 27611
        timezone: Europe/Vienna
      - 
        alternate_names: 
          - Bludenc
          - Bludenz
          - Блуденц
        ascii_name: Bludenz
        geonamesid: 2781680
        latitude: 47.14972
        longitude: 9.81667
        name: Bludenz
        names_en: 
          - Bludenz
        names_es: ~
        population: 13904
        timezone: Europe/Vienna
      - 
        alternate_names: 
          - Altach
        ascii_name: Altach
        geonamesid: 2782728
        latitude: 47.35
        longitude: 9.65
        name: Altach
        names_en: ~
        names_es: ~
        population: 6040
        timezone: Europe/Vienna
    geonamesid: 2762300
    name: Vorarlberg
    names_en: 
      - Vorarlberg
    names_es: 
      - Vorarlberg
  - 
    ascii_name: Tyrol
    cities: 
      - 
        alternate_names: 
          - Cirl
          - Zirl
          - Цирл
        ascii_name: Zirl
        geonamesid: 2760523
        latitude: 47.28333
        longitude: 11.23333
        name: Zirl
        names_en: ~
        names_es: ~
        population: 6567
        timezone: Europe/Vienna
      - 
        alternate_names: 
          - Worgl
          - Wörgl
        ascii_name: Worgl
        geonamesid: 2760854
        latitude: 47.48333
        longitude: 12.06667
        name: Wörgl
        names_en: ~
        names_es: ~
        population: 11265
        timezone: Europe/Vienna
      - 
        alternate_names: 
          - Wattens
        ascii_name: Wattens
        geonamesid: 2761834
        latitude: 47.28333
        longitude: 11.6
        name: Wattens
        names_en: ~
        names_es: ~
        population: 7517
        timezone: Europe/Vienna
      - 
        alternate_names: 
          - Fomp
          - Vomp
          - Фомп
        ascii_name: Vomp
        geonamesid: 2762303
        latitude: 47.33333
        longitude: 11.68333
        name: Vomp
        names_en: ~
        names_es: ~
        population: 4628
        timezone: Europe/Vienna
      - 
        alternate_names: ~
        ascii_name: Vols
        geonamesid: 2762304
        latitude: 47.25
        longitude: 11.33333
        name: Völs
        names_en: ~
        names_es: ~
        population: 6573
        timezone: Europe/Vienna
      - 
        alternate_names: 
          - Telfs
        ascii_name: Telfs
        geonamesid: 2763810
        latitude: 47.3
        longitude: 11.06667
        name: Telfs
        names_en: ~
        names_es: ~
        population: 14028
        timezone: Europe/Vienna
      - 
        alternate_names: 
          - Zjol'den
          - Зёльден
        ascii_name: Soelden
        geonamesid: 2764957
        latitude: 46.96667
        longitude: 11.0
        name: Sölden
        names_en: ~
        names_es: ~
        population: 3449
        timezone: Europe/Vienna
      - 
        alternate_names: 
          - Hall
          - "Hall in Tirol"
          - Khall'-in-Tirol'
          - "Solbad Hall"
        ascii_name: "Hall in Tirol"
        geonamesid: 2764958
        latitude: 47.28333
        longitude: 11.51667
        name: "Hall in Tirol"
        names_en: ~
        names_es: ~
        population: 12460
        timezone: Europe/Vienna
      - 
        alternate_names: 
          - Serfaus
          - Zerfaus
          - Зерфаус
        ascii_name: Serfaus
        geonamesid: 2765150
        latitude: 47.03333
        longitude: 10.6
        name: Serfaus
        names_en: ~
        names_es: ~
        population: 1136
        timezone: Europe/Vienna
      - 
        alternate_names: 
          - Seefeld
          - "Zeefel'd (Tirol')"
          - "Зеефельд (Тироль)"
        ascii_name: "Seefeld in Tirol"
        geonamesid: 2765278
        latitude: 47.33016
        longitude: 11.18786
        name: "Seefeld in Tirol"
        names_en: ~
        names_es: ~
        population: 3028
        timezone: Europe/Vienna
      - 
        alternate_names: ~
        ascii_name: Schwaz
        geonamesid: 2765390
        latitude: 47.35169
        longitude: 11.71014
        name: Schwaz
        names_en: ~
        names_es: ~
        population: 12507
        timezone: Europe/Vienna
      - 
        alternate_names: 
          - Schonberg
          - "Schonberg im Stubaital"
          - Schönberg
          - "Schönberg im Stubaital"
        ascii_name: "Schoenberg im Stubaital"
        geonamesid: 2765715
        latitude: 47.18333
        longitude: 11.41667
        name: "Schönberg im Stubaital"
        names_en: ~
        names_es: ~
        population: 1013
        timezone: Europe/Vienna
      - 
        alternate_names: 
          - "Saint Anton"
          - "Sankt Anton"
          - Sankt-Anton-am-Arl'berg
          - "St Anton"
        ascii_name: "Sankt Anton am Arlberg"
        geonamesid: 2766757
        latitude: 47.1275
        longitude: 10.26372
        name: "Sankt Anton am Arlberg"
        names_en: 
          - "Saint Anton"
        names_es: ~
        population: 2848
        timezone: Europe/Vienna
      - 
        alternate_names: ~
        ascii_name: Rum
        geonamesid: 2766971
        latitude: 47.28333
        longitude: 11.45
        name: Rum
        names_en: ~
        names_es: ~
        population: 8498
        timezone: Europe/Vienna
      - 
        alternate_names: 
          - Reutte
          - "Reutte in Tirol"
          - Rojtte
          - Ройтте
        ascii_name: Reutte
        geonamesid: 2767511
        latitude: 47.48333
        longitude: 10.71667
        name: Reutte
        names_en: ~
        names_es: ~
        population: 5851
        timezone: Europe/Vienna
      - 
        alternate_names: 
          - Ehc
          - Ehtc
          - Oetz
          - Otz
        ascii_name: Oetz
        geonamesid: 2769324
        latitude: 47.2
        longitude: 10.9
        name: Oetz
        names_en: 
          - Oetz
        names_es: ~
        population: 2238
        timezone: Europe/Vienna
      - 
        alternate_names: 
          - Neustift
          - "Neustift im Stubaital"
          - Nojshtift
          - Нойштифт
        ascii_name: "Neustift im Stubaital"
        geonamesid: 2770651
        latitude: 47.11667
        longitude: 11.31667
        name: "Neustift im Stubaital"
        names_en: 
          - Neustift
        names_es: ~
        population: 4454
        timezone: Europe/Vienna
      - 
        alternate_names: 
          - Nauders
          - Наудерс
        ascii_name: Nauders
        geonamesid: 2770910
        latitude: 46.88333
        longitude: 10.51667
        name: Nauders
        names_en: ~
        names_es: ~
        population: 1539
        timezone: Europe/Vienna
      - 
        alternate_names: 
          - Mairhofen
          - Majerkhofen
          - Majrkhofen
          - Mayrhofen
        ascii_name: Mayrhofen
        geonamesid: 2771725
        latitude: 47.16667
        longitude: 11.86667
        name: Mayrhofen
        names_en: 
          - Mayrhofen
        names_es: ~
        population: 3869
        timezone: Europe/Vienna
      - 
        alternate_names: 
          - "Matraj (Osttirol')"
          - Matrei
          - "Matrei in Osttirol"
          - "Матрай (Осттироль)"
        ascii_name: "Matrei in Osttirol"
        geonamesid: 2771828
        latitude: 47.0
        longitude: 12.53333
        name: "Matrei in Osttirol"
        names_en: ~
        names_es: ~
        population: 5076
        timezone: Europe/Vienna
      - 
        alternate_names: 
          - Lienz
          - Linc
          - lyynz
          - rientsu
        ascii_name: Lienz
        geonamesid: 2772505
        latitude: 46.8289
        longitude: 12.76903
        name: Lienz
        names_en: 
          - Lienz
        names_es: ~
        population: 12270
        timezone: Europe/Vienna
      - 
        alternate_names: 
          - Leermoos
          - Lermoos
          - Lermos
          - Лермос
        ascii_name: Lermoos
        geonamesid: 2772592
        latitude: 47.4
        longitude: 10.88333
        name: Lermoos
        names_en: ~
        names_es: ~
        population: 1115
        timezone: Europe/Vienna
      - 
        alternate_names: ~
        ascii_name: Landeck
        geonamesid: 2773070
        latitude: 47.13988
        longitude: 10.56593
        name: Landeck
        names_en: ~
        names_es: ~
        population: 7351
        timezone: Europe/Vienna
      - 
        alternate_names: 
          - Kuffstein
          - Kufshtajn
          - Kufsstein
          - Kufstein
        ascii_name: Kufstein
        geonamesid: 2773300
        latitude: 47.58333
        longitude: 12.16667
        name: Kufstein
        names_en: 
          - Kufstein
        names_es: ~
        population: 16115
        timezone: Europe/Vienna
      - 
        alternate_names: 
          - Kitcbjuehl'
          - Kitzbichl
          - Kitzbuehel
          - Kitzbühel
        ascii_name: Kitzbuhel
        geonamesid: 2774347
        latitude: 47.44637
        longitude: 12.39215
        name: Kitzbühel
        names_en: 
          - Kitzbühel
        names_es: 
          - Kitzbühel
        population: 8818
        timezone: Europe/Vienna
      - 
        alternate_names: ~
        ascii_name: Kirchbichl
        geonamesid: 2774396
        latitude: 47.51667
        longitude: 12.08333
        name: Kirchbichl
        names_en: ~
        names_es: ~
        population: 5115
        timezone: Europe/Vienna
      - 
        alternate_names: ~
        ascii_name: Jenbach
        geonamesid: 2775093
        latitude: 47.39173
        longitude: 11.77245
        name: Jenbach
        names_en: ~
        names_es: ~
        population: 6806
        timezone: Europe/Vienna
      - 
        alternate_names: ~
        ascii_name: Ischgl
        geonamesid: 2775183
        latitude: 47.01257
        longitude: 10.29179
        name: Ischgl
        names_en: ~
        names_es: ~
        population: 2128
        timezone: Europe/Vienna
      - 
        alternate_names: 
          - Innsbruck
          - Insbruk
          - Insbruka
          - "Pons Aeni"
        ascii_name: Innsbruck
        geonamesid: 2775220
        latitude: 47.26266
        longitude: 11.39454
        name: Innsbruck
        names_en: 
          - Innsbruck
        names_es: 
          - Innsbruck
        population: 112467
        timezone: Europe/Vienna
      - 
        alternate_names: 
          - Imst
          - Имст
        ascii_name: Imst
        geonamesid: 2775307
        latitude: 47.24504
        longitude: 10.73974
        name: Imst
        names_en: 
          - Imst
        names_es: ~
        population: 9225
        timezone: Europe/Vienna
      - 
        alternate_names: 
          - Hopfgarten
          - "Hopfgarten Markt"
          - "Hopfgarten im Brixental"
          - "Hopfgarten in Nordtirol"
        ascii_name: "Hopfgarten im Brixental"
        geonamesid: 2775541
        latitude: 47.45
        longitude: 12.16667
        name: "Hopfgarten im Brixental"
        names_en: ~
        names_es: ~
        population: 5314
        timezone: Europe/Vienna
      - 
        alternate_names: ~
        ascii_name: "Bad Haering"
        geonamesid: 2776866
        latitude: 47.5
        longitude: 12.11667
        name: "Bad Häring"
        names_en: ~
        names_es: ~
        population: 2383
        timezone: Europe/Vienna
      - 
        alternate_names: 
          - Fjugen
          - Fugen
          - Fügen
          - Фюген
        ascii_name: Fugen
        geonamesid: 2779154
        latitude: 47.35
        longitude: 11.85
        name: Fügen
        names_en: ~
        names_es: ~
        population: 3734
        timezone: Europe/Vienna
      - 
        alternate_names: 
          - Fiberbrunn
          - Fieberbrunn
          - Фибербрунн
        ascii_name: Fieberbrunn
        geonamesid: 2779595
        latitude: 47.48333
        longitude: 12.55
        name: Fieberbrunn
        names_en: 
          - Fieberbrunn
        names_es: ~
        population: 4180
        timezone: Europe/Vienna
      - 
        alternate_names: 
          - Ehbbs
          - Эббс
        ascii_name: Ebbs
        geonamesid: 2780579
        latitude: 47.63333
        longitude: 12.21667
        name: Ebbs
        names_en: ~
        names_es: ~
        population: 5088
        timezone: Europe/Vienna
      - 
        alternate_names: 
          - Briksen-im-Tale
          - Brixen
          - "Brixen im Tal"
          - "Brixen im Tale"
        ascii_name: "Brixen im Thale"
        geonamesid: 2781394
        latitude: 47.45
        longitude: 12.25
        name: "Brixen im Thale"
        names_en: ~
        names_es: ~
        population: 2673
        timezone: Europe/Vienna
      - 
        alternate_names: ~
        ascii_name: Absam
        geonamesid: 2783058
        latitude: 47.3
        longitude: 11.5
        name: Absam
        names_en: ~
        names_es: ~
        population: 6594
        timezone: Europe/Vienna
      - 
        alternate_names: ~
        ascii_name: Leutasch
        geonamesid: 3319549
        latitude: 47.3689
        longitude: 11.14404
        name: Leutasch
        names_en: ~
        names_es: ~
        population: 2104
        timezone: Europe/Vienna
      - 
        alternate_names: 
          - Al'pbakh
          - Альпбах
        ascii_name: Alpbach
        geonamesid: 3323982
        latitude: 47.39878
        longitude: 11.94373
        name: Alpbach
        names_en: ~
        names_es: ~
        population: 2585
        timezone: Europe/Vienna
    geonamesid: 2763586
    name: Tyrol
    names_en: 
      - Tyrol
    names_es: ~
  - 
    ascii_name: Styria
    cities: 
      - 
        alternate_names: 
          - Zeltweg
        ascii_name: Zeltweg
        geonamesid: 2760610
        latitude: 47.18333
        longitude: 14.75
        name: Zeltweg
        names_en: ~
        names_es: ~
        population: 7726
        timezone: Europe/Vienna
      - 
        alternate_names: 
          - Weiz
        ascii_name: Weiz
        geonamesid: 2761531
        latitude: 47.21667
        longitude: 15.61667
        name: Weiz
        names_en: ~
        names_es: ~
        population: 9128
        timezone: Europe/Vienna
      - 
        alternate_names: 
          - Voitsberg
        ascii_name: Voitsberg
        geonamesid: 2762327
        latitude: 47.03333
        longitude: 15.15
        name: Voitsberg
        names_en: ~
        names_es: ~
        population: 9980
        timezone: Europe/Vienna
      - 
        alternate_names: 
          - Trofaiach
        ascii_name: Trofaiach
        geonamesid: 2763332
        latitude: 47.41667
        longitude: 15.0
        name: Trofaiach
        names_en: ~
        names_es: ~
        population: 8313
        timezone: Europe/Vienna
      - 
        alternate_names: 
          - Shladming
          - Шладминг
        ascii_name: Schladming
        geonamesid: 2765961
        latitude: 47.39289
        longitude: 13.68699
        name: Schladming
        names_en: ~
        names_es: ~
        population: 4659
        timezone: Europe/Vienna
      - 
        alternate_names: 
          - Scheifling
          - Shajfling
          - Шайфлинг
        ascii_name: Scheifling
        geonamesid: 2766047
        latitude: 47.15
        longitude: 14.4
        name: Scheifling
        names_en: ~
        names_es: ~
        population: 1600
        timezone: Europe/Vienna
      - 
        alternate_names: 
          - Rottenmann
        ascii_name: Rottenmann
        geonamesid: 2767034
        latitude: 47.51667
        longitude: 14.35
        name: Rottenmann
        names_en: ~
        names_es: ~
        population: 5561
        timezone: Europe/Vienna
      - 
        alternate_names: 
          - Bereneck
          - Perneg-an-der-Mur
          - Pernegg
          - Пернег-ан-дер-Мур
        ascii_name: "Pernegg an der Mur"
        geonamesid: 2769077
        latitude: 47.35979
        longitude: 15.34236
        name: "Pernegg an der Mur"
        names_en: ~
        names_es: ~
        population: 2406
        timezone: Europe/Vienna
      - 
        alternate_names: 
          - Mjurccushlag
          - Murssuschalg
          - Murzzuschlag
          - Mürzzuschlag
        ascii_name: Murzzuschlag
        geonamesid: 2770993
        latitude: 47.6
        longitude: 15.68333
        name: Mürzzuschlag
        names_en: ~
        names_es: ~
        population: 9410
        timezone: Europe/Vienna
      - 
        alternate_names: 
          - Mariazell
        ascii_name: Mariazell
        geonamesid: 2771893
        latitude: 47.77306
        longitude: 15.31639
        name: Mariazell
        names_en: ~
        names_es: ~
        population: 1577
        timezone: Europe/Vienna
      - 
        alternate_names: 
          - Liezen
        ascii_name: Liezen
        geonamesid: 2772480
        latitude: 47.56667
        longitude: 14.23333
        name: Liezen
        names_en: ~
        names_es: ~
        population: 6903
        timezone: Europe/Vienna
      - 
        alternate_names: 
          - Leoben
          - Леобен
          - לאובן
        ascii_name: Leoben
        geonamesid: 2772649
        latitude: 47.38333
        longitude: 15.1
        name: Leoben
        names_en: 
          - Leoben
        names_es: ~
        population: 24809
        timezone: Europe/Vienna
      - 
        alternate_names: ~
        ascii_name: Leibnitz
        geonamesid: 2772753
        latitude: 46.78161
        longitude: 15.53836
        name: Leibnitz
        names_en: ~
        names_es: ~
        population: 7029
        timezone: Europe/Vienna
      - 
        alternate_names: 
          - Krieglach
        ascii_name: Krieglach
        geonamesid: 2773447
        latitude: 47.53333
        longitude: 15.55
        name: Krieglach
        names_en: ~
        names_es: ~
        population: 5236
        timezone: Europe/Vienna
      - 
        alternate_names: 
          - Koflach
          - Köflach
        ascii_name: Koflach
        geonamesid: 2773848
        latitude: 47.06667
        longitude: 15.08333
        name: Köflach
        names_en: ~
        names_es: ~
        population: 10447
        timezone: Europe/Vienna
      - 
        alternate_names: 
          - Knittelfeld
        ascii_name: Knittelfeld
        geonamesid: 2773887
        latitude: 47.21667
        longitude: 14.81667
        name: Knittelfeld
        names_en: ~
        names_es: ~
        population: 12704
        timezone: Europe/Vienna
      - 
        alternate_names: ~
        ascii_name: Kindberg
        geonamesid: 2774437
        latitude: 47.5
        longitude: 15.45
        name: Kindberg
        names_en: ~
        names_es: ~
        population: 5790
        timezone: Europe/Vienna
      - 
        alternate_names: ~
        ascii_name: Kapfenberg
        geonamesid: 2774773
        latitude: 47.44458
        longitude: 15.29331
        name: Kapfenberg
        names_en: ~
        names_es: ~
        population: 21819
        timezone: Europe/Vienna
      - 
        alternate_names: 
          - Judenburg
        ascii_name: Judenburg
        geonamesid: 2775020
        latitude: 47.16667
        longitude: 14.66667
        name: Judenburg
        names_en: ~
        names_es: ~
        population: 9992
        timezone: Europe/Vienna
      - 
        alternate_names: 
          - Hartberg
          - Khartberg
          - Хартберг
        ascii_name: Hartberg
        geonamesid: 2776801
        latitude: 47.28333
        longitude: 15.96667
        name: Hartberg
        names_en: 
          - Hartberg
        names_es: ~
        population: 6634
        timezone: Europe/Vienna
      - 
        alternate_names: 
          - Grac
          - Graca
          - Gradec
          - Graecia
        ascii_name: Graz
        geonamesid: 2778067
        latitude: 47.06667
        longitude: 15.45
        name: Graz
        names_en: 
          - Graz
        names_es: 
          - Graz
        population: 222326
        timezone: Europe/Vienna
      - 
        alternate_names: 
          - Gratkorn
        ascii_name: Gratkorn
        geonamesid: 2778085
        latitude: 47.13333
        longitude: 15.35
        name: Gratkorn
        names_en: ~
        names_es: ~
        population: 6806
        timezone: Europe/Vienna
      - 
        alternate_names: ~
        ascii_name: Gleisdorf
        geonamesid: 2778478
        latitude: 47.10559
        longitude: 15.71011
        name: Gleisdorf
        names_en: ~
        names_es: ~
        population: 5245
        timezone: Europe/Vienna
      - 
        alternate_names: 
          - Furstenfeld
          - Fürstenfeld
        ascii_name: Furstenfeld
        geonamesid: 2779115
        latitude: 47.05
        longitude: 16.08333
        name: Fürstenfeld
        names_en: ~
        names_es: ~
        population: 5962
        timezone: Europe/Vienna
      - 
        alternate_names: 
          - Frohnleiten
        ascii_name: Frohnleiten
        geonamesid: 2779202
        latitude: 47.26667
        longitude: 15.31667
        name: Frohnleiten
        names_en: ~
        names_es: ~
        population: 6629
        timezone: Europe/Vienna
      - 
        alternate_names: 
          - Fohnsdorf
        ascii_name: Fohnsdorf
        geonamesid: 2779450
        latitude: 47.2
        longitude: 14.68333
        name: Fohnsdorf
        names_en: ~
        names_es: ~
        population: 8203
        timezone: Europe/Vienna
      - 
        alternate_names: 
          - Fel'dbakh
          - Feldbach
          - Фельдбах
        ascii_name: Feldbach
        geonamesid: 2779685
        latitude: 46.95306
        longitude: 15.88833
        name: Feldbach
        names_en: ~
        names_es: ~
        population: 4877
        timezone: Europe/Vienna
      - 
        alternate_names: 
          - Eisenerz
        ascii_name: Eisenerz
        geonamesid: 2780207
        latitude: 47.53333
        longitude: 14.88333
        name: Eisenerz
        names_en: ~
        names_es: ~
        population: 5987
        timezone: Europe/Vienna
      - 
        alternate_names: 
          - Deutschlandberg
          - Deutschlandsberg
          - Dojchlandsberg
          - Дойчландсберг
        ascii_name: Deutschlandsberg
        geonamesid: 2781023
        latitude: 46.81528
        longitude: 15.22222
        name: Deutschlandsberg
        names_en: ~
        names_es: ~
        population: 8049
        timezone: Europe/Vienna
      - 
        alternate_names: 
          - Bruck
          - "Bruck an der Mur"
          - Bruk-an-der-Mur
          - Брук-ан-дер-Мур
        ascii_name: "Bruck an der Mur"
        geonamesid: 2781371
        latitude: 47.41667
        longitude: 15.28333
        name: "Bruck an der Mur"
        names_en: 
          - "Bruck an der Mur"
        names_es: ~
        population: 13254
        timezone: Europe/Vienna
      - 
        alternate_names: 
          - Bad-Blumau
          - Blumau
          - Бад-Блумау
        ascii_name: "Bad Blumau"
        geonamesid: 2781668
        latitude: 47.11667
        longitude: 16.05
        name: "Bad Blumau"
        names_en: ~
        names_es: ~
        population: 1628
        timezone: Europe/Vienna
      - 
        alternate_names: ~
        ascii_name: Barnbach
        geonamesid: 2781992
        latitude: 47.03333
        longitude: 15.85
        name: Bärnbach
        names_en: ~
        names_es: ~
        population: 4850
        timezone: Europe/Vienna
      - 
        alternate_names: ~
        ascii_name: "Bad Aussee"
        geonamesid: 2782070
        latitude: 47.60998
        longitude: 13.78243
        name: "Bad Aussee"
        names_en: ~
        names_es: ~
        population: 5210
        timezone: Europe/Vienna
      - 
        alternate_names: 
          - Tal'-Grac
          - Таль-Грац
        ascii_name: Thal
        geonamesid: 7304078
        latitude: 47.07644
        longitude: 15.36052
        name: Thal
        names_en: ~
        names_es: ~
        population: 2231
        timezone: Europe/Vienna
    geonamesid: 2764581
    name: Styria
    names_en: 
      - Styria
    names_es: ~
  - 
    ascii_name: Salzburg
    cities: 
      - 
        alternate_names: 
          - "Cel am Zee"
          - Cell'-am-Zee
          - "Zell am See"
          - "Zell in the Pinzgau"
        ascii_name: "Zell am See"
        geonamesid: 2760634
        latitude: 47.32556
        longitude: 12.79444
        name: "Zell am See"
        names_en: 
          - "Zell am See"
        names_es: ~
        population: 10046
        timezone: Europe/Vienna
      - 
        alternate_names: 
          - Verfen
          - Werfen
          - Верфен
        ascii_name: Werfen
        geonamesid: 2761479
        latitude: 47.46667
        longitude: 13.18333
        name: Werfen
        names_en: ~
        names_es: ~
        population: 3059
        timezone: Europe/Vienna
      - 
        alternate_names: ~
        ascii_name: Thalgau
        geonamesid: 2763749
        latitude: 47.83333
        longitude: 13.25
        name: Thalgau
        names_en: ~
        names_es: ~
        population: 5501
        timezone: Europe/Vienna
      - 
        alternate_names: 
          - Daxenbach
          - Taksenbakh
          - Taxenbach
          - Таксенбах
        ascii_name: Taxenbach
        geonamesid: 2763837
        latitude: 47.28333
        longitude: 12.96667
        name: Taxenbach
        names_en: ~
        names_es: ~
        population: 2830
        timezone: Europe/Vienna
      - 
        alternate_names: 
          - Tambsweg
          - Tamsveg
          - Тамсвег
        ascii_name: Tamsweg
        geonamesid: 2763929
        latitude: 47.12808
        longitude: 13.81102
        name: Tamsweg
        names_en: ~
        names_es: ~
        population: 6126
        timezone: Europe/Vienna
      - 
        alternate_names: 
          - Shtrobl'
          - Strobl
          - Штробль
        ascii_name: Strobl
        geonamesid: 2764121
        latitude: 47.71667
        longitude: 13.48333
        name: Strobl
        names_en: ~
        names_es: ~
        population: 3577
        timezone: Europe/Vienna
      - 
        alternate_names: 
          - Strasswalchen
          - "Strasz Walchen"
        ascii_name: Strasswalchen
        geonamesid: 2764172
        latitude: 47.98333
        longitude: 13.25
        name: Strasswalchen
        names_en: ~
        names_es: ~
        population: 7145
        timezone: Europe/Vienna
      - 
        alternate_names: 
          - Seekirchen
          - "Seekirchen Markt"
        ascii_name: "Seekirchen am Wallersee"
        geonamesid: 2765257
        latitude: 47.9
        longitude: 13.13333
        name: "Seekirchen am Wallersee"
        names_en: ~
        names_es: ~
        population: 9865
        timezone: Europe/Vienna
      - 
        alternate_names: 
          - "Sankt Johann"
          - "Sankt Johann im Pongau"
          - "Sankt-Jokhann (Pongau)"
          - "St. John's im Pougau"
        ascii_name: "Sankt Johann im Pongau"
        geonamesid: 2766643
        latitude: 47.35
        longitude: 13.2
        name: "Sankt Johann im Pongau"
        names_en: ~
        names_es: ~
        population: 10887
        timezone: Europe/Vienna
      - 
        alternate_names: 
          - "Sankt Gilgen"
          - Sankt-Gilgen
          - "St. AEgidius"
          - "St. Ægidius"
        ascii_name: "Sankt Gilgen"
        geonamesid: 2766683
        latitude: 47.76667
        longitude: 13.36667
        name: "Sankt Gilgen"
        names_en: ~
        names_es: ~
        population: 3753
        timezone: Europe/Vienna
      - 
        alternate_names: 
          - "Lungsod ng Salzburg"
          - Saizburg
          - Salcburk
          - Salisburgium
        ascii_name: Salzburg
        geonamesid: 2766824
        latitude: 47.79941
        longitude: 13.04399
        name: Salzburg
        names_en: 
          - Salzburg
        names_es: 
          - Salzburgo
        population: 150269
        timezone: Europe/Vienna
      - 
        alternate_names: 
          - Saalfelden
          - "Saalfelden am Steinernen Meer"
          - Salfelden
          - Zal'fel'den-am-Shtajnernen-Meer
        ascii_name: "Saalfelden am Steinernen Meer"
        geonamesid: 2766922
        latitude: 47.42681
        longitude: 12.848
        name: "Saalfelden am Steinernen Meer"
        names_en: ~
        names_es: ~
        population: 16119
        timezone: Europe/Vienna
      - 
        alternate_names: ~
        ascii_name: Saalbach
        geonamesid: 2766924
        latitude: 47.39138
        longitude: 12.63642
        name: Saalbach
        names_en: ~
        names_es: ~
        population: 2954
        timezone: Europe/Vienna
      - 
        alternate_names: 
          - Radstadt
          - Radstatt
          - Rashtadt
          - Раштадт
        ascii_name: Radstadt
        geonamesid: 2768098
        latitude: 47.38333
        longitude: 13.45
        name: Radstadt
        names_en: ~
        names_es: ~
        population: 4926
        timezone: Europe/Vienna
      - 
        alternate_names: 
          - Mittersil
          - Mittersill
          - Mitterzil'
          - Миттерзиль
        ascii_name: Mittersill
        geonamesid: 2771385
        latitude: 47.26667
        longitude: 12.48333
        name: Mittersill
        names_en: ~
        names_es: ~
        population: 5680
        timezone: Europe/Vienna
      - 
        alternate_names: 
          - Kuchl
        ascii_name: Kuchl
        geonamesid: 2773304
        latitude: 47.61667
        longitude: 13.15
        name: Kuchl
        names_en: ~
        names_es: ~
        population: 6668
        timezone: Europe/Vienna
      - 
        alternate_names: ~
        ascii_name: Kaprun
        geonamesid: 2774758
        latitude: 47.27239
        longitude: 12.75985
        name: Kaprun
        names_en: ~
        names_es: ~
        population: 2947
        timezone: Europe/Vienna
      - 
        alternate_names: 
          - Hallein
          - Khallajn
          - Халлайн
          - האליין
        ascii_name: Hallein
        geonamesid: 2776951
        latitude: 47.68333
        longitude: 13.1
        name: Hallein
        names_en: 
          - Hallein
        names_es: ~
        population: 18980
        timezone: Europe/Vienna
      - 
        alternate_names: 
          - Grodig
          - Grödig
        ascii_name: Grodig
        geonamesid: 2777921
        latitude: 47.73333
        longitude: 13.03333
        name: Grödig
        names_en: ~
        names_es: ~
        population: 6918
        timezone: Europe/Vienna
      - 
        alternate_names: 
          - Bruck
          - "Bruck an der Glocknerstrasse"
          - Bruk-an-der-Grosgloknershtrasse
          - Брук-ан-дер-Гросглокнерштрассе
        ascii_name: "Bruck an der Grossglocknerstrasse"
        geonamesid: 2781374
        latitude: 47.28494
        longitude: 12.8231
        name: "Bruck an der Großglocknerstraße"
        names_en: ~
        names_es: ~
        population: 4649
        timezone: Europe/Vienna
      - 
        alternate_names: 
          - Bischofhofen
          - Bischofshofen
          - Bischofshofn
          - Bischofshogen
        ascii_name: Bischofshofen
        geonamesid: 2781735
        latitude: 47.41667
        longitude: 13.21667
        name: Bischofshofen
        names_en: 
          - Bischofshofen
        names_es: ~
        population: 10144
        timezone: Europe/Vienna
      - 
        alternate_names: ~
        ascii_name: Bergheim
        geonamesid: 2781859
        latitude: 47.83333
        longitude: 13.03333
        name: Bergheim
        names_en: ~
        names_es: ~
        population: 5031
        timezone: Europe/Vienna
      - 
        alternate_names: 
          - "Bad Hofgastein"
          - Bad-Khofgashtajn
          - Hofgastein
          - Бад-Хофгаштайн
        ascii_name: "Bad Hofgastein"
        geonamesid: 2782053
        latitude: 47.16667
        longitude: 13.1
        name: "Bad Hofgastein"
        names_en: ~
        names_es: ~
        population: 7002
        timezone: Europe/Vienna
      - 
        alternate_names: 
          - Bad-Gasshtajn
          - Gastein
          - Бад-Гасштайн
        ascii_name: "Bad Gastein"
        geonamesid: 2782058
        latitude: 47.11547
        longitude: 13.13467
        name: "Bad Gastein"
        names_en: ~
        names_es: ~
        population: 5947
        timezone: Europe/Vienna
      - 
        alternate_names: ~
        ascii_name: Anif
        geonamesid: 2782504
        latitude: 47.75
        longitude: 13.06667
        name: Anif
        names_en: ~
        names_es: ~
        population: 4154
        timezone: Europe/Vienna
      - 
        alternate_names: 
          - Abbtenau
          - Abtenao
          - Abtenau
          - Абтенау
        ascii_name: Abtenau
        geonamesid: 2783050
        latitude: 47.56373
        longitude: 13.34599
        name: Abtenau
        names_en: ~
        names_es: ~
        population: 5828
        timezone: Europe/Vienna
    geonamesid: 2766823
    name: Salzburg
    names_en: ~
    names_es: ~
  - 
    ascii_name: "Upper Austria"
    cities: 
      - 
        alternate_names: 
          - Ovilava
          - Vel's
          - Wels
          - wls
        ascii_name: Wels
        geonamesid: 2761524
        latitude: 48.16667
        longitude: 14.03333
        name: Wels
        names_en: 
          - Wels
        names_es: 
          - Wels
        population: 57946
        timezone: Europe/Vienna
      - 
        alternate_names: ~
        ascii_name: Waldzell
        geonamesid: 2761976
        latitude: 48.13562
        longitude: 13.42701
        name: Waldzell
        names_en: ~
        names_es: ~
        population: 2095
        timezone: Europe/Vienna
      - 
        alternate_names: 
          - Vorchdorf
        ascii_name: Vorchdorf
        geonamesid: 2762290
        latitude: 48.0
        longitude: 13.91667
        name: Vorchdorf
        names_en: ~
        names_es: ~
        population: 7455
        timezone: Europe/Vienna
      - 
        alternate_names: 
          - Fjoklamarkt
          - Vocklamarkt
          - "Vocklamarkt-am Haushamerfeld"
          - Vöcklamarkt
        ascii_name: Vocklamarkt
        geonamesid: 2762341
        latitude: 48.0
        longitude: 13.48333
        name: Vöcklamarkt
        names_en: ~
        names_es: ~
        population: 4869
        timezone: Europe/Vienna
      - 
        alternate_names: 
          - Vocklabruck
          - Vöcklabruck
        ascii_name: Vocklabruck
        geonamesid: 2762343
        latitude: 48.01667
        longitude: 13.65
        name: Vöcklabruck
        names_en: ~
        names_es: ~
        population: 11887
        timezone: Europe/Vienna
      - 
        alternate_names: 
          - Ul'rikhsberg
          - Ульрихсберг
        ascii_name: Ulrichsberg
        geonamesid: 2763176
        latitude: 48.67498
        longitude: 13.91049
        name: Ulrichsberg
        names_en: ~
        names_es: ~
        population: 2997
        timezone: Europe/Vienna
      - 
        alternate_names: ~
        ascii_name: Traun
        geonamesid: 2763423
        latitude: 48.22107
        longitude: 14.23777
        name: Traun
        names_en: ~
        names_es: ~
        population: 23959
        timezone: Europe/Vienna
      - 
        alternate_names: ~
        ascii_name: Timelkam
        geonamesid: 2763595
        latitude: 48.00394
        longitude: 13.6076
        name: Timelkam
        names_en: ~
        names_es: ~
        population: 5855
        timezone: Europe/Vienna
      - 
        alternate_names: 
          - Shtajreg
          - Штайрег
        ascii_name: Steyregg
        geonamesid: 2764354
        latitude: 48.28513
        longitude: 14.36995
        name: Steyregg
        names_en: ~
        names_es: ~
        population: 4856
        timezone: Europe/Vienna
      - 
        alternate_names: 
          - Shtajr
          - Steyer
          - Steyr
          - "Steyr Stadt"
        ascii_name: Steyr
        geonamesid: 2764359
        latitude: 48.04274
        longitude: 14.42127
        name: Steyr
        names_en: 
          - Steyr
        names_es: ~
        population: 39566
        timezone: Europe/Vienna
      - 
        alternate_names: ~
        ascii_name: Sierning
        geonamesid: 2765080
        latitude: 48.04343
        longitude: 14.30935
        name: Sierning
        names_en: ~
        names_es: ~
        population: 8722
        timezone: Europe/Vienna
      - 
        alternate_names: ~
        ascii_name: Seewalchen
        geonamesid: 2765231
        latitude: 47.95
        longitude: 13.58333
        name: Seewalchen
        names_en: ~
        names_es: ~
        population: 4959
        timezone: Europe/Vienna
      - 
        alternate_names: 
          - Scharnstein
          - Sharnshtajn
          - Шарнштайн
        ascii_name: Scharnstein
        geonamesid: 2766136
        latitude: 47.9
        longitude: 13.95
        name: Scharnstein
        names_en: ~
        names_es: ~
        population: 4631
        timezone: Europe/Vienna
      - 
        alternate_names: 
          - Scharding
          - Schärding
        ascii_name: Scharding
        geonamesid: 2766155
        latitude: 48.45
        longitude: 13.43333
        name: Schärding
        names_en: ~
        names_es: ~
        population: 4919
        timezone: Europe/Vienna
      - 
        alternate_names: 
          - "Sankt Wolfgang"
          - Sankt-Vol'fgang-im-Zal'ckammergut
          - Санкт-Вольфганг-им-Зальцкаммергут
        ascii_name: "Sankt Wolfgang im Salzkammergut"
        geonamesid: 2766340
        latitude: 47.73932
        longitude: 13.44666
        name: "Sankt Wolfgang im Salzkammergut"
        names_en: ~
        names_es: ~
        population: 2794
        timezone: Europe/Vienna
      - 
        alternate_names: 
          - "Sankt Georgen"
          - "Sankt Georgen im Attergau"
          - Sankt-Georgen-im-Attergau
          - Санкт-Георген-им-Аттергау
        ascii_name: "Sankt Georgen im Attergau"
        geonamesid: 2766692
        latitude: 47.93333
        longitude: 13.48333
        name: "Sankt Georgen im Attergau"
        names_en: ~
        names_es: ~
        population: 4180
        timezone: Europe/Vienna
      - 
        alternate_names: 
          - "Sankt Florian"
          - "Sankt Florian am Inn"
          - Sankt-Florian-am-Inn
          - Санкт-Флориан-ам-Инн
        ascii_name: "Sankt Florian am Inn"
        geonamesid: 2766727
        latitude: 48.43808
        longitude: 13.44812
        name: "Sankt Florian am Inn"
        names_en: ~
        names_es: ~
        population: 3121
        timezone: Europe/Vienna
      - 
        alternate_names: ~
        ascii_name: "Sankt Florian"
        geonamesid: 2766728
        latitude: 48.16667
        longitude: 13.13333
        name: "Sankt Florian"
        names_en: ~
        names_es: ~
        population: 5760
        timezone: Europe/Vienna
      - 
        alternate_names: 
          - Reid
          - "Rid (Inkrajs)"
          - Ried
          - "Ried im Innkreis"
        ascii_name: "Ried im Innkreis"
        geonamesid: 2767471
        latitude: 48.21667
        longitude: 13.5
        name: "Ried im Innkreis"
        names_en: ~
        names_es: ~
        population: 11511
        timezone: Europe/Vienna
      - 
        alternate_names: 
          - Pfarrkirchen
        ascii_name: "Pfarrkirchen im Muehlkreis"
        geonamesid: 2768934
        latitude: 48.50392
        longitude: 13.82563
        name: "Pfarrkirchen im Mühlkreis"
        names_en: ~
        names_es: ~
        population: 1551
        timezone: Europe/Vienna
      - 
        alternate_names: 
          - Perg
        ascii_name: Perg
        geonamesid: 2769105
        latitude: 48.25
        longitude: 14.63333
        name: Perg
        names_en: ~
        names_es: ~
        population: 7644
        timezone: Europe/Vienna
      - 
        alternate_names: 
          - Pasching
        ascii_name: Pasching
        geonamesid: 2769225
        latitude: 48.25
        longitude: 14.2
        name: Pasching
        names_en: ~
        names_es: ~
        population: 6143
        timezone: Europe/Vienna
      - 
        alternate_names: 
          - Mondzee
          - Мондзее
        ascii_name: Mondsee
        geonamesid: 2771277
        latitude: 47.85648
        longitude: 13.34908
        name: Mondsee
        names_en: ~
        names_es: ~
        population: 3307
        timezone: Europe/Vienna
      - 
        alternate_names: 
          - Micheldorf
          - "Mikhel'dorf (Verkhnjaja Avstrija)"
          - "Михельдорф (Верхняя Австрия)"
        ascii_name: "Micheldorf in Oberoesterreich"
        geonamesid: 2771619
        latitude: 47.87764
        longitude: 14.13357
        name: "Micheldorf in Oberösterreich"
        names_en: ~
        names_es: ~
        population: 5902
        timezone: Europe/Vienna
      - 
        alternate_names: ~
        ascii_name: Marchtrenk
        geonamesid: 2771962
        latitude: 48.18333
        longitude: 14.11667
        name: Marchtrenk
        names_en: ~
        names_es: ~
        population: 11666
        timezone: Europe/Vienna
      - 
        alternate_names: 
          - Lentia
          - Linc
          - Linca
          - Lincas
        ascii_name: Linz
        geonamesid: 2772400
        latitude: 48.30639
        longitude: 14.28611
        name: Linz
        names_en: 
          - Linz
        names_es: 
          - Linz
        population: 181162
        timezone: Europe/Vienna
      - 
        alternate_names: 
          - Leonding
          - Леондинг
          - לאונדינג
        ascii_name: Leonding
        geonamesid: 2772635
        latitude: 48.27965
        longitude: 14.24901
        name: Leonding
        names_en: 
          - Leonding
        names_es: ~
        population: 22736
        timezone: Europe/Vienna
      - 
        alternate_names: ~
        ascii_name: Lenzing
        geonamesid: 2772653
        latitude: 47.97326
        longitude: 13.60846
        name: Lenzing
        names_en: ~
        names_es: ~
        population: 5044
        timezone: Europe/Vienna
      - 
        alternate_names: ~
        ascii_name: Laakirchen
        geonamesid: 2773215
        latitude: 47.98188
        longitude: 13.82166
        name: Laakirchen
        names_en: ~
        names_es: ~
        population: 9569
        timezone: Europe/Vienna
      - 
        alternate_names: 
          - Kremsmunster
          - Kremsmünster
        ascii_name: Kremsmunster
        geonamesid: 2773538
        latitude: 48.05
        longitude: 14.13333
        name: Kremsmünster
        names_en: ~
        names_es: ~
        population: 6626
        timezone: Europe/Vienna
      - 
        alternate_names: 
          - Hoersching
          - Khjorshing
          - Хёршинг
        ascii_name: Horsching
        geonamesid: 2775497
        latitude: 48.22627
        longitude: 14.17786
        name: Hörsching
        names_en: ~
        names_es: ~
        population: 5312
        timezone: Europe/Vienna
      - 
        alternate_names: 
          - Gmunden
          - Grunau
          - Grünau
        ascii_name: "Gruenau im Almtal"
        geonamesid: 2777459
        latitude: 47.85278
        longitude: 13.95556
        name: "Grünau im Almtal"
        names_en: ~
        names_es: ~
        population: 2135
        timezone: Europe/Vienna
      - 
        alternate_names: 
          - Grieskirchen
          - Griskirkhen
          - Грискирхен
        ascii_name: Grieskirchen
        geonamesid: 2777972
        latitude: 48.23333
        longitude: 13.83333
        name: Grieskirchen
        names_en: ~
        names_es: ~
        population: 4766
        timezone: Europe/Vienna
      - 
        alternate_names: 
          - Gmunden
          - "Gmunden an der Traun"
          - Гмунден
        ascii_name: Gmunden
        geonamesid: 2778436
        latitude: 47.91667
        longitude: 13.8
        name: Gmunden
        names_en: ~
        names_es: ~
        population: 13287
        timezone: Europe/Vienna
      - 
        alternate_names: ~
        ascii_name: Garsten
        geonamesid: 2778843
        latitude: 48.0224
        longitude: 14.40747
        name: Garsten
        names_en: ~
        names_es: ~
        population: 6657
        timezone: Europe/Vienna
      - 
        alternate_names: ~
        ascii_name: Gallneukirchen
        geonamesid: 2778966
        latitude: 48.35363
        longitude: 14.41604
        name: Gallneukirchen
        names_en: ~
        names_es: ~
        population: 6282
        timezone: Europe/Vienna
      - 
        alternate_names: 
          - Frajshtadt
          - Freistadt
          - Фрайштадт
        ascii_name: Freistadt
        geonamesid: 2779275
        latitude: 48.51103
        longitude: 14.50453
        name: Freistadt
        names_en: 
          - Freistadt
        names_es: ~
        population: 7574
        timezone: Europe/Vienna
      - 
        alternate_names: 
          - Frankenmarkt
          - Франкенмаркт
        ascii_name: Frankenmarkt
        geonamesid: 2779378
        latitude: 47.98333
        longitude: 13.41667
        name: Frankenmarkt
        names_en: ~
        names_es: ~
        population: 3581
        timezone: Europe/Vienna
      - 
        alternate_names: ~
        ascii_name: Frankenburg
        geonamesid: 2779380
        latitude: 48.06844
        longitude: 13.49065
        name: Frankenburg
        names_en: ~
        names_es: ~
        population: 5162
        timezone: Europe/Vienna
      - 
        alternate_names: 
          - Fel'dkirkhen-an-der-Donau
          - Feldkirchen
          - "Feldkirchen an der Donau"
          - Фельдкирхен-ан-дер-Донау
        ascii_name: "Feldkirchen an der Donau"
        geonamesid: 2779672
        latitude: 48.35
        longitude: 14.05
        name: "Feldkirchen an der Donau"
        names_en: ~
        names_es: ~
        population: 5286
        timezone: Europe/Vienna
      - 
        alternate_names: 
          - Enns
        ascii_name: Enns
        geonamesid: 2780048
        latitude: 48.2
        longitude: 14.46667
        name: Enns
        names_en: ~
        names_es: ~
        population: 10816
        timezone: Europe/Vienna
      - 
        alternate_names: ~
        ascii_name: Engerwitzdorf
        geonamesid: 2780057
        latitude: 48.34507
        longitude: 14.44204
        name: Engerwitzdorf
        names_en: ~
        names_es: ~
        population: 8510
        timezone: Europe/Vienna
      - 
        alternate_names: 
          - Ebensee
        ascii_name: Ebensee
        geonamesid: 2780547
        latitude: 47.8
        longitude: 13.76667
        name: Ebensee
        names_en: ~
        names_es: ~
        population: 8376
        timezone: Europe/Vienna
      - 
        alternate_names: 
          - Braunau
          - "Braunau am Inn"
          - "Braunau na In"
          - "Braunau na Innu"
        ascii_name: "Braunau am Inn"
        geonamesid: 2781520
        latitude: 48.26667
        longitude: 13.03333
        name: "Braunau am Inn"
        names_en: 
          - "Braunau am Inn"
        names_es: 
          - "Braunau am Inn"
        population: 16403
        timezone: Europe/Vienna
      - 
        alternate_names: 
          - "Bad Schallerbach"
          - Bad-Shallerbakh
          - Schallerbach
          - Бад-Шаллербах
        ascii_name: "Bad Schallerbach"
        geonamesid: 2782048
        latitude: 48.23333
        longitude: 13.91667
        name: "Bad Schallerbach"
        names_en: ~
        names_es: ~
        population: 3449
        timezone: Europe/Vienna
      - 
        alternate_names: 
          - "Bad Ischl"
          - "Bad Ishl"
          - Ischi
          - Ischl
        ascii_name: "Bad Ischl"
        geonamesid: 2782052
        latitude: 47.71667
        longitude: 13.61667
        name: "Bad Ischl"
        names_en: 
          - "Bad Ischl"
        names_es: ~
        population: 14267
        timezone: Europe/Vienna
      - 
        alternate_names: 
          - "Bad Hall"
          - Bad-Khall'
          - Бад-Халль
        ascii_name: "Bad Hall"
        geonamesid: 2782054
        latitude: 48.03333
        longitude: 14.2
        name: "Bad Hall"
        names_en: ~
        names_es: ~
        population: 4935
        timezone: Europe/Vienna
      - 
        alternate_names: 
          - Bad-Gojzern
          - Goisern
          - Бад-Гойзерн
        ascii_name: "Bad Goisern"
        geonamesid: 2782055
        latitude: 47.63333
        longitude: 13.61667
        name: "Bad Goisern"
        names_en: ~
        names_es: ~
        population: 7869
        timezone: Europe/Vienna
      - 
        alternate_names: ~
        ascii_name: Asten
        geonamesid: 2782302
        latitude: 48.21941
        longitude: 14.41784
        name: Asten
        names_en: ~
        names_es: ~
        population: 6516
        timezone: Europe/Vienna
      - 
        alternate_names: 
          - Ansfel'den
          - Ansfelden
          - Ансфельден
          - אנספלדן
        ascii_name: Ansfelden
        geonamesid: 2782480
        latitude: 48.20969
        longitude: 14.29004
        name: Ansfelden
        names_en: 
          - Ansfelden
        names_es: 
          - Ansfelden
        population: 14936
        timezone: Europe/Vienna
      - 
        alternate_names: 
          - Al'tmjunster
          - Altmuenster
          - Альтмюнстер
        ascii_name: Altmunster
        geonamesid: 2782627
        latitude: 47.90219
        longitude: 13.76415
        name: Altmünster
        names_en: ~
        names_es: ~
        population: 9651
        timezone: Europe/Vienna
      - 
        alternate_names: 
          - Atnang-Pukhkhajm
          - Attnang-Puchheim
          - Атнанг-Пуххайм
        ascii_name: Attnang-Puchheim
        geonamesid: 3233832
        latitude: 48.00833
        longitude: 13.71667
        name: Attnang-Puchheim
        names_en: ~
        names_es: ~
        population: 8908
        timezone: Europe/Vienna
      - 
        alternate_names: ~
        ascii_name: "Bad Leonfelden"
        geonamesid: 7279898
        latitude: 48.51615
        longitude: 14.29527
        name: "Bad Leonfelden"
        names_en: ~
        names_es: ~
        population: 4029
        timezone: Europe/Vienna
      - 
        alternate_names: ~
        ascii_name: Linz-Wels-Steyr
        geonamesid: 7279909
        latitude: 48.15458
        longitude: 14.18369
        name: Linz-Wels-Steyr
        names_en: ~
        names_es: ~
        population: 286000
        timezone: Europe/Vienna
    geonamesid: 2769848
    name: "Upper Austria"
    names_en: 
      - "Upper Austria"
    names_es: ~
  - 
    ascii_name: "Lower Austria"
    cities: 
      - 
        alternate_names: ~
        ascii_name: Neu-Guntramsdorf
        geonamesid: 2601384
        latitude: 48.0642
        longitude: 16.31573
        name: Neu-Guntramsdorf
        names_en: ~
        names_es: ~
        population: 9071
        timezone: Europe/Vienna
      - 
        alternate_names: 
          - "Stift Zwettl"
          - "Zwettl Stift"
        ascii_name: "Zwettl Stift"
        geonamesid: 2760415
        latitude: 48.61667
        longitude: 15.2
        name: "Zwettl Stift"
        names_en: ~
        names_es: ~
        population: 11718
        timezone: Europe/Vienna
      - 
        alternate_names: 
          - Zistersdorf
        ascii_name: Zistersdorf
        geonamesid: 2760510
        latitude: 48.53333
        longitude: 16.75
        name: Zistersdorf
        names_en: ~
        names_es: ~
        population: 5661
        timezone: Europe/Vienna
      - 
        alternate_names: 
          - Ibbs
          - Ibs-na-Dunae
          - Ybbs
          - "Ybbs an der Donau"
        ascii_name: "Ybbs an der Donau"
        geonamesid: 2760772
        latitude: 48.16667
        longitude: 15.08333
        name: "Ybbs an der Donau"
        names_en: ~
        names_es: ~
        population: 5676
        timezone: Europe/Vienna
      - 
        alternate_names: ~
        ascii_name: Wordern
        geonamesid: 2760855
        latitude: 48.334
        longitude: 16.21016
        name: Wördern
        names_en: ~
        names_es: ~
        population: 6886
        timezone: Europe/Vienna
      - 
        alternate_names: ~
        ascii_name: Wolkersdorf
        geonamesid: 2760887
        latitude: 48.38333
        longitude: 16.51667
        name: Wolkersdorf
        names_en: ~
        names_es: ~
        population: 6416
        timezone: Europe/Vienna
      - 
        alternate_names: ~
        ascii_name: Wilhelmsburg
        geonamesid: 2761186
        latitude: 48.10571
        longitude: 15.60539
        name: Wilhelmsburg
        names_en: ~
        names_es: ~
        population: 6718
        timezone: Europe/Vienna
      - 
        alternate_names: 
          - Becsujvaros
          - Bécsújváros
          - "Dunajsko Novo mesto"
          - "Viedenske Nove Mesto"
        ascii_name: "Wiener Neustadt"
        geonamesid: 2761353
        latitude: 47.8
        longitude: 16.25
        name: "Wiener Neustadt"
        names_en: 
          - "Wiener Neustadt"
        names_es: ~
        population: 38481
        timezone: Europe/Vienna
      - 
        alternate_names: ~
        ascii_name: "Wiener Neudorf"
        geonamesid: 2761354
        latitude: 48.08278
        longitude: 16.31384
        name: "Wiener Neudorf"
        names_en: ~
        names_es: ~
        population: 8530
        timezone: Europe/Vienna
      - 
        alternate_names: 
          - "Stadt Waidhofen an der Ybbs"
          - "Vajdkhofen-na- Ibbse"
          - Waidhofen
          - "Вайдхофен-на- Иббсе"
        ascii_name: "Waidhofen an der Ybbs"
        geonamesid: 2762077
        latitude: 47.96004
        longitude: 14.77361
        name: "Waidhofen an der Ybbs"
        names_en: ~
        names_es: ~
        population: 11774
        timezone: Europe/Vienna
      - 
        alternate_names: 
          - Vajdkhofen-an-der-Tajja
          - Waidhofen
          - "Waidhofen an der Thaya"
          - Вайдхофен-ан-дер-Тайя
        ascii_name: "Waidhofen an der Thaya"
        geonamesid: 2762079
        latitude: 48.81667
        longitude: 15.28333
        name: "Waidhofen an der Thaya"
        names_en: ~
        names_es: ~
        population: 5838
        timezone: Europe/Vienna
      - 
        alternate_names: ~
        ascii_name: Tulln
        geonamesid: 2763266
        latitude: 48.32829
        longitude: 16.05858
        name: Tulln
        names_en: ~
        names_es: ~
        population: 14201
        timezone: Europe/Vienna
      - 
        alternate_names: 
          - Traismauer
        ascii_name: Traismauer
        geonamesid: 2763459
        latitude: 48.35
        longitude: 15.73333
        name: Traismauer
        names_en: ~
        names_es: ~
        population: 5815
        timezone: Europe/Vienna
      - 
        alternate_names: ~
        ascii_name: Traiskirchen
        geonamesid: 2763460
        latitude: 48.01485
        longitude: 16.29324
        name: Traiskirchen
        names_en: ~
        names_es: ~
        population: 16212
        timezone: Europe/Vienna
      - 
        alternate_names: ~
        ascii_name: Ternitz
        geonamesid: 2763795
        latitude: 47.71565
        longitude: 16.03575
        name: Ternitz
        names_en: ~
        names_es: ~
        population: 15153
        timezone: Europe/Vienna
      - 
        alternate_names: 
          - Shtrasskhof-an-der-Nordban
          - Strasshof
          - "Strasshof an der Nordbahn"
          - Штрассхоф-ан-дер-Нордбан
        ascii_name: "Strasshof an der Nordbahn"
        geonamesid: 2764175
        latitude: 48.31667
        longitude: 16.66667
        name: "Strasshof an der Nordbahn"
        names_en: ~
        names_es: ~
        population: 7637
        timezone: Europe/Vienna
      - 
        alternate_names: 
          - Stockerau
        ascii_name: Stockerau
        geonamesid: 2764279
        latitude: 48.38333
        longitude: 16.21667
        name: Stockerau
        names_en: ~
        names_es: ~
        population: 14831
        timezone: Europe/Vienna
      - 
        alternate_names: ~
        ascii_name: Sieghartskirchen
        geonamesid: 2765091
        latitude: 48.25531
        longitude: 16.01223
        name: Sieghartskirchen
        names_en: ~
        names_es: ~
        population: 7062
        timezone: Europe/Vienna
      - 
        alternate_names: 
          - "Nova Schwechat"
          - Schwechat
          - Shvekhat
          - Швехат
        ascii_name: Schwechat
        geonamesid: 2765388
        latitude: 48.13333
        longitude: 16.46667
        name: Schwechat
        names_en: 
          - Schwechat
        names_es: ~
        population: 15711
        timezone: Europe/Vienna
      - 
        alternate_names: 
          - Schrems
        ascii_name: Schrems
        geonamesid: 2765602
        latitude: 48.78333
        longitude: 15.06667
        name: Schrems
        names_en: ~
        names_es: ~
        population: 5811
        timezone: Europe/Vienna
      - 
        alternate_names: ~
        ascii_name: Scheibbs
        geonamesid: 2766080
        latitude: 48.00474
        longitude: 15.16817
        name: Scheibbs
        names_en: ~
        names_es: ~
        population: 4600
        timezone: Europe/Vienna
      - 
        alternate_names: 
          - "Sankt Valentin"
        ascii_name: "Sankt Valentin"
        geonamesid: 2766365
        latitude: 48.16667
        longitude: 14.51667
        name: "Sankt Valentin"
        names_en: ~
        names_es: ~
        population: 9063
        timezone: Europe/Vienna
      - 
        alternate_names: 
          - Poelten
          - Pölten
          - "Sankt Poelten"
          - "Sankt Polten"
        ascii_name: "Sankt Polten"
        geonamesid: 2766429
        latitude: 48.2
        longitude: 15.63333
        name: "Sankt Pölten"
        names_en: 
          - "Sankt Pölten"
          - "St. Poelten"
        names_es: 
          - "Sankt Pölten"
        population: 49001
        timezone: Europe/Vienna
      - 
        alternate_names: 
          - Retc
          - Retz
          - Rotz
          - Rötz
        ascii_name: Retz
        geonamesid: 2767521
        latitude: 48.75
        longitude: 15.95
        name: Retz
        names_en: ~
        names_es: ~
        population: 4139
        timezone: Europe/Vienna
      - 
        alternate_names: 
          - "Reichenau an der Rax"
        ascii_name: "Reichenau an der Rax"
        geonamesid: 2767777
        latitude: 47.69509
        longitude: 15.84572
        name: "Reichenau an der Rax"
        names_en: ~
        names_es: ~
        population: 2673
        timezone: Europe/Vienna
      - 
        alternate_names: ~
        ascii_name: Purkersdorf
        geonamesid: 2768232
        latitude: 48.20769
        longitude: 16.17539
        name: Purkersdorf
        names_en: ~
        names_es: ~
        population: 8327
        timezone: Europe/Vienna
      - 
        alternate_names: ~
        ascii_name: Purgstall
        geonamesid: 2768236
        latitude: 48.05841
        longitude: 15.13478
        name: Purgstall
        names_en: ~
        names_es: ~
        population: 5247
        timezone: Europe/Vienna
      - 
        alternate_names: 
          - Pressbaum
        ascii_name: Pressbaum
        geonamesid: 2768348
        latitude: 48.18333
        longitude: 16.08333
        name: Pressbaum
        names_en: ~
        names_es: ~
        population: 6083
        timezone: Europe/Vienna
      - 
        alternate_names: 
          - Poysdorf
        ascii_name: Poysdorf
        geonamesid: 2768450
        latitude: 48.66667
        longitude: 16.63333
        name: Poysdorf
        names_en: ~
        names_es: ~
        population: 5653
        timezone: Europe/Vienna
      - 
        alternate_names: 
          - Pottendorf
        ascii_name: Pottendorf
        geonamesid: 2768472
        latitude: 47.9
        longitude: 16.38333
        name: Pottendorf
        names_en: ~
        names_es: ~
        population: 6105
        timezone: Europe/Vienna
      - 
        alternate_names: ~
        ascii_name: Perchtoldsdorf
        geonamesid: 2769110
        latitude: 48.11935
        longitude: 16.26607
        name: Perchtoldsdorf
        names_en: ~
        names_es: ~
        population: 14041
        timezone: Europe/Vienna
      - 
        alternate_names: ~
        ascii_name: Neunkirchen
        geonamesid: 2770711
        latitude: 47.72096
        longitude: 16.08107
        name: Neunkirchen
        names_en: ~
        names_es: ~
        population: 11313
        timezone: Europe/Vienna
      - 
        alternate_names: 
          - Mjodling
          - Moedling
          - Mödling
          - mdlyng
        ascii_name: Modling
        geonamesid: 2771335
        latitude: 48.08605
        longitude: 16.28921
        name: Mödling
        names_en: 
          - Mödling
        names_es: ~
        population: 20710
        timezone: Europe/Vienna
      - 
        alternate_names: 
          - Mistel'-Bakh
          - Mistelbach
          - "Mistelbach an der Zaya"
          - Мистель-Бах
        ascii_name: Mistelbach
        geonamesid: 2771557
        latitude: 48.57
        longitude: 16.57667
        name: Mistelbach
        names_en: ~
        names_es: ~
        population: 10820
        timezone: Europe/Vienna
      - 
        alternate_names: 
          - Mel'k
          - Melk
          - Мельк
        ascii_name: Melk
        geonamesid: 2771682
        latitude: 48.22737
        longitude: 15.33186
        name: Melk
        names_en: 
          - Melk
        names_es: ~
        population: 5272
        timezone: Europe/Vienna
      - 
        alternate_names: 
          - "Maria Enzersdorf"
        ascii_name: "Maria Enzersdorf"
        geonamesid: 2771940
        latitude: 48.1
        longitude: 16.28333
        name: "Maria Enzersdorf"
        names_en: ~
        names_es: ~
        population: 8085
        timezone: Europe/Vienna
      - 
        alternate_names: 
          - Loosdorf
          - Losdorf
          - Лосдорф
        ascii_name: Loosdorf
        geonamesid: 2772264
        latitude: 48.2
        longitude: 15.4
        name: Loosdorf
        names_en: ~
        names_es: ~
        population: 3519
        timezone: Europe/Vienna
      - 
        alternate_names: 
          - Langenzersdorf
        ascii_name: Langenzersdorf
        geonamesid: 2772998
        latitude: 48.3
        longitude: 16.35
        name: Langenzersdorf
        names_en: ~
        names_es: ~
        population: 7733
        timezone: Europe/Vienna
      - 
        alternate_names: 
          - Langenlois
        ascii_name: Langenlois
        geonamesid: 2773010
        latitude: 48.46667
        longitude: 15.66667
        name: Langenlois
        names_en: ~
        names_es: ~
        population: 7081
        timezone: Europe/Vienna
      - 
        alternate_names: 
          - Laa
          - "Laa an der Thaya"
          - Laa-an-der-Tajja
          - Лаа-ан-дер-Тайя
        ascii_name: "Laa an der Thaya"
        geonamesid: 2773229
        latitude: 48.71667
        longitude: 16.38333
        name: "Laa an der Thaya"
        names_en: ~
        names_es: ~
        population: 6084
        timezone: Europe/Vienna
      - 
        alternate_names: 
          - Krems
          - "Krems an der Donau"
          - Krems-na-Dunae
          - qrms
        ascii_name: "Krems an der Donau"
        geonamesid: 2773549
        latitude: 48.40921
        longitude: 15.61415
        name: "Krems an der Donau"
        names_en: 
          - Krems
        names_es: ~
        population: 23932
        timezone: Europe/Vienna
      - 
        alternate_names: ~
        ascii_name: Kottingbrunn
        geonamesid: 2773653
        latitude: 47.95096
        longitude: 16.22715
        name: Kottingbrunn
        names_en: ~
        names_es: ~
        population: 7184
        timezone: Europe/Vienna
      - 
        alternate_names: 
          - Korneuburg
        ascii_name: Korneuburg
        geonamesid: 2773698
        latitude: 48.35
        longitude: 16.33333
        name: Korneuburg
        names_en: ~
        names_es: ~
        population: 11498
        timezone: Europe/Vienna
      - 
        alternate_names: 
          - Klosterneuberg
          - Klosterneuburg
          - Klosternojburg
          - Клостернойбург
        ascii_name: Klosterneuburg
        geonamesid: 2773913
        latitude: 48.30521
        longitude: 16.32522
        name: Klosterneuburg
        names_en: ~
        names_es: ~
        population: 24843
        timezone: Europe/Vienna
      - 
        alternate_names: ~
        ascii_name: Horn
        geonamesid: 2775516
        latitude: 48.66274
        longitude: 15.65663
        name: Horn
        names_en: ~
        names_es: ~
        population: 6485
        timezone: Europe/Vienna
      - 
        alternate_names: 
          - Hollabrunn
          - Khollabrun
          - Oberhollabrunn
          - Холлабрун
        ascii_name: Hollabrunn
        geonamesid: 2775636
        latitude: 48.55
        longitude: 16.08333
        name: Hollabrunn
        names_en: ~
        names_es: ~
        population: 10966
        timezone: Europe/Vienna
      - 
        alternate_names: 
          - Khinterbrjul'
          - Хинтербрюль
        ascii_name: Hinterbruehl
        geonamesid: 2776358
        latitude: 48.08611
        longitude: 16.24809
        name: Hinterbrühl
        names_en: ~
        names_es: ~
        population: 4068
        timezone: Europe/Vienna
      - 
        alternate_names: ~
        ascii_name: Himberg
        geonamesid: 2776401
        latitude: 48.08333
        longitude: 16.43333
        name: Himberg
        names_en: ~
        names_es: ~
        population: 5534
        timezone: Europe/Vienna
      - 
        alternate_names: ~
        ascii_name: Herzogenburg
        geonamesid: 2776470
        latitude: 48.28137
        longitude: 15.69431
        name: Herzogenburg
        names_en: ~
        names_es: ~
        population: 7866
        timezone: Europe/Vienna
      - 
        alternate_names: 
          - Khajligenkrojc
          - Хайлигенкройц
        ascii_name: Heiligenkreuz
        geonamesid: 2776586
        latitude: 48.05559
        longitude: 16.12493
        name: Heiligenkreuz
        names_en: ~
        names_es: ~
        population: 1508
        timezone: Europe/Vienna
      - 
        alternate_names: 
          - Heidenreichstein
        ascii_name: Heidenreichstein
        geonamesid: 2776603
        latitude: 48.86667
        longitude: 15.11667
        name: Heidenreichstein
        names_en: ~
        names_es: ~
        population: 4472
        timezone: Europe/Vienna
      - 
        alternate_names: 
          - Hainburg
        ascii_name: "Hainburg an der Donau"
        geonamesid: 2776988
        latitude: 48.14627
        longitude: 16.94504
        name: "Hainburg an der Donau"
        names_en: ~
        names_es: ~
        population: 5622
        timezone: Europe/Vienna
      - 
        alternate_names: ~
        ascii_name: Haag
        geonamesid: 2777162
        latitude: 48.15
        longitude: 15.5
        name: Haag
        names_en: ~
        names_es: ~
        population: 5164
        timezone: Europe/Vienna
      - 
        alternate_names: ~
        ascii_name: Gutenstein
        geonamesid: 2777196
        latitude: 47.876
        longitude: 15.88881
        name: Gutenstein
        names_en: ~
        names_es: ~
        population: 1368
        timezone: Europe/Vienna
      - 
        alternate_names: ~
        ascii_name: Gross-Gerungs
        geonamesid: 2777701
        latitude: 48.57422
        longitude: 14.95789
        name: Groß-Gerungs
        names_en: ~
        names_es: ~
        population: 4820
        timezone: Europe/Vienna
      - 
        alternate_names: 
          - Genzersdorf
          - Grosehncersdorf
          - Gross-Enzersdorf
          - Groß-Enzersdorf
        ascii_name: Gross-Enzersdorf
        geonamesid: 2777836
        latitude: 48.20278
        longitude: 16.55083
        name: Groß-Enzersdorf
        names_en: ~
        names_es: ~
        population: 8791
        timezone: Europe/Vienna
      - 
        alternate_names: 
          - Cmunt
          - Gmjund
          - Гмюнд
        ascii_name: Gmund
        geonamesid: 2778439
        latitude: 48.7683
        longitude: 14.9808
        name: Gmünd
        names_en: ~
        names_es: ~
        population: 5811
        timezone: Europe/Vienna
      - 
        alternate_names: ~
        ascii_name: Gloggnitz
        geonamesid: 2778455
        latitude: 47.67487
        longitude: 15.93893
        name: Gloggnitz
        names_en: ~
        names_es: ~
        population: 6213
        timezone: Europe/Vienna
      - 
        alternate_names: ~
        ascii_name: "Gerasdorf bei Wien"
        geonamesid: 2778690
        latitude: 48.29447
        longitude: 16.46765
        name: "Gerasdorf bei Wien"
        names_en: ~
        names_es: ~
        population: 8948
        timezone: Europe/Vienna
      - 
        alternate_names: 
          - Genzerndorf
          - Unterganserndorf
          - Untergänserndorf
          - Гензерндорф
        ascii_name: Ganserndorf
        geonamesid: 2778877
        latitude: 48.33925
        longitude: 16.72016
        name: Gänserndorf
        names_en: ~
        names_es: ~
        population: 8588
        timezone: Europe/Vienna
      - 
        alternate_names: ~
        ascii_name: "Fischamend Dorf"
        geonamesid: 2779549
        latitude: 48.11884
        longitude: 16.61287
        name: "Fischamend Dorf"
        names_en: ~
        names_es: ~
        population: 4471
        timezone: Europe/Vienna
      - 
        alternate_names: ~
        ascii_name: Ebreichsdorf
        geonamesid: 2780501
        latitude: 47.95
        longitude: 16.4
        name: Ebreichsdorf
        names_en: ~
        names_es: ~
        population: 9509
        timezone: Europe/Vienna
      - 
        alternate_names: 
          - Deutsch-Wagram
        ascii_name: Deutsch-Wagram
        geonamesid: 2781017
        latitude: 48.29972
        longitude: 16.56667
        name: Deutsch-Wagram
        names_en: ~
        names_es: ~
        population: 7153
        timezone: Europe/Vienna
      - 
        alternate_names: 
          - Bruck
          - "Bruck an der Leitha"
          - Bruk-an-der-Lajta
          - Брук-ан-дер-Лайта
        ascii_name: "Bruck an der Leitha"
        geonamesid: 2781373
        latitude: 48.01667
        longitude: 16.76667
        name: "Bruck an der Leitha"
        names_en: ~
        names_es: ~
        population: 7339
        timezone: Europe/Vienna
      - 
        alternate_names: ~
        ascii_name: Berndorf
        geonamesid: 2781837
        latitude: 47.94567
        longitude: 16.10973
        name: Berndorf
        names_en: ~
        names_es: ~
        population: 8796
        timezone: Europe/Vienna
      - 
        alternate_names: 
          - Bad-Vjoslau
          - Voslau
          - Vöslau
          - Бад-Вёслау
        ascii_name: "Bad Voslau"
        geonamesid: 2782043
        latitude: 47.96533
        longitude: 16.21359
        name: "Bad Vöslau"
        names_en: ~
        names_es: ~
        population: 11013
        timezone: Europe/Vienna
      - 
        alternate_names: 
          - Baden
          - "Baden bei Wien"
          - Баден
          - באדן
        ascii_name: Baden
        geonamesid: 2782067
        latitude: 48.00543
        longitude: 16.23264
        name: Baden
        names_en: 
          - "Baden bei Wien"
        names_es: ~
        population: 24893
        timezone: Europe/Vienna
      - 
        alternate_names: ~
        ascii_name: Amstetten
        geonamesid: 2782555
        latitude: 48.1229
        longitude: 14.87206
        name: Amstetten
        names_en: ~
        names_es: ~
        population: 22832
        timezone: Europe/Vienna
    geonamesid: 2770542
    name: "Lower Austria"
    names_en: 
      - "Lower Austria"
    names_es: 
      - "Baja Austria"
  - 
    ascii_name: Carinthia
    cities: 
      - 
        alternate_names: 
          - Wolfsberg
        ascii_name: Wolfsberg
        geonamesid: 2760910
        latitude: 46.84056
        longitude: 14.84417
        name: Wolfsberg
        names_en: ~
        names_es: ~
        population: 25610
        timezone: Europe/Vienna
      - 
        alternate_names: ~
        ascii_name: Wernberg
        geonamesid: 2761475
        latitude: 46.61667
        longitude: 13.93333
        name: Wernberg
        names_en: ~
        names_es: ~
        population: 5070
        timezone: Europe/Vienna
      - 
        alternate_names: 
          - Fjol'kermarkt
          - Voelkermarkt
          - Фёлькермаркт
        ascii_name: Voelkermarkt
        geonamesid: 2762315
        latitude: 46.66222
        longitude: 14.63444
        name: Völkermarkt
        names_en: ~
        names_es: ~
        population: 11373
        timezone: Europe/Vienna
      - 
        alternate_names: 
          - Beljak
          - Fillakh
          - Villach
          - Villaco
        ascii_name: Villach
        geonamesid: 2762372
        latitude: 46.61028
        longitude: 13.85583
        name: Villach
        names_en: 
          - Villach
        names_es: 
          - Villach
        population: 58882
        timezone: Europe/Vienna
      - 
        alternate_names: 
          - Vel'den
          - Velden
          - "Velden am Woerthersee"
          - "Velden am Wörthersee"
        ascii_name: "Velden am Worthersee"
        geonamesid: 2762453
        latitude: 46.61301
        longitude: 14.0413
        name: "Velden am Wörthersee"
        names_en: ~
        names_es: ~
        population: 8817
        timezone: Europe/Vienna
      - 
        alternate_names: 
          - Shpittal'
          - Spital
          - Spittal
          - "Spittal an der Drau"
        ascii_name: "Spittal an der Drau"
        geonamesid: 2764786
        latitude: 46.8
        longitude: 13.5
        name: "Spittal an der Drau"
        names_en: 
          - "Spittal an der Drau"
        names_es: ~
        population: 16363
        timezone: Europe/Vienna
      - 
        alternate_names: 
          - Seeboden
        ascii_name: Seeboden
        geonamesid: 2765286
        latitude: 46.82194
        longitude: 13.495
        name: Seeboden
        names_en: ~
        names_es: ~
        population: 6221
        timezone: Europe/Vienna
      - 
        alternate_names: 
          - "Sankt Veit"
          - "Sankt Veit an der Glan"
          - Sankt-Vajt-an-der-Glan
          - Санкт-Вайт-ан-дер-Глан
        ascii_name: "Sankt Veit an der Glan"
        geonamesid: 2766359
        latitude: 46.76806
        longitude: 14.36028
        name: "Sankt Veit an der Glan"
        names_en: ~
        names_es: ~
        population: 13116
        timezone: Europe/Vienna
      - 
        alternate_names: 
          - "Sankt Jakob"
          - "Sankt Jakob im Rosental"
          - "Sankt Jakob im Rosenthal"
          - "Sveti Jakob"
        ascii_name: "Sankt Jakob"
        geonamesid: 2766675
        latitude: 46.54778
        longitude: 14.05722
        name: "Sankt Jakob"
        names_en: ~
        names_es: ~
        population: 4481
        timezone: Europe/Vienna
      - 
        alternate_names: 
          - "Sankt Andra"
          - "Sankt Andra Lavanttal"
          - "Sankt Andrae Im Lavanttal"
          - "Sankt Andrä"
        ascii_name: "Sankt Andra"
        geonamesid: 2766772
        latitude: 46.76611
        longitude: 14.82361
        name: "Sankt Andrä"
        names_en: ~
        names_es: ~
        population: 10825
        timezone: Europe/Vienna
      - 
        alternate_names: 
          - Paternion
        ascii_name: Paternion
        geonamesid: 2769212
        latitude: 46.71417
        longitude: 13.63611
        name: Paternion
        names_en: ~
        names_es: ~
        population: 6301
        timezone: Europe/Vienna
      - 
        alternate_names: 
          - Moosburg
          - "Moosburg in Karnten"
          - "Moosburg in Kärnten"
          - Mosburg
        ascii_name: Moosburg
        geonamesid: 2771244
        latitude: 46.6575
        longitude: 14.17472
        name: Moosburg
        names_en: ~
        names_es: ~
        population: 4602
        timezone: Europe/Vienna
      - 
        alternate_names: 
          - "Bad Klajnkirkhgajm"
          - "Bad Kleinkirchheim"
          - Kleinkirchheim
          - "Бад Клайнкирхгайм"
        ascii_name: Kleinkirchheim
        geonamesid: 2774097
        latitude: 46.82278
        longitude: 13.79222
        name: Kleinkirchheim
        names_en: ~
        names_es: ~
        population: 1809
        timezone: Europe/Vienna
      - 
        alternate_names: 
          - Celovec
          - Clagenfurtum
          - Klagenfurt
          - Klagenfurte
        ascii_name: "Klagenfurt am Woerthersee"
        geonamesid: 2774326
        latitude: 46.62472
        longitude: 14.30528
        name: "Klagenfurt am Wörthersee"
        names_en: 
          - Klagenfurt
        names_es: 
          - Klagenfurt
        population: 90610
        timezone: Europe/Vienna
      - 
        alternate_names: ~
        ascii_name: Hermagor
        geonamesid: 2776497
        latitude: 46.62722
        longitude: 13.36722
        name: Hermagor
        names_en: ~
        names_es: ~
        population: 7242
        timezone: Europe/Vienna
      - 
        alternate_names: 
          - Gmjund
          - Гмюнд
        ascii_name: Gmuend
        geonamesid: 2778441
        latitude: 46.90722
        longitude: 13.52944
        name: Gmünd
        names_en: ~
        names_es: ~
        population: 2629
        timezone: Europe/Vienna
      - 
        alternate_names: 
          - Friesach
        ascii_name: Friesach
        geonamesid: 2779229
        latitude: 46.95528
        longitude: 14.40583
        name: Friesach
        names_en: ~
        names_es: ~
        population: 5369
        timezone: Europe/Vienna
      - 
        alternate_names: 
          - Ferlach
        ascii_name: Ferlach
        geonamesid: 2779640
        latitude: 46.52694
        longitude: 14.30194
        name: Ferlach
        names_en: ~
        names_es: ~
        population: 7661
        timezone: Europe/Vienna
      - 
        alternate_names: 
          - "Fel'dkirkhen (Karintija)"
          - Feldkirchen
          - "Feldkirchen in Karnten"
          - "Feldkirchen in Kärnten"
        ascii_name: "Feldkirchen in Karnten"
        geonamesid: 2779669
        latitude: 46.71667
        longitude: 14.1
        name: "Feldkirchen in Kärnten"
        names_en: ~
        names_es: ~
        population: 14440
        timezone: Europe/Vienna
      - 
        alternate_names: 
          - Eberndorf
        ascii_name: Eberndorf
        geonamesid: 2780531
        latitude: 46.59139
        longitude: 14.64361
        name: Eberndorf
        names_en: ~
        names_es: ~
        population: 6088
        timezone: Europe/Vienna
      - 
        alternate_names: 
          - Ebenthal
        ascii_name: Ebenthal
        geonamesid: 2780544
        latitude: 46.60806
        longitude: 14.36417
        name: Ebenthal
        names_en: ~
        names_es: ~
        population: 7809
        timezone: Europe/Vienna
      - 
        alternate_names: 
          - "Bad Sankt Leonhard"
          - "Bad Sankt Leonhard im Lavanttal"
          - "Bad Sankt Leonhard im Lavanttale"
          - Bad-Sankt-Leonard-im-Lavanttal'
        ascii_name: "Bad Sankt Leonhard im Lavanttal"
        geonamesid: 2782049
        latitude: 46.96278
        longitude: 14.79167
        name: "Bad Sankt Leonhard im Lavanttal"
        names_en: ~
        names_es: ~
        population: 4775
        timezone: Europe/Vienna
      - 
        alternate_names: 
          - Arnoldstein
        ascii_name: Arnoldstein
        geonamesid: 2782408
        latitude: 46.54611
        longitude: 13.71
        name: Arnoldstein
        names_en: ~
        names_es: ~
        population: 6923
        timezone: Europe/Vienna
      - 
        alternate_names: 
          - Finkenshtajn-am-Faker-Zee
          - Финкенштайн-ам-Факер-Зее
        ascii_name: "Finkenstein am Faaker See"
        geonamesid: 3218464
        latitude: 46.56556
        longitude: 13.86528
        name: "Finkenstein am Faaker See"
        names_en: ~
        names_es: ~
        population: 8406
        timezone: Europe/Vienna
    geonamesid: 2774686
    name: Carinthia
    names_en: 
      - Carinthia
    names_es: 
      - Carintia
  - 
    ascii_name: Burgenland
    cities: 
      - 
        alternate_names: 
          - Rust
          - Ruszt
          - "Stadt Rust"
          - Руст
        ascii_name: Rust
        geonamesid: 2766939
        latitude: 47.80122
        longitude: 16.67158
        name: Rust
        names_en: 
          - Rust
        names_es: ~
        population: 1726
        timezone: Europe/Vienna
      - 
        alternate_names: 
          - Pinkafel'd
          - Pinkafeld
          - Pinkafo
          - Пинкафельд
        ascii_name: Pinkafeld
        geonamesid: 2768811
        latitude: 47.36667
        longitude: 16.11667
        name: Pinkafeld
        names_en: ~
        names_es: ~
        population: 5257
        timezone: Europe/Vienna
      - 
        alternate_names: 
          - Pandrof
          - Parndorf
          - Парндорф
        ascii_name: Parndorf
        geonamesid: 2769242
        latitude: 47.99963
        longitude: 16.86049
        name: Parndorf
        names_en: ~
        names_es: ~
        population: 4050
        timezone: Europe/Vienna
      - 
        alternate_names: 
          - Felsoor
          - Obervart
          - Oberwart
          - Оберварт
        ascii_name: Oberwart
        geonamesid: 2769623
        latitude: 47.28333
        longitude: 16.2
        name: Oberwart
        names_en: ~
        names_es: ~
        population: 6879
        timezone: Europe/Vienna
      - 
        alternate_names: 
          - Neusiedl
          - "Neusiedl am See"
          - Nezsider
          - Nojzidl'-am-Zee
        ascii_name: "Neusiedl am See"
        geonamesid: 2770684
        latitude: 47.94901
        longitude: 16.8417
        name: "Neusiedl am See"
        names_en: ~
        names_es: ~
        population: 5949
        timezone: Europe/Vienna
      - 
        alternate_names: ~
        ascii_name: Neudorfl
        geonamesid: 2770803
        latitude: 47.78333
        longitude: 16.28333
        name: Neudörfl
        names_en: ~
        names_es: ~
        population: 4183
        timezone: Europe/Vienna
      - 
        alternate_names: 
          - Mattersburg
          - Mattersdorf
          - Nagymarton
          - Маттерсбург
        ascii_name: Mattersburg
        geonamesid: 2771817
        latitude: 47.73333
        longitude: 16.4
        name: Mattersburg
        names_en: ~
        names_es: ~
        population: 6448
        timezone: Europe/Vienna
      - 
        alternate_names: 
          - Enersdorf
          - Gyanafalva
          - Jennersdorf
          - Енерсдорф
        ascii_name: Jennersdorf
        geonamesid: 2775089
        latitude: 46.93848
        longitude: 16.14158
        name: Jennersdorf
        names_en: ~
        names_es: ~
        population: 4319
        timezone: Europe/Vienna
      - 
        alternate_names: 
          - Grosspetersdorf
          - Nagyszentmihaly
          - Nagyszentmihály
        ascii_name: Grosspetersdorf
        geonamesid: 2777627
        latitude: 47.23333
        longitude: 16.31667
        name: Grosspetersdorf
        names_en: ~
        names_es: ~
        population: 3525
        timezone: Europe/Vienna
      - 
        alternate_names: 
          - Ajzenshtadt
          - Eisenstadt
          - Kismarton
          - "Stadt Eisenstadt"
        ascii_name: Eisenstadt
        geonamesid: 2780190
        latitude: 47.85
        longitude: 16.51667
        name: Eisenstadt
        names_en: 
          - Eisenstadt
        names_es: 
          - Eisenstadt
        population: 12190
        timezone: Europe/Vienna
      - 
        alternate_names: 
          - "Bad Tatzmannsdorf"
          - Bad-Tacmansdorf
          - Tarcsafuerdo
          - Tarcsafürdo
        ascii_name: "Bad Tatzmannsdorf"
        geonamesid: 2782045
        latitude: 47.33333
        longitude: 16.21667
        name: "Bad Tatzmannsdorf"
        names_en: ~
        names_es: ~
        population: 1329
        timezone: Europe/Vienna
    geonamesid: 2781194
    name: Burgenland
    names_en: 
      - Burgenland
    names_es: 
      - Burgenland
