--- 
geonamesid: 587116
iso: AZ
name: Azerbaijan
names_en: 
  - Azerbaijan
  - "Republic of Azerbaijan"
names_es: 
  - Azerbaiyán
regions: 
  - 
    ascii_name: "Zhdanovskiy Rayon"
    cities: 
      - 
        alternate_names: 
          - Orconikidze
          - Ordzhonikidze
        ascii_name: Orconikidze
        geonamesid: 147364
        latitude: 39.63222
        longitude: 47.68667
        name: Orconikidze
        names_en: ~
        names_es: ~
        population: 1557
        timezone: Asia/Baku
    geonamesid: 146879
    name: Beyləqan
    names_en: ~
    names_es: ~
  - 
    ascii_name: "Zangelanskiy Rayon"
    cities: 
      - 
        alternate_names: 
          - Icari
          - Ikari
          - Zangelan
          - Zangilak
        ascii_name: Zangilan
        geonamesid: 146901
        latitude: 39.08222
        longitude: 46.655
        name: Zangilan
        names_en: ~
        names_es: ~
        population: 7483
        timezone: Asia/Baku
      - 
        alternate_names: 
          - Mincivan
          - Mindshewan
          - Mindzhevan'
          - Mindzhevan’
        ascii_name: Mincivan
        geonamesid: 147504
        latitude: 39.03
        longitude: 46.71861
        name: Mincivan
        names_en: ~
        names_es: ~
        population: 6353
        timezone: Asia/Baku
    geonamesid: 146900
    name: Zǝngilan
    names_en: ~
    names_es: ~
  - 
    ascii_name: "Yardimli Rayonu"
    cities: 
      - 
        alternate_names: 
          - Iardymly
          - Jardymly
          - Yardimli
          - Yardymly
        ascii_name: Yardimli
        geonamesid: 146961
        latitude: 38.92056
        longitude: 48.23722
        name: Yardımlı
        names_en: ~
        names_es: ~
        population: 4004
        timezone: Asia/Baku
    geonamesid: 146962
    name: Yardımlı
    names_en: ~
    names_es: ~
  - 
    ascii_name: "Susa Rayonu"
    cities: []
    geonamesid: 147163
    name: Şuşa
    names_en: ~
    names_es: ~
  - 
    ascii_name: "Salyan Rayonu"
    cities: 
      - 
        alternate_names: 
          - Sal'jan
          - Sal'yany
          - Salian
          - Salyan
        ascii_name: Salyan
        geonamesid: 147271
        latitude: 39.595
        longitude: 48.97917
        name: Salyan
        names_en: ~
        names_es: ~
        population: 36555
        timezone: Asia/Baku
      - 
        alternate_names: 
          - Karachala
          - Karachalinskaya
          - Qaracala
          - Qaraçala
        ascii_name: Qaracala
        geonamesid: 147307
        latitude: 39.80778
        longitude: 48.93389
        name: Qaraçala
        names_en: ~
        names_es: ~
        population: 4211
        timezone: Asia/Baku
    geonamesid: 147269
    name: Salyan
    names_en: ~
    names_es: ~
  - 
    ascii_name: "Sabirabad Rayonu"
    cities: 
      - 
        alternate_names: 
          - Petropavlovka
          - Petropavlovskoye
          - SABIRABAD
          - Sabirabad
        ascii_name: Sabirabad
        geonamesid: 585187
        latitude: 40.01278
        longitude: 48.47889
        name: Sabirabad
        names_en: 
          - Sabirabad
        names_es: ~
        population: 28075
        timezone: Asia/Baku
    geonamesid: 147284
    name: Sabirabad
    names_en: ~
    names_es: ~
  - 
    ascii_name: "Saatli Rayonu"
    cities: 
      - 
        alternate_names: ~
        ascii_name: Tel'mankend
        geonamesid: 147059
        latitude: 39.89056
        longitude: 48.38583
        name: Tel’mankend
        names_en: ~
        names_es: ~
        population: 17242
        timezone: Asia/Baku
    geonamesid: 147287
    name: Saatlı
    names_en: ~
    names_es: ~
  - 
    ascii_name: "Pushkinskiy Rayon"
    cities: 
      - 
        alternate_names: 
          - Bilasuvar
          - Biləsuvar
          - Pushkin
          - Pushkino
        ascii_name: Pushkino
        geonamesid: 148340
        latitude: 39.45833
        longitude: 48.545
        name: Pushkino
        names_en: ~
        names_es: ~
        population: 18182
        timezone: Asia/Baku
    geonamesid: 147310
    name: Bilǝsuvar
    names_en: ~
    names_es: ~
  - 
    ascii_name: "Neftcala Rayonu"
    cities: 
      - 
        alternate_names: 
          - Neftcala
          - Neftechala
          - Neftçala
          - "Nephte Chala"
        ascii_name: Neftcala
        geonamesid: 147425
        latitude: 39.35861
        longitude: 49.24694
        name: Neftçala
        names_en: ~
        names_es: ~
        population: 18661
        timezone: Asia/Baku
      - 
        alternate_names: 
          - Khilly
          - Xilli
          - Xıllı
          - Yukhary-Khylly
        ascii_name: Xilli
        geonamesid: 147784
        latitude: 39.42667
        longitude: 49.10639
        name: Xıllı
        names_en: ~
        names_es: ~
        population: 3896
        timezone: Asia/Baku
      - 
        alternate_names: 
          - Bank
          - Banka
          - Bankov
          - Bankə
        ascii_name: "Severo-Vostotchnyi Bank"
        geonamesid: 148375
        latitude: 39.42
        longitude: 49.2475
        name: "Severo-Vostotchnyi Bank"
        names_en: ~
        names_es: ~
        population: 7075
        timezone: Asia/Baku
      - 
        alternate_names: 
          - Hasanabad
          - Həsənabad
          - Sovetabad
        ascii_name: Sovetabad
        geonamesid: 393443
        latitude: 39.32139
        longitude: 49.20917
        name: Sovetabad
        names_en: ~
        names_es: ~
        population: 4308
        timezone: Asia/Baku
    geonamesid: 147422
    name: Neftçala
    names_en: ~
    names_es: ~
  - 
    ascii_name: Nakhichevan
    cities: 
      - 
        alternate_names: 
          - Chay-Shakhbuz
          - Sahbuz
          - Shahbuz
          - Shakhbuz
        ascii_name: Sahbuz
        geonamesid: 147278
        latitude: 39.40722
        longitude: 45.57389
        name: Şahbuz
        names_en: ~
        names_es: ~
        population: 2674
        timezone: Asia/Baku
      - 
        alternate_names: 
          - Sadarak
          - Sedarak
          - Sədərək
        ascii_name: Sedarak
        geonamesid: 147282
        latitude: 39.7175
        longitude: 44.87639
        name: Sedarak
        names_en: ~
        names_es: ~
        population: 1853
        timezone: Asia/Baku
      - 
        alternate_names: 
          - Ordoubat
          - Ordubad
          - Ordubat
          - Ордубад
        ascii_name: Ordubad
        geonamesid: 147368
        latitude: 38.90806
        longitude: 46.02778
        name: Ordubad
        names_en: ~
        names_es: ~
        population: 9781
        timezone: Asia/Baku
      - 
        alternate_names: 
          - Nachitschewan
          - Nakhchyvan
          - Nakhicevan
          - Nakhichevan'
        ascii_name: Naxcivan
        geonamesid: 147429
        latitude: 39.20889
        longitude: 45.41222
        name: Naxçıvan
        names_en: ~
        names_es: ~
        population: 64754
        timezone: Asia/Baku
      - 
        alternate_names: 
          - Culfa
          - Dzhul'fa
          - Dzhul’fa
          - Jolfa
        ascii_name: Julfa
        geonamesid: 148251
        latitude: 38.9558
        longitude: 45.6308
        name: Julfa
        names_en: ~
        names_es: ~
        population: 10820
        timezone: Asia/Baku
    geonamesid: 147435
    name: Nakhichevan
    names_en: 
      - Nakhichevan
    names_es: 
      - "República autónoma de Najicheván"
  - 
    ascii_name: "Masalli Rayonu"
    cities: 
      - 
        alternate_names: 
          - Masali
          - Masalli
          - Masally
          - Masallı
        ascii_name: Masalli
        geonamesid: 147552
        latitude: 39.03417
        longitude: 48.66556
        name: Masallı
        names_en: ~
        names_es: ~
        population: 9604
        timezone: Asia/Baku
      - 
        alternate_names: 
          - Baradigyakh
          - Boradigah
          - Boradigyakh
          - Boradygia
        ascii_name: Boradigah
        geonamesid: 148323
        latitude: 38.92778
        longitude: 48.70861
        name: Boradigah
        names_en: ~
        names_es: ~
        population: 5904
        timezone: Asia/Baku
    geonamesid: 147551
    name: Masallı
    names_en: ~
    names_es: ~
  - 
    ascii_name: "Lerik Rayonu"
    cities: 
      - 
        alternate_names: ~
        ascii_name: Lerik
        geonamesid: 147611
        latitude: 38.77528
        longitude: 48.41528
        name: Lerik
        names_en: ~
        names_es: ~
        population: 7094
        timezone: Asia/Baku
    geonamesid: 147610
    name: Lerik
    names_en: ~
    names_es: ~
  - 
    ascii_name: "Lenkoranskiy Rayon"
    cities: 
      - 
        alternate_names: 
          - Gaftoni
          - Haftoni
          - Гафтони
        ascii_name: Haftoni
        geonamesid: 148088
        latitude: 38.76417
        longitude: 48.76528
        name: Haftoni
        names_en: ~
        names_es: ~
        population: 2003
        timezone: Asia/Baku
    geonamesid: 147613
    name: Lənkəran
    names_en: ~
    names_es: ~
  - 
    ascii_name: "Lacin Rayonu"
    cities: 
      - 
        alternate_names: 
          - Abdallyar
          - Abdalyar
          - Berdzor
          - Datschin
        ascii_name: Lacin
        geonamesid: 147625
        latitude: 39.59881
        longitude: 46.55045
        name: Laçın
        names_en: ~
        names_es: ~
        population: 2190
        timezone: Asia/Baku
    geonamesid: 147626
    name: Laçın
    names_en: ~
    names_es: ~
  - 
    ascii_name: "Qubadli Rayonu"
    cities: 
      - 
        alternate_names: 
          - Ghubat'ly
          - Ghubat’ly
          - Koubatly
          - Kubatlu
        ascii_name: Qubadli
        geonamesid: 147305
        latitude: 39.34389
        longitude: 46.57972
        name: Qubadlı
        names_en: ~
        names_es: ~
        population: 6890
        timezone: Asia/Baku
    geonamesid: 147694
    name: Qubadlı
    names_en: ~
    names_es: ~
  - 
    ascii_name: "Imisli Rayonu"
    cities: 
      - 
        alternate_names: 
          - Emishti
          - Imishli
          - Imishly
          - Imisli
        ascii_name: Imisli
        geonamesid: 147982
        latitude: 39.86972
        longitude: 48.06
        name: İmişli
        names_en: ~
        names_es: ~
        population: 31381
        timezone: Asia/Baku
    geonamesid: 147983
    name: İmişli
    names_en: ~
    names_es: ~
  - 
    ascii_name: "Fuzuli Rayonu"
    cities: 
      - 
        alternate_names: 
          - Geradiz
          - Goradiz
          - Gorodiz
          - Horadiz
        ascii_name: Horadiz
        geonamesid: 148003
        latitude: 39.44778
        longitude: 47.33639
        name: Horadiz
        names_en: ~
        names_es: ~
        population: 2714
        timezone: Asia/Baku
    geonamesid: 148107
    name: Füzuli
    names_en: ~
    names_es: ~
  - 
    ascii_name: "Cabrayil Rayonu"
    cities: 
      - 
        alternate_names: 
          - Cabrayil
          - Cəbrayıl
          - Djebrail
          - Dzhebrail
        ascii_name: Jebrail
        geonamesid: 148141
        latitude: 39.4
        longitude: 47.02611
        name: Jebrail
        names_en: ~
        names_es: ~
        population: 8396
        timezone: Asia/Baku
    geonamesid: 148140
    name: Cǝbrayıl
    names_en: ~
    names_es: ~
  - 
    ascii_name: "Dzhalilabadskiy Rayon"
    cities: 
      - 
        alternate_names: 
          - Geytepe
          - Goytapa
          - Göytəpə
          - Prishib
        ascii_name: Prishibinskoye
        geonamesid: 146862
        latitude: 39.11667
        longitude: 48.59528
        name: Prishibinskoye
        names_en: ~
        names_es: ~
        population: 13340
        timezone: Asia/Baku
      - 
        alternate_names: 
          - Astrahanka
          - Astrakhan-Bazar
          - Astrakhanka
          - Calilabad
        ascii_name: Dzhalilabad
        geonamesid: 148290
        latitude: 39.20889
        longitude: 48.49722
        name: Dzhalilabad
        names_en: ~
        names_es: ~
        population: 36259
        timezone: Asia/Baku
    geonamesid: 148155
    name: Cəlilabad
    names_en: ~
    names_es: ~
  - 
    ascii_name: "Astara Rayonu"
    cities: 
      - 
        alternate_names: 
          - Kijaba
          - Kijoba
          - Kijäba
          - Kizhaba
        ascii_name: Kijoba
        geonamesid: 147727
        latitude: 38.53278
        longitude: 48.81667
        name: Kijoba
        names_en: ~
        names_es: ~
        population: 4567
        timezone: Asia/Baku
      - 
        alternate_names: 
          - Astara
          - "Azerbaydzhanskaya Astara"
          - Астара
        ascii_name: Astara
        geonamesid: 148445
        latitude: 38.45611
        longitude: 48.87861
        name: Astara
        names_en: ~
        names_es: ~
        population: 15190
        timezone: Asia/Baku
    geonamesid: 148442
    name: Astara
    names_en: ~
    names_es: ~
  - 
    ascii_name: "Xocali Rayonu"
    cities: 
      - 
        alternate_names: 
          - Ay-Khodzhaly
          - Khodgalou
          - Khodzhalv
          - Khodzhaly
        ascii_name: Xocali
        geonamesid: 147774
        latitude: 39.91111
        longitude: 46.78917
        name: Xocalı
        names_en: ~
        names_es: ~
        population: 5810
        timezone: Asia/Baku
      - 
        alternate_names: 
          - Asgaran
          - Askeran
          - Askyaran
          - Əsgəran
        ascii_name: Askyaran
        geonamesid: 148450
        latitude: 39.93667
        longitude: 46.83278
        name: Askyaran
        names_en: ~
        names_es: ~
        population: 1639
        timezone: Asia/Baku
    geonamesid: 148449
    name: Xocalı
    names_en: ~
    names_es: ~
  - 
    ascii_name: "Agdzhabedinskiy Rayon"
    cities: 
      - 
        alternate_names: 
          - AGDZHABEDI
          - Agcabadi
          - Agdzhabedi
          - Agdzhabedy
        ascii_name: Agdzhabedy
        geonamesid: 587384
        latitude: 40.05278
        longitude: 47.46139
        name: Agdzhabedy
        names_en: 
          - Ağcabǝdi
        names_es: ~
        population: 34989
        timezone: Asia/Baku
    geonamesid: 148615
    name: Ağcabǝdi
    names_en: ~
    names_es: ~
  - 
    ascii_name: "Agdam Rayonu"
    cities: 
      - 
        alternate_names: 
          - Agdam
          - Aghdam
          - Ağdam
          - Агдам
        ascii_name: Agdam
        geonamesid: 148619
        latitude: 39.99306
        longitude: 46.93056
        name: Ağdam
        names_en: ~
        names_es: ~
        population: 39451
        timezone: Asia/Baku
      - 
        alternate_names: ~
        ascii_name: Agdam
        geonamesid: 587381
        latitude: 40.90528
        longitude: 45.55639
        name: Ağdam
        names_en: ~
        names_es: ~
        population: 0
        timezone: Asia/Baku
    geonamesid: 148617
    name: Ağdam
    names_en: ~
    names_es: ~
  - 
    ascii_name: "Ali Bajramly"
    cities: 
      - 
        alternate_names: 
          - "Ali Bairamly"
          - "Ali Bayramli"
          - Ali-Bairamli
          - Ali-Bajramly
        ascii_name: Zubovka
        geonamesid: 148565
        latitude: 39.93194
        longitude: 48.92028
        name: Zubovka
        names_en: ~
        names_es: ~
        population: 70220
        timezone: Asia/Baku
    geonamesid: 409417
    name: "Əli Bayramli"
    names_en: ~
    names_es: ~
  - 
    ascii_name: "Lankaran Sahari"
    cities: 
      - 
        alternate_names: 
          - Lankaran
          - Lencoran
          - Lenkoran'
          - Länkäran
        ascii_name: ~
        geonamesid: 147622
        latitude: 38.72262
        longitude: 48.81466
        name: Lǝnkǝran
        names_en: ~
        names_es: ~
        population: 50244
        timezone: Asia/Baku
    geonamesid: 409418
    name: "Lənkəran Şəhəri"
    names_en: ~
    names_es: ~
  - 
    ascii_name: "Susa Sahari"
    cities: 
      - 
        alternate_names: 
          - Shoushi
          - Shusha
          - Shushe
          - Shushi
        ascii_name: Shushi
        geonamesid: 147105
        latitude: 39.75639
        longitude: 46.75111
        name: Shushi
        names_en: 
          - Shusha
        names_es: ~
        population: 18662
        timezone: Asia/Baku
    geonamesid: 409419
    name: "Şuşa Şəhəri"
    names_en: ~
    names_es: ~
  - 
    ascii_name: "Tartar Rayonu"
    cities: 
      - 
        alternate_names: 
          - "Mir Bashir"
          - Mirbashir
          - Mirbäshir
          - TERTER
        ascii_name: Terter
        geonamesid: 584871
        latitude: 40.345
        longitude: 46.92889
        name: Terter
        names_en: 
          - Tǝrtǝr
        names_es: ~
        population: 18185
        timezone: Asia/Baku
      - 
        alternate_names: 
          - Agdara
          - Ağdǝrǝ
          - Ağdərə
          - MARDAKERT
        ascii_name: Martakert
        geonamesid: 587379
        latitude: 40.21528
        longitude: 46.81278
        name: Martakert
        names_en: 
          - Ağdǝrǝ
        names_es: ~
        population: 10167
        timezone: Asia/Baku
    geonamesid: 409420
    name: Tǝrtǝr
    names_en: ~
    names_es: ~
  - 
    ascii_name: "Xankandi Sahari"
    cities: 
      - 
        alternate_names: 
          - Chankaendi
          - Chankändi
          - Hankendi
          - Khankendy
        ascii_name: ~
        geonamesid: 146970
        latitude: 39.8299
        longitude: 46.7597
        name: Xankǝndi
        names_en: 
          - Stepanakert
        names_es: 
          - Stepanakert
        population: 53100
        timezone: Asia/Baku
    geonamesid: 409421
    name: Xankǝndi
    names_en: ~
    names_es: ~
  - 
    ascii_name: "Xocavand Rayonu"
    cities: 
      - 
        alternate_names: 
          - Martouni
          - Martuni
          - "Novyy Karanlug"
          - Xocavand
        ascii_name: "Novyy Karanlug"
        geonamesid: 146969
        latitude: 39.79528
        longitude: 47.11306
        name: "Novyy Karanlug"
        names_en: ~
        names_es: ~
        population: 5079
        timezone: Asia/Baku
      - 
        alternate_names: 
          - "Karmir Shouka"
          - "Karmir Shuka"
          - "Krasnyy Bazar"
          - "Qirmizi Bazar"
        ascii_name: "Qirmizi Bazar"
        geonamesid: 147695
        latitude: 39.67583
        longitude: 46.94861
        name: "Qırmızı Bazar"
        names_en: ~
        names_es: ~
        population: 1211
        timezone: Asia/Baku
      - 
        alternate_names: 
          - Gadrut
          - Hadrout
          - Hadrut
          - Гадрут
        ascii_name: Hadrut
        geonamesid: 148105
        latitude: 39.51667
        longitude: 47.03
        name: Hadrut
        names_en: ~
        names_es: ~
        population: 2523
        timezone: Asia/Baku
    geonamesid: 409423
    name: Xocavǝnd
    names_en: ~
    names_es: ~
  - 
    ascii_name: "Zardobskiy Rayon"
    cities: 
      - 
        alternate_names: 
          - ZARDOB
          - Zardab
          - Zardob
          - Zǝrdab
        ascii_name: Zardob
        geonamesid: 584586
        latitude: 40.21833
        longitude: 47.70833
        name: Zardob
        names_en: 
          - Zǝrdab
        names_es: ~
        population: 10612
        timezone: Asia/Baku
    geonamesid: 584583
    name: Zərdab
    names_en: ~
    names_es: ~
  - 
    ascii_name: "Zaqatala Rayonu"
    cities: 
      - 
        alternate_names: 
          - Sakataly
          - ZAKATALY
          - Zakatali
          - Zakatalsk
        ascii_name: Zaqatala
        geonamesid: 584596
        latitude: 41.63361
        longitude: 46.64333
        name: Zaqatala
        names_en: 
          - Zaqatala
        names_es: ~
        population: 18277
        timezone: Asia/Baku
      - 
        alternate_names: 
          - Aliabad
          - Əliabad
          - Алиабад
        ascii_name: Aliabad
        geonamesid: 587319
        latitude: 41.48224
        longitude: 46.63528
        name: Əliabad
        names_en: 
          - Əliabad
        names_es: ~
        population: 9103
        timezone: Asia/Baku
    geonamesid: 584604
    name: Zaqatala
    names_en: ~
    names_es: ~
  - 
    ascii_name: "Yevlax Rayonu"
    cities: 
      - 
        alternate_names: 
          - ARAI
          - Aran
          - АРАИ
        ascii_name: Aran
        geonamesid: 824050
        latitude: 40.62528
        longitude: 46.97556
        name: Aran
        names_en: 
          - Aran
        names_es: ~
        population: 6724
        timezone: Asia/Baku
    geonamesid: 584650
    name: Yevlax
    names_en: ~
    names_es: ~
  - 
    ascii_name: "Oguz Rayonu"
    cities: 
      - 
        alternate_names: 
          - Bartashen
          - OGUZ
          - Oguz
          - Oğuz
        ascii_name: Oguz
        geonamesid: 585333
        latitude: 41.07083
        longitude: 47.45833
        name: Oğuz
        names_en: 
          - Oğuz
        names_es: ~
        population: 6600
        timezone: Asia/Baku
    geonamesid: 584742
    name: Oğuz
    names_en: ~
    names_es: ~
  - 
    ascii_name: "Ucar Rayonu"
    cities: 
      - 
        alternate_names: 
          - UDZHARY
          - Ucar
          - Udshary
          - Udzhar
        ascii_name: Ucar
        geonamesid: 584791
        latitude: 40.51833
        longitude: 47.65417
        name: Ucar
        names_en: 
          - Ucar
        names_es: ~
        population: 15741
        timezone: Asia/Baku
    geonamesid: 584783
    name: Ucar
    names_en: ~
    names_es: ~
  - 
    ascii_name: "Tovuz Rayonu"
    cities: 
      - 
        alternate_names: 
          - Tauz
          - Tavus
          - Tovuz
          - Тауз
        ascii_name: Tovuz
        geonamesid: 584821
        latitude: 40.99222
        longitude: 45.62889
        name: Tovuz
        names_en: 
          - Tovuz
        names_es: ~
        population: 12626
        timezone: Asia/Baku
    geonamesid: 584861
    name: Tovuz
    names_en: ~
    names_es: ~
  - 
    ascii_name: "Samaxi Rayonu"
    cities: 
      - 
        alternate_names: 
          - SHEMAKHA
          - Samaxi
          - Schemacha
          - Shamakhy
        ascii_name: Samaxi
        geonamesid: 585156
        latitude: 40.63028
        longitude: 48.64139
        name: Şamaxı
        names_en: 
          - Şamaxı
        names_es: ~
        population: 29403
        timezone: Asia/Baku
    geonamesid: 585030
    name: Şamaxı
    names_en: ~
    names_es: ~
  - 
    ascii_name: "Shekinskiy Rayon"
    cities: 
      - 
        alternate_names: 
          - "Bas Goeynuek"
          - "Bas Goynuk"
          - "Bas Koynuk"
          - "Bash Gejnjuk"
        ascii_name: "Bas Goynuk"
        geonamesid: 587045
        latitude: 41.32278
        longitude: 47.11333
        name: "Baş Göynük"
        names_en: 
          - "Baş Göynük"
        names_es: ~
        population: 1658
        timezone: Asia/Baku
    geonamesid: 585031
    name: Şǝki
    names_en: ~
    names_es: ~
  - 
    ascii_name: "Shamkhorskiy Rayon"
    cities: 
      - 
        alternate_names: 
          - Anino
          - Annenfel'd
          - Annenfel’d
          - Annino
        ascii_name: Shamkhor
        geonamesid: 585152
        latitude: 40.82972
        longitude: 46.01889
        name: Shamkhor
        names_en: 
          - Şǝmkir
        names_es: ~
        population: 35421
        timezone: Asia/Baku
      - 
        alternate_names: 
          - DZEGAM
          - Dzagam
          - Dzegam
          - Dzegan
        ascii_name: "Star Agozam"
        geonamesid: 586692
        latitude: 40.9033
        longitude: 45.88564
        name: "Star Agozam"
        names_en: 
          - Zǝyǝm
        names_es: ~
        population: 7442
        timezone: Asia/Baku
      - 
        alternate_names: 
          - DALLJAR
          - Dalilar
          - Dallyar
          - Dolyar
        ascii_name: Dolyar
        geonamesid: 586792
        latitude: 40.86278
        longitude: 46.03493
        name: Dolyar
        names_en: 
          - Dǝlilǝr
        names_es: ~
        population: 4399
        timezone: Asia/Baku
    geonamesid: 585059
    name: Şǝmkir
    names_en: ~
    names_es: ~
  - 
    ascii_name: "Kyurdamirskiy Rayon"
    cities: []
    geonamesid: 585686
    name: Kürdǝmir
    names_en: ~
    names_es: ~
  - 
    ascii_name: "Qutqashen Rayonu"
    cities: 
      - 
        alternate_names: 
          - Kutkashen
          - Kutkashin
          - Qabala
          - Qutqashen
        ascii_name: Qutqashen
        geonamesid: 585231
        latitude: 40.98139
        longitude: 47.84583
        name: Qutqashen
        names_en: ~
        names_es: ~
        population: 11867
        timezone: Asia/Baku
    geonamesid: 585738
    name: Qǝbǝlǝ
    names_en: ~
    names_es: ~
  - 
    ascii_name: "Qusar Rayonu"
    cities: 
      - 
        alternate_names: 
          - Samur
          - Самур
        ascii_name: Samur
        geonamesid: 585150
        latitude: 41.63111
        longitude: 48.42667
        name: Samur
        names_en: 
          - Samur
        names_es: ~
        population: 1760
        timezone: Asia/Baku
      - 
        alternate_names: 
          - KUSARY
          - Kusary
          - Qusar
          - КУСАРЫ
        ascii_name: Qusar
        geonamesid: 585220
        latitude: 41.42639
        longitude: 48.43556
        name: Qusar
        names_en: 
          - Qusar
        names_es: ~
        population: 16022
        timezone: Asia/Baku
    geonamesid: 585749
    name: Qusar
    names_en: ~
    names_es: ~
  - 
    ascii_name: "Quba Rayonu"
    cities: 
      - 
        alternate_names: 
          - KUBA
          - Kuba
          - Kuwa
          - Quba
        ascii_name: Quba
        geonamesid: 585221
        latitude: 41.35972
        longitude: 48.5125
        name: Quba
        names_en: 
          - Quba
        names_es: ~
        population: 22405
        timezone: Asia/Baku
    geonamesid: 585786
    name: Quba
    names_en: ~
    names_es: ~
  - 
    ascii_name: "Xanlar Rayonu"
    cities: 
      - 
        alternate_names: 
          - Elenendorf
          - Gjojgjol'
          - Khanlar
          - Kol-Yelendorf
        ascii_name: Xanlar
        geonamesid: 584716
        latitude: 40.58694
        longitude: 46.31583
        name: Xanlar
        names_en: 
          - Khanlar
          - Xanlar
        names_es: ~
        population: 17816
        timezone: Asia/Baku
    geonamesid: 585967
    name: Xanlar
    names_en: ~
    names_es: ~
  - 
    ascii_name: "Xacmaz Rayonu"
    cities: 
      - 
        alternate_names: 
          - KHUDAT
          - Khudaf
          - Khudat
          - Xudat
        ascii_name: Xudat
        geonamesid: 584715
        latitude: 41.62806
        longitude: 48.68278
        name: Xudat
        names_en: 
          - Xudat
        names_es: ~
        population: 13625
        timezone: Asia/Baku
      - 
        alternate_names: 
          - Chatschmas
          - KHACHMAS
          - "Kegna Khachmas"
          - Kekhna-Khachmaz
        ascii_name: Xacmaz
        geonamesid: 584717
        latitude: 41.47083
        longitude: 48.80972
        name: Xaçmaz
        names_en: 
          - Xaçmaz
        names_es: ~
        population: 37175
        timezone: Asia/Baku
    geonamesid: 586001
    name: Xaçmaz
    names_en: ~
    names_es: ~
  - 
    ascii_name: "Kalbacar Rayonu"
    cities: 
      - 
        alternate_names: 
          - KEL'BADZHAR
          - Kalbacar
          - Kalbajar
          - Kel'badzhar
        ascii_name: Kerbakhiar
        geonamesid: 586268
        latitude: 40.10667
        longitude: 46.03833
        name: Kerbakhiar
        names_en: 
          - Kǝlbǝcǝr
        names_es: ~
        population: 8400
        timezone: Asia/Baku
    geonamesid: 586047
    name: Kǝlbǝcǝr
    names_en: ~
    names_es: ~
  - 
    ascii_name: "Qazax Rayonu"
    cities: 
      - 
        alternate_names: 
          - Agkeynak
          - Agkëynak
          - KAZAKH
          - Kasach
        ascii_name: Qazax
        geonamesid: 585226
        latitude: 41.09333
        longitude: 45.36611
        name: Qazax
        names_en: 
          - Qazax
        names_es: ~
        population: 18903
        timezone: Asia/Baku
    geonamesid: 586087
    name: Qazax
    names_en: ~
    names_es: ~
  - 
    ascii_name: "Goranboy Rayonu"
    cities: 
      - 
        alternate_names: 
          - Kyzylgadzhily
          - Kyzylgadzhyly
          - Qizilhacili
          - Qızılhacılı
        ascii_name: Qizilhacili
        geonamesid: 585666
        latitude: 40.57456
        longitude: 46.84098
        name: Qızılhacılı
        names_en: 
          - Qızılhacılı
        names_es: ~
        population: 6330
        timezone: Asia/Baku
      - 
        alternate_names: 
          - GERANBOJ
          - Geran'boy
          - Geran’boy
          - Goranboy
        ascii_name: Goranboy
        geonamesid: 586430
        latitude: 40.61028
        longitude: 46.78972
        name: Goranboy
        names_en: 
          - Goranboy
        names_es: ~
        population: 7333
        timezone: Asia/Baku
    geonamesid: 586112
    name: Goranboy
    names_en: ~
    names_es: ~
  - 
    ascii_name: "Qax Rayonu"
    cities: 
      - 
        alternate_names: 
          - KAKHI
          - Kakhi
          - Qakh
          - Qax
        ascii_name: Qax
        geonamesid: 585227
        latitude: 41.4225
        longitude: 46.92417
        name: Qax
        names_en: 
          - Qax
        names_es: ~
        population: 11992
        timezone: Asia/Baku
      - 
        alternate_names: 
          - Chinarly
          - Cinarli
          - Lenin
          - Çinarlı
        ascii_name: Cinarli
        geonamesid: 586845
        latitude: 41.4723
        longitude: 46.9156
        name: Çinarlı
        names_en: ~
        names_es: ~
        population: 6508
        timezone: Asia/Baku
    geonamesid: 586290
    name: Qǝx
    names_en: ~
    names_es: ~
  - 
    ascii_name: "Ismayilli Rayonu"
    cities: 
      - 
        alternate_names: 
          - ISMAILLY
          - Ismailly
          - Ismaily
          - Ismanlli
        ascii_name: Ismayilli
        geonamesid: 586318
        latitude: 40.79
        longitude: 48.15194
        name: İsmayıllı
        names_en: 
          - İsmayıllı
        names_es: ~
        population: 13610
        timezone: Asia/Baku
      - 
        alternate_names: 
          - Azizbekovo
          - Baskal
          - Baskhal
          - Basqal
        ascii_name: Basqal
        geonamesid: 587033
        latitude: 40.75556
        longitude: 48.39639
        name: Basqal
        names_en: 
          - Basqal
        names_es: ~
        population: 1234
        timezone: Asia/Baku
    geonamesid: 586320
    name: İsmayıllı
    names_en: ~
    names_es: ~
  - 
    ascii_name: "Goycay Rayonu"
    cities: 
      - 
        alternate_names: 
          - GEOKCHAJ
          - Gekchai
          - Geokchai
          - Geokchay
        ascii_name: Geoktschai
        geonamesid: 586427
        latitude: 40.65306
        longitude: 47.74056
        name: Geoktschai
        names_en: 
          - Göyçay
        names_es: ~
        population: 35348
        timezone: Asia/Baku
    geonamesid: 586482
    name: Göyçay
    names_en: ~
    names_es: ~
  - 
    ascii_name: "Divichinskiy Rayon"
    cities: []
    geonamesid: 586725
    name: Dǝvǝçi
    names_en: ~
    names_es: ~
  - 
    ascii_name: "Dastafyurskiy Rayon"
    cities: 
      - 
        alternate_names: 
          - VERKH.DASHKESAN
          - "Verkhniy Dashkesan"
          - "Yuxari Daskasan"
          - "Yuxarı Daşkǝsǝn"
        ascii_name: "Verkhniy Dashkesan"
        geonamesid: 584724
        latitude: 40.49228
        longitude: 46.07137
        name: "Verkhniy Dashkesan"
        names_en: 
          - "Yuxarı Daşkǝsǝn"
        names_es: ~
        population: 1837
        timezone: Asia/Baku
      - 
        alternate_names: 
          - DASHKESAN
          - Dashkasan
          - Dashkesan
          - Dashkezan
        ascii_name: Yukhary-Dashkesan
        geonamesid: 586765
        latitude: 40.49472
        longitude: 46.07722
        name: Yukhary-Dashkesan
        names_en: 
          - Daşkǝsǝn
        names_es: ~
        population: 9900
        timezone: Asia/Baku
    geonamesid: 586771
    name: Daşkǝsǝn
    names_en: ~
    names_es: ~
  - 
    ascii_name: "Belokanskiy Rayon"
    cities: 
      - 
        alternate_names: 
          - BELOKANY
          - Balakan
          - Balakon
          - Balakǝn
        ascii_name: Belokany
        geonamesid: 587070
        latitude: 41.72583
        longitude: 46.40833
        name: Belokany
        names_en: 
          - Balakǝn
        names_es: ~
        population: 9182
        timezone: Asia/Baku
      - 
        alternate_names: ~
        ascii_name: Qabaqcol
        geonamesid: 823981
        latitude: 41.72
        longitude: 46.26472
        name: Qabaqçöl
        names_en: ~
        names_es: ~
        population: 1293
        timezone: Asia/Baku
    geonamesid: 587010
    name: Balakǝn
    names_en: ~
    names_es: ~
  - 
    ascii_name: "Bardinskiy Rayon"
    cities: 
      - 
        alternate_names: 
          - BARDA
          - Barda
          - Bärdä
          - Bǝrdǝ
        ascii_name: Barda
        geonamesid: 587057
        latitude: 40.37444
        longitude: 47.12667
        name: Barda
        names_en: 
          - Bǝrdǝ
        names_es: ~
        population: 37372
        timezone: Asia/Baku
    geonamesid: 587056
    name: Bǝrdǝ
    names_en: ~
    names_es: ~
  - 
    ascii_name: Baku
    cities: 
      - 
        alternate_names: 
          - ZIRJA
          - Zira
          - Zirya
          - Zirǝ
        ascii_name: Zyrya
        geonamesid: 584562
        latitude: 40.36361
        longitude: 50.29028
        name: Zyrya
        names_en: 
          - Zirǝ
        names_es: ~
        population: 10099
        timezone: Asia/Baku
      - 
        alternate_names: 
          - Sabrat
          - ZABRAT
          - Zabrat
          - ЗАБРАТ
        ascii_name: Zabrat
        geonamesid: 584614
        latitude: 40.48722
        longitude: 49.9525
        name: Zabrat
        names_en: 
          - Zabrat
        names_es: ~
        population: 21396
        timezone: Asia/Baku
      - 
        alternate_names: 
          - TJURKJAN
          - Tuerkan
          - Turkan
          - Turkyany
        ascii_name: Turkan
        geonamesid: 584792
        latitude: 40.36389
        longitude: 50.215
        name: Türkan
        names_en: 
          - Türkan
        names_es: ~
        population: 9699
        timezone: Asia/Baku
      - 
        alternate_names: 
          - GARACHUKHUR
          - Garachukhur
          - "Imeni Kaganovicha"
          - Kaganovich
        ascii_name: Qaracuxur
        geonamesid: 585103
        latitude: 40.39667
        longitude: 49.97361
        name: Qaraçuxur
        names_en: 
          - Qaraçuxur
        names_es: ~
        population: 72989
        timezone: Asia/Baku
      - 
        alternate_names: 
          - SABUNCHI
          - Sabunchi
          - Sabunchy
          - Sabuncu
        ascii_name: Sabuncu
        geonamesid: 585184
        latitude: 40.4425
        longitude: 49.94806
        name: Sabunçu
        names_en: 
          - Sabunçu
        names_es: ~
        population: 20996
        timezone: Asia/Baku
      - 
        alternate_names: 
          - Duvannaya
          - Duvanny
          - Duvannyy
          - Duyannaya
        ascii_name: Qobustan
        geonamesid: 585223
        latitude: 40.08417
        longitude: 49.41583
        name: Qobustan
        names_en: 
          - Qobustan
        names_es: ~
        population: 13398
        timezone: Asia/Baku
      - 
        alternate_names: 
          - PUTA
          - Puta
          - "Staraya Puta"
          - ПУТА
        ascii_name: Puta
        geonamesid: 585236
        latitude: 40.29667
        longitude: 49.66028
        name: Puta
        names_en: 
          - Puta
        names_es: ~
        population: 1018
        timezone: Asia/Baku
      - 
        alternate_names: 
          - Nardaran
        ascii_name: Nardaran
        geonamesid: 585388
        latitude: 40.55611
        longitude: 50.00556
        name: Nardaran
        names_en: ~
        names_es: ~
        population: 7700
        timezone: Asia/Baku
      - 
        alternate_names: 
          - MASHTAGA
          - Mashtaga
          - Mashtaghy
          - Mashtagi
        ascii_name: Mastaga
        geonamesid: 585557
        latitude: 40.53278
        longitude: 50.00389
        name: Maştağa
        names_en: 
          - Maştağa
        names_es: ~
        population: 40092
        timezone: Asia/Baku
      - 
        alternate_names: 
          - MARDAKJAN
          - Mardakan
          - Mardakjan
          - Mardakyan
        ascii_name: Mardakyany
        geonamesid: 585568
        latitude: 40.49222
        longitude: 50.13889
        name: Mardakyany
        names_en: 
          - Mǝrdǝkan
        names_es: ~
        population: 15267
        timezone: Asia/Baku
      - 
        alternate_names: 
          - LOKBATAN
          - Loekbatan
          - Lokbatan
          - Lökbatan
        ascii_name: Lokbatan
        geonamesid: 585630
        latitude: 40.32722
        longitude: 49.73
        name: Lökbatan
        names_en: 
          - Lökbatan
        names_es: ~
        population: 30694
        timezone: Asia/Baku
      - 
        alternate_names: 
          - Gadzhi-Gasan
          - Khodzhagasan
          - Khodzhasan
          - Khodzhi-Gasan
        ascii_name: Khodzhi-Gasan
        geonamesid: 585940
        latitude: 40.41222
        longitude: 49.77167
        name: Khodzhi-Gasan
        names_en: ~
        names_es: ~
        population: 5089
        timezone: Asia/Baku
      - 
        alternate_names: 
          - KERGEZ
          - Kar'yery
          - Kar’yery
          - Kergez
        ascii_name: Korgoz
        geonamesid: 586031
        latitude: 40.30306
        longitude: 49.62
        name: Korgöz
        names_en: 
          - Korgöz
        names_es: ~
        population: 2036
        timezone: Asia/Baku
      - 
        alternate_names: 
          - KALA
          - Kala
          - Kala-Machtagi
          - Qala
        ascii_name: Qala
        geonamesid: 586289
        latitude: 40.44028
        longitude: 50.17611
        name: Qala
        names_en: 
          - Qala
        names_es: ~
        population: 2709
        timezone: Asia/Baku
      - 
        alternate_names: 
          - GOVSAN
          - Gousan
          - Gousany
          - Goussan
        ascii_name: Hovsan
        geonamesid: 586429
        latitude: 40.37444
        longitude: 50.08528
        name: Hövsan
        names_en: 
          - Hövsan
        names_es: ~
        population: 36293
        timezone: Asia/Baku
      - 
        alternate_names: 
          - BUZOVNA
          - Busovny
          - Busowny
          - Buzouvna
        ascii_name: Buzovna
        geonamesid: 586925
        latitude: 40.51611
        longitude: 50.11639
        name: Buzovna
        names_en: 
          - Buzovna
        names_es: ~
        population: 24795
        timezone: Asia/Baku
      - 
        alternate_names: 
          - BINAGADI
          - Binagadi
          - Binagady
          - Binaghad
        ascii_name: Bonogady
        geonamesid: 586967
        latitude: 40.47583
        longitude: 49.82222
        name: Bonogady
        names_en: 
          - Binǝqǝdi
        names_es: ~
        population: 14012
        timezone: Asia/Baku
      - 
        alternate_names: 
          - BINA
          - Bina
          - "Bina Staraya"
          - "Biny Selo"
        ascii_name: "Biny Selo"
        geonamesid: 586968
        latitude: 40.45389
        longitude: 50.07639
        name: "Biny Selo"
        names_en: 
          - Binǝ
        names_es: ~
        population: 24596
        timezone: Asia/Baku
      - 
        alternate_names: 
          - BIL'GJAKH
          - Bil'gya
          - Bil'gyakh
          - Bil'gykh
        ascii_name: Bilajer
        geonamesid: 586971
        latitude: 40.56806
        longitude: 50.03778
        name: Bilajer
        names_en: 
          - Bilgǝh
        names_es: ~
        population: 8983
        timezone: Asia/Baku
      - 
        alternate_names: 
          - BALAKHANY
          - Balaban
          - Balachany
          - Baladzary
        ascii_name: Balaxani
        geonamesid: 587071
        latitude: 40.46167
        longitude: 49.92
        name: Balaxanı
        names_en: 
          - Balaxanı
        names_es: ~
        population: 10863
        timezone: Asia/Baku
      - 
        alternate_names: 
          - Baku-Baladshary
          - Baladjary
          - Baladzhary
          - Bilacari
        ascii_name: Baladzhary
        geonamesid: 587078
        latitude: 40.43139
        longitude: 49.80806
        name: Baladzhary
        names_en: ~
        names_es: ~
        population: 42194
        timezone: Asia/Baku
      - 
        alternate_names: 
          - Bacu
          - Baki
          - Bako
          - Bakoe
        ascii_name: Baku
        geonamesid: 587084
        latitude: 40.37767
        longitude: 49.89201
        name: Baku
        names_en: 
          - Baku
        names_es: 
          - Bakú
        population: 1116513
        timezone: Asia/Baku
      - 
        alternate_names: 
          - Artem-Ostrov
          - Artyom
          - Artëm-Ostrov
          - "Imeni \"Dvadtsati Shesti\""
        ascii_name: Artyom
        geonamesid: 587207
        latitude: 40.47083
        longitude: 50.32167
        name: Artyom
        names_en: 
          - Artyom
        names_es: ~
        population: 13435
        timezone: Asia/Baku
      - 
        alternate_names: 
          - Amirabdzhan
          - Amiradzhan
          - Amiradzhany
          - Amircan
        ascii_name: Amirdzhan
        geonamesid: 587261
        latitude: 40.42639
        longitude: 49.98361
        name: Amirdzhan
        names_en: 
          - Amiradzhan
        names_es: ~
        population: 26798
        timezone: Asia/Baku
      - 
        alternate_names: 
          - RAMANA
          - Ramana
          - РАМАНА
        ascii_name: Ramana
        geonamesid: 863732
        latitude: 40.44222
        longitude: 49.98056
        name: Ramana
        names_en: 
          - Ramana
        names_es: ~
        population: 8855
        timezone: Asia/Baku
    geonamesid: 587081
    name: Baki
    names_en: ~
    names_es: ~
  - 
    ascii_name: "Abseron Rayonu"
    cities: 
      - 
        alternate_names: 
          - SARAJ
          - Sarai
          - Saray
          - САРАЙ
        ascii_name: Saray
        geonamesid: 585145
        latitude: 40.53222
        longitude: 49.71639
        name: Saray
        names_en: 
          - Saray
        names_es: ~
        population: 10173
        timezone: Asia/Baku
      - 
        alternate_names: 
          - KOBU
          - Kobi
          - Kobu
          - Qobu
        ascii_name: Qobu
        geonamesid: 585838
        latitude: 40.40472
        longitude: 49.71306
        name: Qobu
        names_en: 
          - Qobu
        names_es: ~
        population: 7377
        timezone: Asia/Baku
      - 
        alternate_names: 
          - GJUZDEK
          - Gezdek
          - Guzdak
          - Gyuzdek
        ascii_name: Gyuzdek
        geonamesid: 586368
        latitude: 40.37444
        longitude: 49.68194
        name: Gyuzdek
        names_en: 
          - Güzdǝk
        names_es: ~
        population: 2462
        timezone: Asia/Baku
      - 
        alternate_names: 
          - Ceyranbatan
          - DZHEJRANBATAN
          - Dzheyranbatan
          - ДЖЕЙРАНБАТАН
        ascii_name: Ceyranbatan
        geonamesid: 586652
        latitude: 40.54083
        longitude: 49.65972
        name: Ceyranbatan
        names_en: 
          - Ceyranbatan
        names_es: ~
        population: 5684
        timezone: Asia/Baku
      - 
        alternate_names: 
          - DIGJAKH
          - Digah
          - Digyakh
          - Dygya
        ascii_name: Digah
        geonamesid: 586736
        latitude: 40.49278
        longitude: 49.87278
        name: Digah
        names_en: 
          - Digah
        names_es: ~
        population: 3211
        timezone: Asia/Baku
    geonamesid: 587245
    name: Abşeron
    names_en: ~
    names_es: ~
  - 
    ascii_name: "Agsu Rayonu"
    cities: 
      - 
        alternate_names: 
          - AKHSU
          - Aghsu
          - Agsu
          - Akhsu
        ascii_name: Agsu
        geonamesid: 587361
        latitude: 40.56917
        longitude: 48.40083
        name: Ağsu
        names_en: 
          - Ağsu
        names_es: ~
        population: 17209
        timezone: Asia/Baku
    geonamesid: 587342
    name: Ağsu
    names_en: ~
    names_es: ~
  - 
    ascii_name: "Agdas Rayonu"
    cities: 
      - 
        alternate_names: 
          - AGDASH
          - Agdas
          - Agdasch
          - Agdash
        ascii_name: Agdas
        geonamesid: 587378
        latitude: 40.65
        longitude: 47.47611
        name: Ağdaş
        names_en: 
          - Ağdaş
        names_es: ~
        population: 23528
        timezone: Asia/Baku
    geonamesid: 587376
    name: Ağdaş
    names_en: ~
    names_es: ~
  - 
    ascii_name: "Kedabekskiy Rayon"
    cities: 
      - 
        alternate_names: 
          - Gadabay
          - Gǝdǝbǝy
          - Gədəbəy
          - KEDABEK
        ascii_name: Kyadabek
        geonamesid: 586573
        latitude: 40.56556
        longitude: 45.81611
        name: Kyadabek
        names_en: 
          - Gǝdǝbǝy
        names_es: ~
        population: 8657
        timezone: Asia/Baku
    geonamesid: 627535
    name: Gǝdǝbǝy
    names_en: ~
    names_es: ~
  - 
    ascii_name: "Agstafa Rayonu"
    cities: 
      - 
        alternate_names: 
          - Gryunfel'd
          - Gryunfel’d
          - KALININKEND
          - Kalininkand
        ascii_name: Vurgun
        geonamesid: 586265
        latitude: 41.09423
        longitude: 45.47162
        name: Vurğun
        names_en: 
          - Vurğun
        names_es: ~
        population: 2635
        timezone: Asia/Baku
      - 
        alternate_names: 
          - AKSTAFA
          - Agstafa
          - Akstafa
          - Akstafal
        ascii_name: Agstafa
        geonamesid: 587362
        latitude: 41.11889
        longitude: 45.45389
        name: Ağstafa
        names_en: 
          - Ağstafa
        names_es: ~
        population: 12542
        timezone: Asia/Baku
    geonamesid: 828297
    name: Ağstafa
    names_en: ~
    names_es: ~
  - 
    ascii_name: "Ganca Sahari"
    cities: 
      - 
        alternate_names: 
          - Elisavetpol
          - Elizavetpol'
          - Elizavetpol’
          - GJANDZHA
        ascii_name: Kirowabad
        geonamesid: 586523
        latitude: 40.68278
        longitude: 46.36056
        name: Kirowabad
        names_en: 
          - Ganja
          - Gǝncǝ
        names_es: 
          - Gandja
        population: 303268
        timezone: Asia/Baku
    geonamesid: 828298
    name: Gǝncǝ
    names_en: ~
    names_es: ~
  - 
    ascii_name: "Mingacevir Sahari"
    cities: 
      - 
        alternate_names: 
          - MINGECHAUR
          - Mengechaur
          - Min'nkatsebir
          - Mingacevir
        ascii_name: Mingelchaur
        geonamesid: 585514
        latitude: 40.76395
        longitude: 47.05953
        name: Mingelchaur
        names_en: 
          - Mingachevir
          - Mingǝçevir
        names_es: 
          - Mingacevir
        population: 95453
        timezone: Asia/Baku
    geonamesid: 828299
    name: Mingǝcevir
    names_en: ~
    names_es: ~
  - 
    ascii_name: "Naftalan Sahari"
    cities: 
      - 
        alternate_names: 
          - NAFTALAN
          - Naftalan
          - НАФТАЛАН
        ascii_name: Naftalan
        geonamesid: 585400
        latitude: 40.50667
        longitude: 46.825
        name: Naftalan
        names_en: 
          - Naftalan
        names_es: ~
        population: 7045
        timezone: Asia/Baku
    geonamesid: 828300
    name: Naftalan
    names_en: ~
    names_es: ~
  - 
    ascii_name: "Qobustan Rayonu"
    cities: 
      - 
        alternate_names: 
          - MARAZA
          - Maraza
          - Marazi
          - Marazy
        ascii_name: Marazy
        geonamesid: 585570
        latitude: 40.53667
        longitude: 48.93278
        name: Marazy
        names_en: 
          - Mǝrǝzǝ
        names_es: ~
        population: 3754
        timezone: Asia/Baku
    geonamesid: 828301
    name: Qobustan
    names_en: ~
    names_es: ~
  - 
    ascii_name: "Samux Rayonu"
    cities: 
      - 
        alternate_names: 
          - KARAERI
          - Karayeri
          - Qarayeri
          - КАРАЕРИ
        ascii_name: Qarayeri
        geonamesid: 586135
        latitude: 40.78862
        longitude: 46.30659
        name: Qarayeri
        names_en: 
          - Qarayeri
        names_es: ~
        population: 5565
        timezone: Asia/Baku
    geonamesid: 828302
    name: Samux
    names_en: ~
    names_es: ~
  - 
    ascii_name: "Saki Sahari"
    cities: 
      - 
        alternate_names: 
          - Nucha
          - Nukha
          - Nuxa
          - SHEKI
        ascii_name: Sheki
        geonamesid: 585170
        latitude: 41.19194
        longitude: 47.17056
        name: Sheki
        names_en: 
          - Şǝki
        names_es: ~
        population: 62191
        timezone: Asia/Baku
    geonamesid: 828303
    name: Şǝki
    names_en: ~
    names_es: ~
  - 
    ascii_name: "Siyazan Rayonu"
    cities: []
    geonamesid: 828304
    name: Siyǝzǝn
    names_en: ~
    names_es: ~
  - 
    ascii_name: "Sumqayit Sahari"
    cities: 
      - 
        alternate_names: 
          - SUMGAIT
          - Sumgait
          - Sumgjajet
          - Sumqayit
        ascii_name: Sumqayit
        geonamesid: 584923
        latitude: 40.58972
        longitude: 49.66861
        name: Sumqayıt
        names_en: 
          - Sumqayit
        names_es: ~
        population: 265150
        timezone: Asia/Baku
      - 
        alternate_names: 
          - "Haci Zeynalabdin"
          - "Hacı Zeynalabdin"
          - Nasoslu
          - Nasosnaya
        ascii_name: "Haci Zeynalabdin"
        geonamesid: 585379
        latitude: 40.62333
        longitude: 49.55861
        name: "Hacı Zeynalabdin"
        names_en: ~
        names_es: ~
        population: 19019
        timezone: Asia/Baku
      - 
        alternate_names: 
          - Corat
          - DZHORAT
          - Dzhorat
          - ДЖОРАТ
        ascii_name: Corat
        geonamesid: 586631
        latitude: 40.5725
        longitude: 49.70639
        name: Corat
        names_en: 
          - Corat
        names_es: ~
        population: 8624
        timezone: Asia/Baku
    geonamesid: 828305
    name: Sumqayit
    names_en: ~
    names_es: ~
  - 
    ascii_name: "Xizi Rayonu"
    cities: 
      - 
        alternate_names: 
          - Mikhailabad
          - Shuraabad
          - Sovetabad
          - "Soviet Abad"
        ascii_name: Suraabad
        geonamesid: 584991
        latitude: 40.81889
        longitude: 49.47194
        name: Şuraabad
        names_en: 
          - Şuraabad
        names_es: ~
        population: 1945
        timezone: Asia/Baku
      - 
        alternate_names: 
          - Gilazi
          - Giləzi
          - Kiljasi
          - Kiljazi
        ascii_name: Kilyazi
        geonamesid: 585892
        latitude: 40.86778
        longitude: 49.34056
        name: Kilyazi
        names_en: ~
        names_es: ~
        population: 3277
        timezone: Asia/Baku
      - 
        alternate_names: 
          - Khizy
          - Khyzy
          - Xizi
          - Xızı
        ascii_name: Khyzy
        geonamesid: 585909
        latitude: 40.90778
        longitude: 49.07333
        name: Khyzy
        names_en: 
          - Xızı
        names_es: ~
        population: 1024
        timezone: Asia/Baku
      - 
        alternate_names: 
          - Altiagac
          - Altiagach
          - Alty-Agatsch
          - Altyagach
        ascii_name: Altiagac
        geonamesid: 587272
        latitude: 40.85806
        longitude: 48.93611
        name: Altıağac
        names_en: 
          - Altıağac
        names_es: ~
        population: 1126
        timezone: Asia/Baku
    geonamesid: 828306
    name: Xızı
    names_en: ~
    names_es: ~
  - 
    ascii_name: "Yevlax Sahari"
    cities: 
      - 
        alternate_names: 
          - Avlakh
          - EVLAKH
          - Jewlach
          - Yevlakh
        ascii_name: Yevlax
        geonamesid: 584649
        latitude: 40.61273
        longitude: 47.14233
        name: Yevlax
        names_en: 
          - Yevlax
        names_es: ~
        population: 53716
        timezone: Asia/Baku
    geonamesid: 828307
    name: Yevlax
    names_en: ~
    names_es: ~
  - 
    ascii_name: "Haciqabul Rayonu"
    cities: 
      - 
        alternate_names: 
          - Adshikabul
          - Adzha-Kabul
          - Adzhikabul
          - "Aja Kabul"
        ascii_name: "Aja Kabul"
        geonamesid: 585225
        latitude: 40.04333
        longitude: 48.93556
        name: "Aja Kabul"
        names_en: 
          - Qazımǝmmǝd
        names_es: ~
        population: 23102
        timezone: Asia/Baku
      - 
        alternate_names: 
          - MUGAN'
          - Mugan
          - Muğan
          - МУГАНЬ
        ascii_name: Mugan
        geonamesid: 807231
        latitude: 40.09861
        longitude: 48.81889
        name: Muğan
        names_en: 
          - Muğan
        names_es: ~
        population: 4410
        timezone: Asia/Baku
    geonamesid: 828315
    name: Hacıqabul
    names_en: ~
    names_es: ~
  - 
    ascii_name: Babek
    cities: []
    geonamesid: 7669114
    name: Babek
    names_en: ~
    names_es: ~
