--- 
geonamesid: 1210997
iso: BD
name: Bangladesh
names_en: 
  - Bangladesh
names_es: 
  - Bangladesh
regions: 
  - 
    ascii_name: "Rajshahi Division"
    cities: 
      - 
        alternate_names: 
          - Thakurgaom
          - Thakurgaon
          - "Thakus Gaon"
          - Thākurgaom
        ascii_name: Thakurgaon
        geonamesid: 1185092
        latitude: 26.03333
        longitude: 88.46667
        name: Thākurgaon
        names_en: ~
        names_es: ~
        population: 71096
        timezone: Asia/Dhaka
      - 
        alternate_names: 
          - Shibganj
          - Sibganj
        ascii_name: Shibganj
        geonamesid: 1185108
        latitude: 24.68293
        longitude: 88.15975
        name: Shibganj
        names_en: ~
        names_es: ~
        population: 35961
        timezone: Asia/Dhaka
      - 
        alternate_names: 
          - Radzhshakhi
          - Rajshahi
          - "Rampur Baolia"
          - "Rampur Bauleah"
        ascii_name: Rajshahi
        geonamesid: 1185128
        latitude: 24.36667
        longitude: 88.6
        name: Rājshāhi
        names_en: 
          - Rajshahi
        names_es: ~
        population: 700133
        timezone: Asia/Dhaka
      - 
        alternate_names: 
          - Pachagar
          - Pachagarh
          - Pachāgarh
          - Panchagarh
        ascii_name: Panchagarh
        geonamesid: 1185141
        latitude: 26.33129
        longitude: 88.562
        name: Panchagarh
        names_en: ~
        names_es: ~
        population: 48531
        timezone: Asia/Dhaka
      - 
        alternate_names: 
          - Parbatipur
          - Parvatipur
          - Pārvatīpur
        ascii_name: Parbatipur
        geonamesid: 1185149
        latitude: 25.66491
        longitude: 88.9247
        name: Parbatipur
        names_en: ~
        names_es: ~
        population: 48020
        timezone: Asia/Dhaka
      - 
        alternate_names: 
          - "Par Naogaon"
          - "Pār Naogaon"
        ascii_name: "Par Naogaon"
        geonamesid: 1192366
        latitude: 24.80287
        longitude: 88.95084
        name: "Pār Naogaon"
        names_en: ~
        names_es: ~
        population: 192464
        timezone: Asia/Dhaka
      - 
        alternate_names: 
          - Dinajpur
          - Dinājpur
        ascii_name: Dinajpur
        geonamesid: 1203891
        latitude: 25.62715
        longitude: 88.63864
        name: Dinājpur
        names_en: ~
        names_es: ~
        population: 206234
        timezone: Asia/Dhaka
      - 
        alternate_names: 
          - Bogra
          - Богра
        ascii_name: Bogra
        geonamesid: 1337233
        latitude: 24.85
        longitude: 89.36667
        name: Bogra
        names_en: ~
        names_es: ~
        population: 210000
        timezone: Asia/Dhaka
      - 
        alternate_names: 
          - Pirgaaj
          - Pirganj
          - Pīrgaaj
          - Pīrganj
        ascii_name: Pirgaaj
        geonamesid: 1337239
        latitude: 25.8604
        longitude: 88.3635
        name: Pīrgaaj
        names_en: ~
        names_es: ~
        population: 34606
        timezone: Asia/Dhaka
      - 
        alternate_names: 
          - Nawabganj
          - Nawābganj
        ascii_name: Nawabganj
        geonamesid: 1337240
        latitude: 24.59112
        longitude: 88.27102
        name: Nawābganj
        names_en: ~
        names_es: ~
        population: 142361
        timezone: Asia/Dhaka
      - 
        alternate_names: ~
        ascii_name: Saidpur
        geonamesid: 6545349
        latitude: 25.77769
        longitude: 88.89169
        name: Saidpur
        names_en: ~
        names_es: ~
        population: 199422
        timezone: Asia/Dhaka
    geonamesid: 1337166
    name: Rājshāhi
    names_en: ~
    names_es: ~
  - 
    ascii_name: "Dhaka Division"
    cities: 
      - 
        alternate_names: 
          - Tangi
          - Tongi
          - Tungi
          - tangi
        ascii_name: Tungi
        geonamesid: 1185098
        latitude: 23.89
        longitude: 90.40583
        name: Tungi
        names_en: 
          - Tongi
        names_es: ~
        population: 337579
        timezone: Asia/Dhaka
      - 
        alternate_names: 
          - Dohai
          - Dohar
          - Dohāi
          - Dohār
        ascii_name: Dohar
        geonamesid: 1185100
        latitude: 23.58833
        longitude: 90.14694
        name: Dohār
        names_en: ~
        names_es: ~
        population: 45543
        timezone: Asia/Dhaka
      - 
        alternate_names: 
          - Netrakona
          - Satpai
          - Sātpāi
        ascii_name: Netrakona
        geonamesid: 1185116
        latitude: 24.88333
        longitude: 90.71667
        name: Netrakona
        names_en: ~
        names_es: ~
        population: 79016
        timezone: Asia/Dhaka
      - 
        alternate_names: 
          - Narsingdi
          - Narsinghdi
          - Satirpara
          - Satirpāra
        ascii_name: Narsingdi
        geonamesid: 1185117
        latitude: 23.92083
        longitude: 90.71806
        name: Narsingdi
        names_en: ~
        names_es: ~
        population: 281080
        timezone: Asia/Dhaka
      - 
        alternate_names: 
          - Narajanganj
          - Narayanganj
          - Nārāyanganj
        ascii_name: Narayanganj
        geonamesid: 1185155
        latitude: 23.62333
        longitude: 90.50111
        name: Nārāyanganj
        names_en: ~
        names_es: ~
        population: 223622
        timezone: Asia/Dhaka
      - 
        alternate_names: 
          - Daca
          - Dacca
          - "Dacca - dhaka"
          - "Dacca - ঢাকা"
        ascii_name: Dhaka
        geonamesid: 1185241
        latitude: 23.7104
        longitude: 90.40744
        name: Dhaka
        names_en: 
          - Dhaka
        names_es: 
          - Dacca
        population: 10356500
        timezone: Asia/Dhaka
      - 
        alternate_names: 
          - "Bara Kalia"
          - "Bara Kālia"
          - Kalia
          - Kalija
        ascii_name: Kalia
        geonamesid: 1185272
        latitude: 23.0396
        longitude: 89.6328
        name: Kālia
        names_en: ~
        names_es: ~
        population: 40492
        timezone: Asia/Dhaka
      - 
        alternate_names: ~
        ascii_name: Madaripur
        geonamesid: 1337245
        latitude: 23.17528
        longitude: 90.20722
        name: Mādārīpur
        names_en: ~
        names_es: ~
        population: 84789
        timezone: Asia/Dhaka
      - 
        alternate_names: ~
        ascii_name: Sherpur
        geonamesid: 1337248
        latitude: 25.01667
        longitude: 90.01667
        name: Sherpur
        names_en: ~
        names_es: ~
        population: 107419
        timezone: Asia/Dhaka
      - 
        alternate_names: 
          - Kisharganj
          - Kishoreganj
          - "Kishoreganj Municipality"
          - Kishorganj
        ascii_name: Kishorganj
        geonamesid: 1337249
        latitude: 24.43333
        longitude: 90.76667
        name: Kishorganj
        names_en: ~
        names_es: ~
        population: 90690
        timezone: Asia/Dhaka
    geonamesid: 1337179
    name: Dhaka
    names_en: ~
    names_es: ~
  - 
    ascii_name: Chittagong
    cities: 
      - 
        alternate_names: 
          - Teknaaf
          - Teknaf
          - Teknāf
        ascii_name: Teknaf
        geonamesid: 1185095
        latitude: 20.86243
        longitude: 92.30582
        name: Teknāf
        names_en: ~
        names_es: ~
        population: 40557
        timezone: Asia/Dhaka
      - 
        alternate_names: 
          - Sandvip
          - Sandwip
          - Sandwīp
          - Сандвип
        ascii_name: Sandwip
        geonamesid: 1185120
        latitude: 22.46778
        longitude: 91.45611
        name: Sandwīp
        names_en: ~
        names_es: ~
        population: 52152
        timezone: Asia/Dhaka
      - 
        alternate_names: 
          - Patia
          - Patiya
        ascii_name: Patiya
        geonamesid: 1185148
        latitude: 22.29312
        longitude: 91.97621
        name: Patiya
        names_en: ~
        names_es: ~
        population: 51360
        timezone: Asia/Dhaka
      - 
        alternate_names: 
          - Laksam
          - Laksham
          - Lākshām
        ascii_name: Laksham
        geonamesid: 1185183
        latitude: 23.24722
        longitude: 91.1425
        name: Lākshām
        names_en: ~
        names_es: ~
        population: 82290
        timezone: Asia/Dhaka
      - 
        alternate_names: 
          - Comilla
          - Komille
          - Kumilla
          - Kumillā
        ascii_name: Comilla
        geonamesid: 1185186
        latitude: 23.45778
        longitude: 91.20444
        name: Comilla
        names_en: ~
        names_es: ~
        population: 389411
        timezone: Asia/Dhaka
      - 
        alternate_names: 
          - Fani
          - Feni
          - Fenny
          - Pheni
        ascii_name: Feni
        geonamesid: 1185224
        latitude: 23.01861
        longitude: 91.41
        name: Feni
        names_en: ~
        names_es: ~
        population: 84028
        timezone: Asia/Dhaka
      - 
        alternate_names: 
          - Chhagainaya
          - Chhagalnaia
          - Chhagalnaiya
          - Chhagalnaya
        ascii_name: Chhagalnaiya
        geonamesid: 1185249
        latitude: 23.03
        longitude: 91.50694
        name: Chhāgalnāiya
        names_en: ~
        names_es: ~
        population: 39335
        timezone: Asia/Dhaka
      - 
        alternate_names: 
          - Bandarban
          - Bardarban
          - Bāndarban
          - Бандарбан
        ascii_name: Bandarban
        geonamesid: 1185270
        latitude: 22.1965
        longitude: 92.2262
        name: Bāndarban
        names_en: ~
        names_es: ~
        population: 32523
        timezone: Asia/Dhaka
      - 
        alternate_names: 
          - Raajan
          - Raajān
          - Raojan
          - Raojān
        ascii_name: Raojan
        geonamesid: 1189638
        latitude: 22.53702
        longitude: 91.91984
        name: Raojān
        names_en: ~
        names_es: ~
        population: 25708
        timezone: Asia/Dhaka
      - 
        alternate_names: ~
        ascii_name: Nabinagar
        geonamesid: 1193823
        latitude: 23.89167
        longitude: 90.97333
        name: Nabīnagar
        names_en: ~
        names_es: ~
        population: 31671
        timezone: Asia/Dhaka
      - 
        alternate_names: ~
        ascii_name: Lakshmipur
        geonamesid: 1196292
        latitude: 22.95
        longitude: 90.83333
        name: Lakshmīpur
        names_en: ~
        names_es: ~
        population: 61703
        timezone: Asia/Dhaka
      - 
        alternate_names: ~
        ascii_name: Hajiganj
        geonamesid: 1201753
        latitude: 23.25111
        longitude: 90.85917
        name: Hājīganj
        names_en: ~
        names_es: ~
        population: 44343
        timezone: Asia/Dhaka
      - 
        alternate_names: 
          - Chittagong
          - "Chittagong Ghat"
          - Chottogram
          - Chôţţogram
        ascii_name: Chittagong
        geonamesid: 1205733
        latitude: 22.33306
        longitude: 91.83639
        name: Chittagong
        names_en: 
          - Chittagong
        names_es: 
          - Chittagong
        population: 3920222
        timezone: Asia/Dhaka
      - 
        alternate_names: 
          - Satkania
          - Sātkania
        ascii_name: Satkania
        geonamesid: 1336133
        latitude: 22.0796
        longitude: 92.0572
        name: Sātkania
        names_en: ~
        names_es: ~
        population: 52005
        timezone: Asia/Dhaka
      - 
        alternate_names: 
          - "Cox's Bazar"
          - "Cox’s Bāzār"
          - Koks-Bazar
          - Кокс-Базар
        ascii_name: "Cox's Bazar"
        geonamesid: 1336134
        latitude: 21.45324
        longitude: 91.97977
        name: "Cox’s Bāzār"
        names_en: ~
        names_es: ~
        population: 253788
        timezone: Asia/Dhaka
      - 
        alternate_names: 
          - Manikchari
          - Manikchhari
          - Mānikchhari
        ascii_name: Manikchari
        geonamesid: 1462681
        latitude: 22.8408
        longitude: 91.844
        name: Manikchari
        names_en: ~
        names_es: ~
        population: 24813
        timezone: Asia/Dhaka
      - 
        alternate_names: 
          - Fatikchari
        ascii_name: Fatikchari
        geonamesid: 6414184
        latitude: 22.68726
        longitude: 91.7853
        name: Fatikchari
        names_en: ~
        names_es: ~
        population: 33200
        timezone: Asia/Dhaka
    geonamesid: 1337200
    name: Chittagong
    names_en: ~
    names_es: ~
  - 
    ascii_name: "Khulna Division"
    cities: 
      - 
        alternate_names: 
          - Fakirertakia
          - Fakirertākia
          - Morrelganj
          - Morrelgonj
        ascii_name: Morrelgonj
        geonamesid: 1185167
        latitude: 22.4537
        longitude: 89.8587
        name: Morrelgonj
        names_en: ~
        names_es: ~
        population: 31647
        timezone: Asia/Dhaka
      - 
        alternate_names: 
          - Khustia
          - Kushtia
        ascii_name: Kushtia
        geonamesid: 1185191
        latitude: 23.90105
        longitude: 89.12207
        name: Kushtia
        names_en: ~
        names_es: ~
        population: 135724
        timezone: Asia/Dhaka
      - 
        alternate_names: 
          - Aliganj
          - Kaliganj
          - Kaliganja
          - Kālīganj
        ascii_name: Kaliganj
        geonamesid: 1185199
        latitude: 23.4095
        longitude: 89.1402
        name: Kālīganj
        names_en: ~
        names_es: ~
        population: 45631
        timezone: Asia/Dhaka
      - 
        alternate_names: 
          - Jhikargacha
          - Jhikargachha
          - Jhikargāchha
          - Jhikergacha
        ascii_name: Jhingergacha
        geonamesid: 1185204
        latitude: 23.1131
        longitude: 89.0938
        name: Jhingergācha
        names_en: ~
        names_es: ~
        population: 41957
        timezone: Asia/Dhaka
      - 
        alternate_names: 
          - "Dakshin Rajapur"
          - "Dakshin Rājāpur"
          - Sarankhola
        ascii_name: Sarankhola
        geonamesid: 1185239
        latitude: 22.3082
        longitude: 89.7897
        name: Sarankhola
        names_en: ~
        names_es: ~
        population: 36470
        timezone: Asia/Dhaka
      - 
        alternate_names: 
          - Abhaynagar
          - "Bhatpara Abhaynagar"
          - "Bhātpāra Abhaynagar"
        ascii_name: "Bhatpara Abhaynagar"
        geonamesid: 1185260
        latitude: 23.01531
        longitude: 89.4432
        name: "Bhātpāra Abhaynagar"
        names_en: ~
        names_es: ~
        population: 42653
        timezone: Asia/Dhaka
      - 
        alternate_names: 
          - Bhairamara
          - Bheramara
          - Bherāmāra
        ascii_name: Bheramara
        geonamesid: 1185262
        latitude: 24.0232
        longitude: 88.9925
        name: Bherāmāra
        names_en: ~
        names_es: ~
        population: 38159
        timezone: Asia/Dhaka
      - 
        alternate_names: 
          - "Dakshin Char Fasson"
          - "South Char Fashion"
          - "Uttar Char Fasson"
        ascii_name: "Uttar Char Fasson"
        geonamesid: 1205481
        latitude: 22.23322
        longitude: 90.71323
        name: "Uttar Char Fasson"
        names_en: ~
        names_es: ~
        population: 48305
        timezone: Asia/Dhaka
      - 
        alternate_names: 
          - Khulna
          - Kkhulna
          - kuruna
          - Кхулна
        ascii_name: Khulna
        geonamesid: 1336135
        latitude: 22.81348
        longitude: 89.56723
        name: Khulna
        names_en: 
          - Khulna
        names_es: ~
        population: 1342339
        timezone: Asia/Dhaka
      - 
        alternate_names: 
          - Jessore
        ascii_name: Jessore
        geonamesid: 1336140
        latitude: 23.16869
        longitude: 89.21315
        name: Jessore
        names_en: ~
        names_es: ~
        population: 243987
        timezone: Asia/Dhaka
    geonamesid: 1337210
    name: Khulna
    names_en: ~
    names_es: ~
  - 
    ascii_name: Borishal
    cities: 
      - 
        alternate_names: 
          - Perijpur
          - "Perojpur Municipality"
          - Pirojpur
        ascii_name: Pirojpur
        geonamesid: 1185138
        latitude: 22.56667
        longitude: 89.98333
        name: Pirojpur
        names_en: ~
        names_es: ~
        population: 54418
        timezone: Asia/Dhaka
      - 
        alternate_names: 
          - Matbari
          - Matbaria
          - Matbāri
          - Mathba
        ascii_name: Mathba
        geonamesid: 1185173
        latitude: 22.2855
        longitude: 89.9629
        name: Mathba
        names_en: ~
        names_es: ~
        population: 29760
        timezone: Asia/Dhaka
      - 
        alternate_names: 
          - "Char Lalmohan"
          - "Char Lalmohun"
          - "Char Lālmohan"
          - "Dhar Lalmohan"
        ascii_name: Lalmohan
        geonamesid: 1185251
        latitude: 22.3384
        longitude: 90.7419
        name: Lālmohan
        names_en: ~
        names_es: ~
        population: 42220
        timezone: Asia/Dhaka
      - 
        alternate_names: 
          - Barahanuddin
          - Barahānuddin
          - Burhanuddin
          - Burhānuddin
        ascii_name: Burhanuddin
        geonamesid: 1210565
        latitude: 22.49184
        longitude: 90.72346
        name: Burhānuddin
        names_en: ~
        names_es: ~
        population: 45670
        timezone: Asia/Dhaka
      - 
        alternate_names: 
          - Barisal
          - "Barisal Sadar"
          - Barisāl
          - "Barīsal Sadar"
        ascii_name: Barisal
        geonamesid: 1336137
        latitude: 22.70194
        longitude: 90.37111
        name: Barisāl
        names_en: ~
        names_es: ~
        population: 202242
        timezone: Asia/Dhaka
      - 
        alternate_names: 
          - Bhandaria
          - Bhāndāria
        ascii_name: Bhandaria
        geonamesid: 1477498
        latitude: 22.4861
        longitude: 90.0609
        name: Bhāndāria
        names_en: ~
        names_es: ~
        population: 30219
        timezone: Asia/Dhaka
    geonamesid: 1337229
    name: Barisāl
    names_en: ~
    names_es: ~
  - 
    ascii_name: "Sylhet Division"
    cities: 
      - 
        alternate_names: 
          - Jalalabad
          - Rajnagar
          - Rājnagar
          - Silet
        ascii_name: Sylhet
        geonamesid: 1185099
        latitude: 24.89667
        longitude: 91.87167
        name: Sylhet
        names_en: ~
        names_es: ~
        population: 237000
        timezone: Asia/Dhaka
      - 
        alternate_names: 
          - "Maulvi Bazar"
          - "Maulvi Bāzār"
          - "Moulvi Bazar"
          - "Moulvi Bazar Municipality"
        ascii_name: "Moulvi Bazar"
        geonamesid: 1185166
        latitude: 24.48333
        longitude: 91.78333
        name: "Moulvi Bāzār"
        names_en: ~
        names_es: ~
        population: 57441
        timezone: Asia/Dhaka
      - 
        alternate_names: 
          - "Habiganj Bazar"
          - "Habiganj Sadar"
          - Hobiganj
        ascii_name: Habiganj
        geonamesid: 1185209
        latitude: 24.38333
        longitude: 91.41667
        name: Habiganj
        names_en: ~
        names_es: ~
        population: 88760
        timezone: Asia/Dhaka
    geonamesid: 1477362
    name: Sylhet
    names_en: ~
    names_es: ~
  - 
    ascii_name: "Rangpur Division"
    cities: []
    geonamesid: 7671048
    name: "Rangpur Division"
    names_en: ~
    names_es: ~
