--- 
geonamesid: 2395170
iso: BJ
name: Benin
names_en: 
  - Benin
  - "Republic of Benin"
names_es: 
  - Benín
regions: 
  - 
    ascii_name: "Departement du Zou"
    cities: 
      - 
        alternate_names: 
          - Abome
          - Abomei
          - Abomej
          - Abomey
        ascii_name: Abomey
        geonamesid: 2395915
        latitude: 7.18333
        longitude: 1.98333
        name: Abomey
        names_en: 
          - Abomey
        names_es: ~
        population: 82154
        timezone: Africa/Porto-Novo
    geonamesid: 2390719
    name: Zou
    names_en: ~
    names_es: ~
  - 
    ascii_name: "Departement de l' Oueme"
    cities: 
      - 
        alternate_names: 
          - "Porto Nobo"
          - "Porto Novas"
          - "Porto Novo"
          - Porto-Novo
        ascii_name: Porto-Novo
        geonamesid: 2392087
        latitude: 6.49646
        longitude: 2.60359
        name: Porto-Novo
        names_en: 
          - Porto-Novo
        names_es: 
          - Porto-Novo
        population: 234168
        timezone: Africa/Porto-Novo
    geonamesid: 2392325
    name: Quémé
    names_en: ~
    names_es: ~
  - 
    ascii_name: "Departement du Mono"
    cities: 
      - 
        alternate_names: 
          - Locossa
          - Lokossa
        ascii_name: Lokossa
        geonamesid: 2392897
        latitude: 6.63333
        longitude: 1.71667
        name: Lokossa
        names_en: 
          - Lokossa
        names_es: ~
        population: 86971
        timezone: Africa/Porto-Novo
    geonamesid: 2392716
    name: Mono
    names_en: ~
    names_es: ~
  - 
    ascii_name: "Departement du Borgou"
    cities: 
      - 
        alternate_names: 
          - Parakou
          - Paraku
          - Параку
        ascii_name: Parakou
        geonamesid: 2392204
        latitude: 9.35
        longitude: 2.61667
        name: Parakou
        names_en: 
          - Parakou
        names_es: 
          - Parakou
        population: 163753
        timezone: Africa/Porto-Novo
      - 
        alternate_names: 
          - Nikki
          - Никки
        ascii_name: Nikki
        geonamesid: 2392505
        latitude: 9.93389
        longitude: 3.20444
        name: Nikki
        names_en: ~
        names_es: ~
        population: 54009
        timezone: Africa/Porto-Novo
      - 
        alternate_names: 
          - Bembereke
          - Bembèrèkè
          - Bimbereke
          - Bimbéréké
        ascii_name: Bembereke
        geonamesid: 2395182
        latitude: 10.22889
        longitude: 2.66528
        name: Bembèrèkè
        names_en: ~
        names_es: ~
        population: 24006
        timezone: Africa/Porto-Novo
    geonamesid: 2394992
    name: Borgou
    names_en: ~
    names_es: ~
  - 
    ascii_name: "Departement de l' Atlantique"
    cities: 
      - 
        alternate_names: 
          - "Fortaleza de Sao Joao Baptista de Ajuda"
          - "Fortaleza de São João Baptista de Ajudá"
          - Ouidah
          - "Sao Joao Baptista de Ajuda"
        ascii_name: Ouidah
        geonamesid: 2392308
        latitude: 6.36667
        longitude: 2.08333
        name: Ouidah
        names_en: 
          - Ouidah
        names_es: 
          - Ouidah
        population: 83503
        timezone: Africa/Porto-Novo
    geonamesid: 2395504
    name: Atlantique
    names_en: ~
    names_es: ~
  - 
    ascii_name: "Departement de l' Atakora"
    cities: 
      - 
        alternate_names: 
          - Tangoueita
          - Tangueita
          - Tanguieta
          - Tanguiéta
        ascii_name: Tanguieta
        geonamesid: 2391455
        latitude: 10.61972
        longitude: 1.26444
        name: Tanguiéta
        names_en: ~
        names_es: ~
        population: 19833
        timezone: Africa/Porto-Novo
      - 
        alternate_names: 
          - Natitingou
          - Natitingu
          - Натитингу
        ascii_name: Natitingou
        geonamesid: 2392601
        latitude: 10.30667
        longitude: 1.375
        name: Natitingou
        names_en: 
          - Natitingou
        names_es: ~
        population: 80892
        timezone: Africa/Porto-Novo
      - 
        alternate_names: 
          - Malanvilem
          - Malanville
          - Mallanville
          - Маланвилем
        ascii_name: Malanville
        geonamesid: 2392837
        latitude: 11.86411
        longitude: 3.38967
        name: Malanville
        names_en: ~
        names_es: ~
        population: 37117
        timezone: Africa/Porto-Novo
    geonamesid: 2395524
    name: Atakora
    names_en: ~
    names_es: ~
  - 
    ascii_name: "Departement de l' Alibori"
    cities: 
      - 
        alternate_names: 
          - Kandi
          - Канди
        ascii_name: Kandi
        geonamesid: 2393693
        latitude: 11.13417
        longitude: 2.93861
        name: Kandi
        names_en: 
          - Kandi
        names_es: 
          - Kandi
        population: 109701
        timezone: Africa/Porto-Novo
      - 
        alternate_names: 
          - Banikoara
        ascii_name: Banikoara
        geonamesid: 2395317
        latitude: 11.3
        longitude: 2.43333
        name: Banikoara
        names_en: ~
        names_es: ~
        population: 22487
        timezone: Africa/Porto-Novo
    geonamesid: 2597271
    name: Alibori
    names_en: ~
    names_es: ~
  - 
    ascii_name: "Departement du Collines"
    cities: 
      - 
        alternate_names: 
          - Savalou
          - Savalu
        ascii_name: Savalou
        geonamesid: 2391895
        latitude: 7.93333
        longitude: 1.96667
        name: Savalou
        names_en: 
          - Savalou
        names_es: ~
        population: 30187
        timezone: Africa/Porto-Novo
    geonamesid: 2597272
    name: Collines
    names_en: ~
    names_es: ~
  - 
    ascii_name: "Departement du Kouffo"
    cities: 
      - 
        alternate_names: ~
        ascii_name: Dogbo
        geonamesid: 2394545
        latitude: 6.81667
        longitude: 1.78333
        name: Dogbo
        names_en: ~
        names_es: ~
        population: 41312
        timezone: Africa/Porto-Novo
    geonamesid: 2597273
    name: Kouffo
    names_en: ~
    names_es: ~
  - 
    ascii_name: "Departement de la Donga"
    cities: 
      - 
        alternate_names: 
          - Djougou
          - Jugu
        ascii_name: Djougou
        geonamesid: 2394560
        latitude: 9.705
        longitude: 1.66694
        name: Djougou
        names_en: 
          - Djougou
        names_es: 
          - Djougou
        population: 202810
        timezone: Africa/Porto-Novo
    geonamesid: 2597274
    name: Donga
    names_en: ~
    names_es: ~
  - 
    ascii_name: "Departement du Littoral"
    cities: 
      - 
        alternate_names: 
          - Appi
          - Catonou
          - Cotonou
          - Cotonu
        ascii_name: Cotonou
        geonamesid: 2394819
        latitude: 6.35
        longitude: 2.43333
        name: Cotonou
        names_en: 
          - Cotonou
        names_es: 
          - Cotonou
          - Cotonú
        population: 690584
        timezone: Africa/Porto-Novo
    geonamesid: 2597275
    name: Littoral
    names_en: ~
    names_es: ~
  - 
    ascii_name: "Departement du Plateau"
    cities: 
      - 
        alternate_names: ~
        ascii_name: Sakete
        geonamesid: 2392009
        latitude: 6.71667
        longitude: 2.66667
        name: Sakété
        names_en: ~
        names_es: ~
        population: 30111
        timezone: Africa/Porto-Novo
    geonamesid: 2597277
    name: Plateau
    names_en: ~
    names_es: ~
