--- 
geonamesid: 3374766
iso: CV
name: "Cape Verde"
names_en: 
  - "Cape Verde"
  - "Republic of Cape Verde"
names_es: 
  - "Cabo Verde"
regions: 
  - 
    ascii_name: "Concelho do Tarrafal"
    cities: 
      - 
        alternate_names: 
          - Tarrafal
          - "Vila do Tarrafal"
        ascii_name: Tarrafal
        geonamesid: 3374166
        latitude: 15.28333
        longitude: -23.76667
        name: Tarrafal
        names_en: ~
        names_es: ~
        population: 6463
        timezone: Atlantic/Cape_Verde
    geonamesid: 3374161
    name: Tarrafal
    names_en: ~
    names_es: ~
  - 
    ascii_name: "Concelho de Sao Vicente"
    cities: 
      - 
        alternate_names: 
          - Mihdelo
          - Mindello
          - Mindelo
          - Mindelu
        ascii_name: Mindelo
        geonamesid: 3374462
        latitude: 16.89014
        longitude: -24.98042
        name: Mindelo
        names_en: 
          - Mindelo
        names_es: ~
        population: 70611
        timezone: Atlantic/Cape_Verde
    geonamesid: 3374198
    name: "São Vicente"
    names_en: ~
    names_es: ~
  - 
    ascii_name: "Concelho de Santa Catarina"
    cities: 
      - 
        alternate_names: 
          - Assomada
          - Assumada
        ascii_name: Assomada
        geonamesid: 3374888
        latitude: 15.1
        longitude: -23.68333
        name: Assomada
        names_en: ~
        names_es: ~
        population: 7927
        timezone: Atlantic/Cape_Verde
    geonamesid: 3374226
    name: "Santa Catarina"
    names_en: ~
    names_es: ~
  - 
    ascii_name: "Concelho do Sal"
    cities: 
      - 
        alternate_names: 
          - "Santa Maria"
        ascii_name: "Santa Maria"
        geonamesid: 3374218
        latitude: 16.6
        longitude: -22.9
        name: "Santa Maria"
        names_en: ~
        names_es: ~
        population: 17231
        timezone: Atlantic/Cape_Verde
    geonamesid: 3374249
    name: Sal
    names_en: ~
    names_es: ~
  - 
    ascii_name: "Concelho da Ribeira Grande"
    cities: 
      - 
        alternate_names: ~
        ascii_name: "Ribeira Grande"
        geonamesid: 3374275
        latitude: 17.18333
        longitude: -25.06667
        name: "Ribeira Grande"
        names_en: ~
        names_es: ~
        population: 0
        timezone: Atlantic/Cape_Verde
      - 
        alternate_names: 
          - "Sol Point"
        ascii_name: "Ponta do Sol"
        geonamesid: 3374346
        latitude: 17.19942
        longitude: -25.09192
        name: "Ponta do Sol"
        names_en: ~
        names_es: ~
        population: 4064
        timezone: Atlantic/Cape_Verde
    geonamesid: 3374274
    name: "Ribeira Grande"
    names_en: ~
    names_es: ~
  - 
    ascii_name: "Concelho da Praia"
    cities: 
      - 
        alternate_names: 
          - "Cidade da Praia"
          - "Municipio da Praia"
          - "Município da Praia"
          - Pragia
        ascii_name: Praia
        geonamesid: 3374333
        latitude: 14.92148
        longitude: -23.50868
        name: Praia
        names_en: 
          - Praia
        names_es: 
          - Praia
        population: 113364
        timezone: Atlantic/Cape_Verde
    geonamesid: 3374332
    name: Praia
    names_en: ~
    names_es: ~
  - 
    ascii_name: "Concelho do Paul"
    cities: 
      - 
        alternate_names: ~
        ascii_name: Pombas
        geonamesid: 3374351
        latitude: 17.15
        longitude: -25.01667
        name: Pombas
        names_en: ~
        names_es: ~
        population: 1818
        timezone: Atlantic/Cape_Verde
    geonamesid: 3374391
    name: Paul
    names_en: ~
    names_es: ~
  - 
    ascii_name: "Concelho do Maio"
    cities: 
      - 
        alternate_names: 
          - Maio
          - "Nossa Senhora da Luz"
          - "Port Ingles"
          - "Porto Inglez"
        ascii_name: "Vila do Maio"
        geonamesid: 3374120
        latitude: 15.13333
        longitude: -23.21667
        name: "Vila do Maio"
        names_en: ~
        names_es: ~
        population: 3009
        timezone: Atlantic/Cape_Verde
    geonamesid: 3374487
    name: Maio
    names_en: ~
    names_es: ~
  - 
    ascii_name: "Concelho da Brava"
    cities: 
      - 
        alternate_names: 
          - "Vila Nova Cinteus"
          - "Vila Nova Sintra"
          - "Vila de Nova Cintra"
          - "Vila de Nova Sintra"
        ascii_name: "Vila Nova Sintra"
        geonamesid: 3374117
        latitude: 14.86667
        longitude: -24.71667
        name: "Vila Nova Sintra"
        names_en: ~
        names_es: ~
        population: 0
        timezone: Atlantic/Cape_Verde
    geonamesid: 3374832
    name: Brava
    names_en: ~
    names_es: ~
  - 
    ascii_name: "Concelho da Boa Vista"
    cities: 
      - 
        alternate_names: 
          - "Sal Rei"
          - Sal-Rel
        ascii_name: "Sal Rei"
        geonamesid: 3374235
        latitude: 16.18333
        longitude: -22.91667
        name: "Sal Rei"
        names_en: ~
        names_es: ~
        population: 2122
        timezone: Atlantic/Cape_Verde
    geonamesid: 3374855
    name: "Boa Vista"
    names_en: ~
    names_es: ~
  - 
    ascii_name: "Concelho dos Mosteiros"
    cities: 
      - 
        alternate_names: ~
        ascii_name: "Porto dos Mosteiros"
        geonamesid: 3374338
        latitude: 15.03333
        longitude: -24.33333
        name: "Porto dos Mosteiros"
        names_en: ~
        names_es: ~
        population: 477
        timezone: Atlantic/Cape_Verde
    geonamesid: 3411924
    name: Mosteiros
    names_en: ~
    names_es: ~
  - 
    ascii_name: "Concelho de Santa Cruz"
    cities: 
      - 
        alternate_names: 
          - "Santa Cruz"
        ascii_name: "Santa Cruz"
        geonamesid: 3374221
        latitude: 15.13333
        longitude: -23.56667
        name: "Santa Cruz"
        names_en: ~
        names_es: ~
        population: 9488
        timezone: Atlantic/Cape_Verde
    geonamesid: 3411925
    name: "Santa Cruz"
    names_en: ~
    names_es: ~
  - 
    ascii_name: "Concelho de Sao Domingos"
    cities: 
      - 
        alternate_names: 
          - San-Domingos
          - Сан-Домингос
        ascii_name: "Sao Domingos"
        geonamesid: 3374211
        latitude: 15.02438
        longitude: -23.5625
        name: "São Domingos"
        names_en: ~
        names_es: ~
        population: 1850
        timezone: Atlantic/Cape_Verde
    geonamesid: 3411926
    name: "São Domingos"
    names_en: ~
    names_es: ~
  - 
    ascii_name: "Concelho do Sao Filipe"
    cities: 
      - 
        alternate_names: 
          - "Vila Sao Filipe"
          - "Vila São Filipe"
          - "Vila de Sao Filippe"
          - "Vila de São Filippe"
        ascii_name: "Sao Filipe"
        geonamesid: 3374210
        latitude: 14.8961
        longitude: -24.49556
        name: "São Filipe"
        names_en: ~
        names_es: ~
        population: 8189
        timezone: Atlantic/Cape_Verde
    geonamesid: 3411927
    name: "São Filipe"
    names_en: ~
    names_es: ~
  - 
    ascii_name: "Concelho de Sao Miguel"
    cities: 
      - 
        alternate_names: ~
        ascii_name: Calheta
        geonamesid: 3374794
        latitude: 15.18333
        longitude: -23.6
        name: Calheta
        names_en: ~
        names_es: ~
        population: 0
        timezone: Atlantic/Cape_Verde
    geonamesid: 3411928
    name: "São Miguel"
    names_en: ~
    names_es: ~
  - 
    ascii_name: "Concelho do Porto Novo"
    cities: []
    geonamesid: 7602868
    name: "Concelho do Porto Novo"
    names_en: ~
    names_es: ~
  - 
    ascii_name: "Concelho da Ribeira Brava"
    cities: 
      - 
        alternate_names: 
          - "Ribeira Brava"
          - "Vila da Ribeira Brava"
        ascii_name: "Vila da Ribeira Brava"
        geonamesid: 3374121
        latitude: 16.61667
        longitude: -24.3
        name: "Vila da Ribeira Brava"
        names_en: ~
        names_es: ~
        population: 5324
        timezone: Atlantic/Cape_Verde
    geonamesid: 7602869
    name: "Concelho da Ribeira Brava"
    names_en: ~
    names_es: ~
  - 
    ascii_name: "Concelho de Santa Catarina do Fogo"
    cities: 
      - 
        alternate_names: 
          - "Cova Figueira"
        ascii_name: "Cova Figueira"
        geonamesid: 3374707
        latitude: 14.88333
        longitude: -24.3
        name: "Cova Figueira"
        names_en: ~
        names_es: ~
        population: 0
        timezone: Atlantic/Cape_Verde
    geonamesid: 7602870
    name: "Concelho de Santa Catarina do Fogo"
    names_en: ~
    names_es: ~
  - 
    ascii_name: "Concelho de Sao Salvador do Mundo"
    cities: 
      - 
        alternate_names: ~
        ascii_name: Picos
        geonamesid: 3374360
        latitude: 15.08333
        longitude: -23.65
        name: Picos
        names_en: ~
        names_es: ~
        population: 0
        timezone: Atlantic/Cape_Verde
    geonamesid: 7602871
    name: "Concelho de São Salvador do Mundo"
    names_en: ~
    names_es: ~
  - 
    ascii_name: "Concelho do Tarrafal de Sao Nicolau"
    cities: 
      - 
        alternate_names: ~
        ascii_name: Tarrafal
        geonamesid: 3374165
        latitude: 16.56667
        longitude: -24.36667
        name: Tarrafal
        names_en: ~
        names_es: ~
        population: 0
        timezone: Atlantic/Cape_Verde
    geonamesid: 7602872
    name: "Concelho do Tarrafal de São Nicolau"
    names_en: ~
    names_es: ~
  - 
    ascii_name: "Concelho de Sao Lourenco dos Orgaos"
    cities: []
    geonamesid: 7602873
    name: "Concelho de São Lourenço dos Orgãos"
    names_en: ~
    names_es: ~
  - 
    ascii_name: "Concelho de Ribeira Grande de Santiago"
    cities: 
      - 
        alternate_names: 
          - "Cidade Velha"
          - "Sidade Vel'ja"
          - Velha
          - "Сидаде Велья"
        ascii_name: "Cidade Velha"
        geonamesid: 3374725
        latitude: 14.91667
        longitude: -23.61667
        name: "Cidade Velha"
        names_en: ~
        names_es: ~
        population: 2148
        timezone: Atlantic/Cape_Verde
    geonamesid: 7603281
    name: "Concelho de Ribeira Grande de Santiago"
    names_en: ~
    names_es: ~
