--- 
geonamesid: 239880
iso: CF
name: "Central African Republic"
names_en: 
  - "Central African Republic"
names_es: 
  - "República Centroafricana"
regions: 
  - 
    ascii_name: "Prefecture de la Vakaga"
    cities: 
      - 
        alternate_names: 
          - Birao
        ascii_name: Birao
        geonamesid: 240210
        latitude: 10.27595
        longitude: 22.79073
        name: Birao
        names_en: 
          - Birao
        names_es: 
          - Birao
        population: 10178
        timezone: Africa/Bangui
    geonamesid: 236178
    name: Vakaga
    names_en: ~
    names_es: ~
  - 
    ascii_name: "Prefecture de la Ouaka"
    cities: 
      - 
        alternate_names: 
          - Bambari
          - Бамбари
        ascii_name: Bambari
        geonamesid: 240604
        latitude: 5.76194
        longitude: 20.66722
        name: Bambari
        names_en: 
          - Bambari
        names_es: ~
        population: 32547
        timezone: Africa/Bangui
    geonamesid: 236887
    name: Ouaka
    names_en: ~
    names_es: ~
  - 
    ascii_name: "Prefecture du Mbomou"
    cities: 
      - 
        alternate_names: 
          - Bangassou
          - Bangassu
          - Bangasu
          - Бангасу
        ascii_name: Bangassou
        geonamesid: 240498
        latitude: 4.73333
        longitude: 22.81667
        name: Bangassou
        names_en: ~
        names_es: ~
        population: 24361
        timezone: Africa/Bangui
    geonamesid: 237556
    name: Mbomou
    names_en: ~
    names_es: ~
  - 
    ascii_name: "Prefecture du Haut-Mbomou"
    cities: 
      - 
        alternate_names: 
          - Obo
        ascii_name: Obo
        geonamesid: 236950
        latitude: 5.4
        longitude: 26.5
        name: Obo
        names_en: 
          - Obo
        names_es: ~
        population: 12887
        timezone: Africa/Bangui
    geonamesid: 238639
    name: Haut-Mbomou
    names_en: ~
    names_es: ~
  - 
    ascii_name: "Prefecture de la Haute-Kotto"
    cities: 
      - 
        alternate_names: 
          - Ouadda
          - Quadda
          - Uadda
        ascii_name: Ouadda
        geonamesid: 236901
        latitude: 8.06592
        longitude: 22.39934
        name: Ouadda
        names_en: ~
        names_es: ~
        population: 5434
        timezone: Africa/Bangui
      - 
        alternate_names: 
          - Bria
          - Бриа
        ascii_name: Bria
        geonamesid: 239899
        latitude: 6.53333
        longitude: 21.98333
        name: Bria
        names_en: 
          - Bria
        names_es: ~
        population: 29027
        timezone: Africa/Bangui
    geonamesid: 238640
    name: Haute-Kotto
    names_en: ~
    names_es: ~
  - 
    ascii_name: "Prefecture de la Basse-Kotto"
    cities: 
      - 
        alternate_names: 
          - Mobaye
          - Mobie
        ascii_name: Mobaye
        geonamesid: 237478
        latitude: 4.31667
        longitude: 21.18333
        name: Mobaye
        names_en: 
          - Mobaye
        names_es: 
          - Mobaye
        population: 19431
        timezone: Africa/Bangui
    geonamesid: 240396
    name: Basse-Kotto
    names_en: ~
    names_es: ~
  - 
    ascii_name: "Prefecture de la Bamingui-Bangoran"
    cities: 
      - 
        alternate_names: 
          - N'Delle
          - Nadele
          - Nadélé
          - Ndele
        ascii_name: Ndele
        geonamesid: 237379
        latitude: 8.40917
        longitude: 20.65306
        name: Ndélé
        names_en: ~
        names_es: ~
        population: 11764
        timezone: Africa/Bangui
    geonamesid: 240591
    name: Bamingui-Bangoran
    names_en: ~
    names_es: ~
  - 
    ascii_name: "Prefecture de la Sangha-Mbaere"
    cities: 
      - 
        alternate_names: 
          - Djembe
          - Nola
        ascii_name: Nola
        geonamesid: 2383827
        latitude: 3.53333
        longitude: 16.06667
        name: Nola
        names_en: 
          - Nola
        names_es: ~
        population: 26809
        timezone: Africa/Bangui
    geonamesid: 2383204
    name: Sangha-Mbaéré
    names_en: ~
    names_es: ~
  - 
    ascii_name: "Prefecture de l' Ouham-Pende"
    cities: 
      - 
        alternate_names: 
          - Pahua
          - Paoua
        ascii_name: Paoua
        geonamesid: 2383523
        latitude: 7.24388
        longitude: 16.43975
        name: Paoua
        names_en: ~
        names_es: ~
        population: 18441
        timezone: Africa/Bangui
      - 
        alternate_names: 
          - Bosum
          - Bozoum
          - Bozum
          - Bozume
        ascii_name: Bozoum
        geonamesid: 2387546
        latitude: 6.31667
        longitude: 16.38333
        name: Bozoum
        names_en: ~
        names_es: ~
        population: 40201
        timezone: Africa/Bangui
    geonamesid: 2383650
    name: Ouham-Pendé
    names_en: ~
    names_es: ~
  - 
    ascii_name: "Prefecture de l' Ouham"
    cities: 
      - 
        alternate_names: ~
        ascii_name: Kabo
        geonamesid: 2386042
        latitude: 7.69225
        longitude: 18.62611
        name: Kabo
        names_en: ~
        names_es: ~
        population: 13637
        timezone: Africa/Bangui
      - 
        alternate_names: 
          - Amangba
          - Bosangoa
          - Bossango
          - Bossangoa
        ascii_name: Bossangoa
        geonamesid: 2388036
        latitude: 6.48333
        longitude: 17.45
        name: Bossangoa
        names_en: 
          - Bossangoa
        names_es: ~
        population: 27428
        timezone: Africa/Bangui
      - 
        alternate_names: 
          - Batangafo
          - Devo
          - Dévo
        ascii_name: Batangafo
        geonamesid: 2389691
        latitude: 7.2954
        longitude: 18.28775
        name: Batangafo
        names_en: ~
        names_es: ~
        population: 15310
        timezone: Africa/Bangui
    geonamesid: 2383653
    name: Ouham
    names_en: ~
    names_es: ~
  - 
    ascii_name: "Prefecture de l' Ombella-Mpoko"
    cities: 
      - 
        alternate_names: 
          - Bimbo
          - Bimo
        ascii_name: Bimbo
        geonamesid: 2388873
        latitude: 4.25671
        longitude: 18.41583
        name: Bimbo
        names_en: 
          - Bimbo
        names_es: ~
        population: 129655
        timezone: Africa/Bangui
    geonamesid: 2383765
    name: Ombella-Mpoko
    names_en: ~
    names_es: ~
  - 
    ascii_name: "Prefecture de la Nana-Mambere"
    cities: 
      - 
        alternate_names: 
          - Bouar
          - Buar
          - Buare
          - Буаре
        ascii_name: Bouar
        geonamesid: 2387926
        latitude: 5.95
        longitude: 15.6
        name: Bouar
        names_en: 
          - Bouar
        names_es: ~
        population: 28581
        timezone: Africa/Bangui
    geonamesid: 2384205
    name: Nana-Mambéré
    names_en: ~
    names_es: ~
  - 
    ascii_name: "Prefecture de la Lobaye"
    cities: 
      - 
        alternate_names: 
          - Mbaiki
          - Mbaïki
        ascii_name: Mbaiki
        geonamesid: 2384770
        latitude: 3.88333
        longitude: 18.0
        name: Mbaïki
        names_en: 
          - Mbaïki
        names_es: ~
        population: 67132
        timezone: Africa/Bangui
    geonamesid: 2385105
    name: Lobaye
    names_en: ~
    names_es: ~
  - 
    ascii_name: "Prefecture de la Kemo"
    cities: 
      - 
        alternate_names: 
          - Fort-Sibut
          - Sibut
          - Сибут
        ascii_name: Sibut
        geonamesid: 2383119
        latitude: 5.712
        longitude: 19.07764
        name: Sibut
        names_en: 
          - Sibut
        names_es: ~
        population: 34267
        timezone: Africa/Bangui
    geonamesid: 2385836
    name: Kémo
    names_en: ~
    names_es: ~
  - 
    ascii_name: "Prefecture de la Mambere-Kadei"
    cities: 
      - 
        alternate_names: 
          - Berberati
          - Berbérati
          - Берберати
        ascii_name: Berberati
        geonamesid: 2389086
        latitude: 4.26116
        longitude: 15.79216
        name: Berbérati
        names_en: 
          - Berbérati
        names_es: 
          - Berbérati
        population: 61815
        timezone: Africa/Bangui
    geonamesid: 2386161
    name: Mambéré-Kadéï
    names_en: ~
    names_es: ~
  - 
    ascii_name: "Prefecture de la Nana-Grebizi"
    cities: 
      - 
        alternate_names: 
          - Crampel
          - Fort-Crampel
          - "Kaga Bandoro"
          - Kaga-Bandoro
        ascii_name: "Kaga Bandoro"
        geonamesid: 2386012
        latitude: 6.98333
        longitude: 19.18333
        name: "Kaga Bandoro"
        names_en: 
          - Kaga-Bandoro
        names_es: ~
        population: 56520
        timezone: Africa/Bangui
    geonamesid: 2386243
    name: Nana-Grébizi
    names_en: ~
    names_es: ~
  - 
    ascii_name: "Commune de Bangui"
    cities: 
      - 
        alternate_names: 
          - Bangi
          - Bangis
          - Bangui
          - Mpan'nkoui
        ascii_name: Bangui
        geonamesid: 2389853
        latitude: 4.36122
        longitude: 18.55496
        name: Bangui
        names_en: 
          - Bangui
        names_es: 
          - Bangui
        population: 542393
        timezone: Africa/Bangui
    geonamesid: 2596686
    name: Bangui
    names_en: ~
    names_es: ~
