--- 
geonamesid: 3562981
iso: CU
name: Cuba
names_en: 
  - Cuba
  - "Republic of Cuba"
names_es: 
  - "República de Cuba"
  - Cuba
  - "Isla Juana"
regions: 
  - 
    abbr: VC
    ascii_name: "Provincia de Villa Clara"
    cities: 
      - 
        alternate_names: ~
        ascii_name: "Santo Domingo"
        geonamesid: 3536640
        latitude: 22.58667
        longitude: -80.24361
        name: "Santo Domingo"
        names_en: ~
        names_es: ~
        population: 45476
        timezone: America/Havana
      - 
        alternate_names: 
          - "Santa Clara"
          - "Santa Klara"
          - "Σάντα Κλάρα"
          - "Санта Клара"
        ascii_name: "Santa Clara"
        geonamesid: 3537906
        latitude: 22.4
        longitude: -79.96667
        name: "Santa Clara"
        names_en: 
          - "Santa Clara"
        names_es: 
          - "Santa Clara"
        population: 250512
        timezone: America/Havana
      - 
        alternate_names: 
          - Sagua
          - "Sagua la Grande"
        ascii_name: "Sagua la Grande"
        geonamesid: 3541440
        latitude: 22.80667
        longitude: -80.07556
        name: "Sagua la Grande"
        names_en: ~
        names_es: ~
        population: 62073
        timezone: America/Havana
      - 
        alternate_names: 
          - Remedios
          - "San Juan de los Remedios"
          - Ремедиос
        ascii_name: Remedios
        geonamesid: 3542455
        latitude: 22.49472
        longitude: -79.54583
        name: Remedios
        names_en: ~
        names_es: ~
        population: 34108
        timezone: America/Havana
      - 
        alternate_names: ~
        ascii_name: Ranchuelo
        geonamesid: 3542744
        latitude: 22.37722
        longitude: -80.14889
        name: Ranchuelo
        names_en: ~
        names_es: ~
        population: 43695
        timezone: America/Havana
      - 
        alternate_names: ~
        ascii_name: "Rancho Veloz"
        geonamesid: 3542753
        latitude: 22.88056
        longitude: -80.39167
        name: "Rancho Veloz"
        names_en: ~
        names_es: ~
        population: 4549
        timezone: America/Havana
      - 
        alternate_names: ~
        ascii_name: "Quemado de Guines"
        geonamesid: 3543077
        latitude: 22.78528
        longitude: -80.25361
        name: "Quemado de Güines"
        names_en: ~
        names_es: ~
        population: 12736
        timezone: America/Havana
      - 
        alternate_names: ~
        ascii_name: Placetas
        geonamesid: 3543961
        latitude: 22.31194
        longitude: -79.65333
        name: Placetas
        names_en: ~
        names_es: ~
        population: 55408
        timezone: America/Havana
      - 
        alternate_names: 
          - Manicaragua
          - "Poblado Manicaragua"
        ascii_name: Manicaragua
        geonamesid: 3547976
        latitude: 22.14944
        longitude: -79.97361
        name: Manicaragua
        names_en: ~
        names_es: ~
        population: 41532
        timezone: America/Havana
      - 
        alternate_names: 
          - Esperanza
          - "La Esperanza"
        ascii_name: Esperanza
        geonamesid: 3559235
        latitude: 22.45
        longitude: -80.1
        name: Esperanza
        names_en: ~
        names_es: ~
        population: 10462
        timezone: America/Havana
      - 
        alternate_names: ~
        ascii_name: Encrucijada
        geonamesid: 3559416
        latitude: 22.61694
        longitude: -79.87111
        name: Encrucijada
        names_en: ~
        names_es: ~
        population: 26155
        timezone: America/Havana
      - 
        alternate_names: ~
        ascii_name: Cifuentes
        geonamesid: 3564114
        latitude: 22.645
        longitude: -80.04611
        name: Cifuentes
        names_en: ~
        names_es: ~
        population: 40142
        timezone: America/Havana
      - 
        alternate_names: 
          - Calabazar
          - "Calabazar de Sagua"
        ascii_name: "Calabazar de Sagua"
        geonamesid: 3566235
        latitude: 22.64472
        longitude: -79.89611
        name: "Calabazar de Sagua"
        names_en: ~
        names_es: ~
        population: 10455
        timezone: America/Havana
      - 
        alternate_names: 
          - Caibairien
          - Caibarien
          - Caibarién
        ascii_name: Caibarien
        geonamesid: 3566356
        latitude: 22.52056
        longitude: -79.46694
        name: Caibarién
        names_en: ~
        names_es: ~
        population: 39140
        timezone: America/Havana
    geonamesid: 3534168
    name: "Villa Clara"
    names_en: ~
    names_es: ~
  - 
    abbr: SC
    ascii_name: "Provincia de Santiago de Cuba"
    cities: 
      - 
        alternate_names: 
          - Sant'jago-de-Kuba
          - Santiago
          - "Santiago de Cuba"
          - "Santiago de Kubo"
        ascii_name: "Santiago de Cuba"
        geonamesid: 3536729
        latitude: 20.02472
        longitude: -75.82194
        name: "Santiago de Cuba"
        names_en: 
          - "Santiago de Cuba"
        names_es: 
          - "Santiago de Cuba"
        population: 555865
        timezone: America/Havana
      - 
        alternate_names: 
          - "San Luis"
        ascii_name: "San Luis"
        geonamesid: 3539093
        latitude: 20.1875
        longitude: -75.85083
        name: "San Luis"
        names_en: 
          - "San Luis"
        names_es: ~
        population: 67293
        timezone: America/Havana
      - 
        alternate_names: ~
        ascii_name: "Palma Soriano"
        geonamesid: 3545064
        latitude: 20.21722
        longitude: -75.99889
        name: "Palma Soriano"
        names_en: ~
        names_es: ~
        population: 102826
        timezone: America/Havana
      - 
        alternate_names: 
          - Cobre
          - "El Cobre"
          - "Santiago del Prado"
        ascii_name: "El Cobre"
        geonamesid: 3561408
        latitude: 20.04889
        longitude: -75.94694
        name: "El Cobre"
        names_en: ~
        names_es: ~
        population: 4768
        timezone: America/Havana
      - 
        alternate_names: ~
        ascii_name: Contramaestre
        geonamesid: 3563504
        latitude: 20.29778
        longitude: -76.24139
        name: Contramaestre
        names_en: ~
        names_es: ~
        population: 70438
        timezone: America/Havana
    geonamesid: 3536725
    name: "Santiago de Cuba"
    names_en: ~
    names_es: ~
  - 
    abbr: SS
    ascii_name: "Provincia de Sancti Spiritus"
    cities: 
      - 
        alternate_names: 
          - Zaza
          - "Zaza del Medio"
        ascii_name: "Zaza del Medio"
        geonamesid: 3533556
        latitude: 21.99611
        longitude: -79.36694
        name: "Zaza del Medio"
        names_en: ~
        names_es: ~
        population: 8667
        timezone: America/Havana
      - 
        alternate_names: ~
        ascii_name: Yaguajay
        geonamesid: 3533826
        latitude: 22.32722
        longitude: -79.23778
        name: Yaguajay
        names_en: ~
        names_es: ~
        population: 42218
        timezone: America/Havana
      - 
        alternate_names: 
          - Trinidad
          - Тринидад
        ascii_name: Trinidad
        geonamesid: 3534915
        latitude: 21.80194
        longitude: -79.98417
        name: Trinidad
        names_en: 
          - Trinidad
        names_es: ~
        population: 60206
        timezone: America/Havana
      - 
        alternate_names: 
          - "Sancti Spiritus"
          - "Sancti Spíritus"
          - Sankti-Spiritus
          - Санкти-Спиритус
        ascii_name: "Sancti Spiritus"
        geonamesid: 3540667
        latitude: 21.92972
        longitude: -79.4425
        name: "Sancti Spíritus"
        names_en: 
          - "Sancti Spíritus"
        names_es: ~
        population: 127069
        timezone: America/Havana
      - 
        alternate_names: 
          - Jatibonico
        ascii_name: Jatibonico
        geonamesid: 3556334
        latitude: 21.94194
        longitude: -79.17
        name: Jatibonico
        names_en: ~
        names_es: ~
        population: 19644
        timezone: America/Havana
      - 
        alternate_names: ~
        ascii_name: Fomento
        geonamesid: 3558744
        latitude: 22.10389
        longitude: -79.72167
        name: Fomento
        names_en: ~
        names_es: ~
        population: 19991
        timezone: America/Havana
      - 
        alternate_names: 
          - Condado
          - "General Machado"
          - Kondado
          - Кондадо
        ascii_name: Condado
        geonamesid: 3563609
        latitude: 21.87667
        longitude: -79.84028
        name: Condado
        names_en: ~
        names_es: ~
        population: 38248
        timezone: America/Havana
      - 
        alternate_names: 
          - Cabaiguan
          - Cabaiguán
          - "Poblado Cabaiguan"
        ascii_name: Cabaiguan
        geonamesid: 3566603
        latitude: 22.07889
        longitude: -79.49917
        name: Cabaiguán
        names_en: ~
        names_es: ~
        population: 44515
        timezone: America/Havana
    geonamesid: 3540665
    name: "Sancti Spíritus"
    names_en: ~
    names_es: ~
  - 
    abbr: PR
    ascii_name: "Provincia de Pinar del Rio"
    cities: 
      - 
        alternate_names: 
          - Vin'jales
          - Vinales
          - Viñales
          - Виньялес
        ascii_name: Vinales
        geonamesid: 3534094
        latitude: 22.61639
        longitude: -83.70778
        name: Viñales
        names_en: ~
        names_es: ~
        population: 27129
        timezone: America/Havana
      - 
        alternate_names: ~
        ascii_name: "San Luis"
        geonamesid: 3539092
        latitude: 22.27861
        longitude: -83.76111
        name: "San Luis"
        names_en: ~
        names_es: ~
        population: 6690
        timezone: America/Havana
      - 
        alternate_names: 
          - "Banos San Diego"
          - "Baños San Diego"
          - "San Diego de los Banos"
          - "San Diego de los Baños"
        ascii_name: "San Diego de los Banos"
        geonamesid: 3540618
        latitude: 22.64667
        longitude: -83.36972
        name: "San Diego de los Baños"
        names_en: ~
        names_es: ~
        population: 1643
        timezone: America/Havana
      - 
        alternate_names: ~
        ascii_name: "San Cristobal"
        geonamesid: 3540680
        latitude: 22.71417
        longitude: -83.04806
        name: "San Cristóbal"
        names_en: ~
        names_es: ~
        population: 59579
        timezone: America/Havana
      - 
        alternate_names: 
          - "Pinar del Rio"
          - "Pinar del Rioko probintzia"
          - "Pinar del Río"
          - Pinar-del'-Rio
        ascii_name: "Pinar del Rio"
        geonamesid: 3544091
        latitude: 22.4175
        longitude: -83.69806
        name: "Pinar del Río"
        names_en: 
          - "Pinar del Río"
        names_es: 
          - "Pinar del Río"
        population: 186990
        timezone: America/Havana
      - 
        alternate_names: ~
        ascii_name: Mantua
        geonamesid: 3547930
        latitude: 22.28889
        longitude: -84.28444
        name: Mantua
        names_en: ~
        names_es: ~
        population: 10797
        timezone: America/Havana
      - 
        alternate_names: ~
        ascii_name: "Los Palacios"
        geonamesid: 3548993
        latitude: 22.58722
        longitude: -83.24861
        name: "Los Palacios"
        names_en: ~
        names_es: ~
        population: 25703
        timezone: America/Havana
      - 
        alternate_names: ~
        ascii_name: Guane
        geonamesid: 3557758
        latitude: 22.2025
        longitude: -84.0875
        name: Guane
        names_en: ~
        names_es: ~
        population: 16548
        timezone: America/Havana
      - 
        alternate_names: 
          - Consolacion
          - "Consolacion del Sur"
          - Consolación
          - "Consolación del Sur"
        ascii_name: "Consolacion del Sur"
        geonamesid: 3563559
        latitude: 22.50472
        longitude: -83.51361
        name: "Consolación del Sur"
        names_en: ~
        names_es: ~
        population: 69857
        timezone: America/Havana
      - 
        alternate_names: ~
        ascii_name: Candelaria
        geonamesid: 3565768
        latitude: 22.74056
        longitude: -82.96111
        name: Candelaria
        names_en: ~
        names_es: ~
        population: 12675
        timezone: America/Havana
      - 
        alternate_names: ~
        ascii_name: "Bahia Honda"
        geonamesid: 3567995
        latitude: 22.90361
        longitude: -83.15917
        name: "Bahía Honda"
        names_en: ~
        names_es: ~
        population: 19834
        timezone: America/Havana
    geonamesid: 3544088
    name: "Pinar del Río"
    names_en: ~
    names_es: ~
  - 
    abbr: MT
    ascii_name: "Provincia de Matanzas"
    cities: 
      - 
        alternate_names: 
          - "La Varadero"
          - Varadero
          - Veradero
          - Варадеро
        ascii_name: Varadero
        geonamesid: 3534632
        latitude: 23.15361
        longitude: -81.25139
        name: Varadero
        names_en: ~
        names_es: ~
        population: 20000
        timezone: America/Havana
      - 
        alternate_names: 
          - "Union Reyes"
          - "Union de Reyes"
          - "Unión de Reyes"
        ascii_name: "Union de Reyes"
        geonamesid: 3534761
        latitude: 22.79528
        longitude: -81.5375
        name: "Unión de Reyes"
        names_en: ~
        names_es: ~
        population: 33646
        timezone: America/Havana
      - 
        alternate_names: ~
        ascii_name: Perico
        geonamesid: 3544393
        latitude: 22.76917
        longitude: -81.01889
        name: Perico
        names_en: ~
        names_es: ~
        population: 24073
        timezone: America/Havana
      - 
        alternate_names: 
          - "Corral Falso"
          - "Pedro Betancourt"
        ascii_name: "Pedro Betancourt"
        geonamesid: 3544607
        latitude: 22.72722
        longitude: -81.29
        name: "Pedro Betancourt"
        names_en: ~
        names_es: ~
        population: 26761
        timezone: America/Havana
      - 
        alternate_names: 
          - Matanzas
          - Матанзас
        ascii_name: Matanzas
        geonamesid: 3547398
        latitude: 23.04111
        longitude: -81.5775
        name: Matanzas
        names_en: 
          - Matanzas
        names_es: ~
        population: 146733
        timezone: America/Havana
      - 
        alternate_names: 
          - "Hato Nuevo"
          - Marti
          - Martí
        ascii_name: Marti
        geonamesid: 3547519
        latitude: 22.9475
        longitude: -80.92028
        name: Martí
        names_en: ~
        names_es: ~
        population: 13439
        timezone: America/Havana
      - 
        alternate_names: ~
        ascii_name: Manguito
        geonamesid: 3548000
        latitude: 22.58806
        longitude: -80.91444
        name: Manguito
        names_en: ~
        names_es: ~
        population: 3155
        timezone: America/Havana
      - 
        alternate_names: ~
        ascii_name: "Los Arabos"
        geonamesid: 3549463
        latitude: 22.72806
        longitude: -80.72139
        name: "Los Arabos"
        names_en: ~
        names_es: ~
        population: 12504
        timezone: America/Havana
      - 
        alternate_names: 
          - Bemba
          - Jovallanos
          - Jovellanos
        ascii_name: Jovellanos
        geonamesid: 3555907
        latitude: 22.80444
        longitude: -81.19444
        name: Jovellanos
        names_en: ~
        names_es: ~
        population: 47164
        timezone: America/Havana
      - 
        alternate_names: ~
        ascii_name: "Jaguey Grande"
        geonamesid: 3556437
        latitude: 22.52694
        longitude: -81.12861
        name: "Jagüey Grande"
        names_en: ~
        names_es: ~
        population: 54363
        timezone: America/Havana
      - 
        alternate_names: ~
        ascii_name: Colon
        geonamesid: 3563843
        latitude: 22.71917
        longitude: -80.90583
        name: Colón
        names_en: ~
        names_es: ~
        population: 63882
        timezone: America/Havana
      - 
        alternate_names: 
          - Cardenas
          - Cárdenas
          - Kardenas
          - Карденас
        ascii_name: Cardenas
        geonamesid: 3565432
        latitude: 23.0375
        longitude: -81.20472
        name: Cárdenas
        names_en: ~
        names_es: ~
        population: 98515
        timezone: America/Havana
      - 
        alternate_names: 
          - Calimete
          - "Poblado Calimete"
        ascii_name: Calimete
        geonamesid: 3566134
        latitude: 22.53333
        longitude: -80.90611
        name: Calimete
        names_en: ~
        names_es: ~
        population: 23255
        timezone: America/Havana
      - 
        alternate_names: ~
        ascii_name: Bolondron
        geonamesid: 3567082
        latitude: 22.76333
        longitude: -81.44694
        name: Bolondrón
        names_en: ~
        names_es: ~
        population: 6778
        timezone: America/Havana
      - 
        alternate_names: 
          - Alacranes
          - Alcranes
          - "Alfonso XII"
        ascii_name: Alacranes
        geonamesid: 3569379
        latitude: 22.7675
        longitude: -81.5675
        name: Alacranes
        names_en: ~
        names_es: ~
        population: 5843
        timezone: America/Havana
    geonamesid: 3547394
    name: Matanzas
    names_en: ~
    names_es: ~
  - 
    ascii_name: "Las Tunas"
    cities: 
      - 
        alternate_names: 
          - Puehrto-Padre
          - "Puerto Padre"
          - Пуэрто-Падре
        ascii_name: "Puerto Padre"
        geonamesid: 3543299
        latitude: 21.195
        longitude: -76.60278
        name: "Puerto Padre"
        names_en: 
          - "Puerto Padre"
        names_es: ~
        population: 76838
        timezone: America/Havana
      - 
        alternate_names: ~
        ascii_name: Manati
        geonamesid: 3548099
        latitude: 21.3125
        longitude: -76.93778
        name: Manatí
        names_en: ~
        names_es: ~
        population: 13278
        timezone: America/Havana
      - 
        alternate_names: 
          - "Las Tunas"
          - Las-Tunas
          - Tunas
          - Victoria
        ascii_name: "Las Tunas"
        geonamesid: 3550598
        latitude: 20.96167
        longitude: -76.95111
        name: "Las Tunas"
        names_en: ~
        names_es: ~
        population: 203684
        timezone: America/Havana
      - 
        alternate_names: ~
        ascii_name: Colombia
        geonamesid: 3563856
        latitude: 20.98806
        longitude: -77.42972
        name: Colombia
        names_en: ~
        names_es: ~
        population: 20096
        timezone: America/Havana
    geonamesid: 3550595
    name: "Las Tunas"
    names_en: ~
    names_es: ~
  - 
    ascii_name: "Municipio Especial Isla de la Juventud"
    cities: 
      - 
        alternate_names: 
          - Nuehva-Kherona
          - "Nueva Gerona"
          - Нуэва-Херона
        ascii_name: "Nueva Gerona"
        geonamesid: 3545867
        latitude: 21.88333
        longitude: -82.8
        name: "Nueva Gerona"
        names_en: ~
        names_es: ~
        population: 20264
        timezone: America/Havana
    geonamesid: 3556608
    name: "Isla de la Juventud"
    names_en: ~
    names_es: ~
  - 
    abbr: HO
    ascii_name: "Provincia de Holguin"
    cities: 
      - 
        alternate_names: 
          - "Sagua de Tanamo"
          - "Sagua de Temamo"
          - "Sagua de Tánamo"
        ascii_name: "Sagua de Tanamo"
        geonamesid: 3541446
        latitude: 20.58194
        longitude: -75.24139
        name: "Sagua de Tánamo"
        names_en: ~
        names_es: ~
        population: 18282
        timezone: America/Havana
      - 
        alternate_names: 
          - "Minas de Hierro Moa"
          - Moa
          - "Puerto Cayo Moa"
          - Моа
        ascii_name: Moa
        geonamesid: 3546791
        latitude: 20.65694
        longitude: -74.94028
        name: Moa
        names_en: 
          - Moa
        names_es: ~
        population: 92852
        timezone: America/Havana
      - 
        alternate_names: 
          - Holguin
          - Holguín
          - Holquin
          - Ol'gin
        ascii_name: Holguin
        geonamesid: 3556969
        latitude: 20.88722
        longitude: -76.26306
        name: Holguín
        names_en: 
          - Holguín
        names_es: 
          - Holguín
        population: 319102
        timezone: America/Havana
      - 
        alternate_names: ~
        ascii_name: Gibara
        geonamesid: 3558315
        latitude: 21.10972
        longitude: -76.13167
        name: Gibara
        names_en: ~
        names_es: ~
        population: 27603
        timezone: America/Havana
      - 
        alternate_names: ~
        ascii_name: Cueto
        geonamesid: 3562895
        latitude: 20.64389
        longitude: -75.93556
        name: Cueto
        names_en: ~
        names_es: ~
        population: 26527
        timezone: America/Havana
      - 
        alternate_names: ~
        ascii_name: Banes
        geonamesid: 3567869
        latitude: 20.9625
        longitude: -75.71861
        name: Banes
        names_en: ~
        names_es: ~
        population: 53104
        timezone: America/Havana
      - 
        alternate_names: ~
        ascii_name: Baguanos
        geonamesid: 3746938
        latitude: 20.75167
        longitude: -76.02694
        name: Báguanos
        names_en: ~
        names_es: ~
        population: 15176
        timezone: America/Havana
    geonamesid: 3556965
    name: Holguín
    names_en: ~
    names_es: ~
  - 
    abbr: GT
    ascii_name: "Provincia de Guantanamo"
    cities: 
      - 
        alternate_names: 
          - Guantanama
          - Guantanamo
          - Guantánamo
          - Guatanamo
        ascii_name: Guantanamo
        geonamesid: 3557689
        latitude: 20.14444
        longitude: -75.20917
        name: Guantánamo
        names_en: 
          - Guantánamo
        names_es: 
          - Guantánamo
        population: 272801
        timezone: America/Havana
      - 
        alternate_names: 
          - Coralillo
          - Corralillo
        ascii_name: Corralillo
        geonamesid: 3563317
        latitude: 22.98194
        longitude: -80.58556
        name: Corralillo
        names_en: ~
        names_es: ~
        population: 51881
        timezone: America/Havana
      - 
        alternate_names: 
          - Baracoa
          - Barakoa
          - Баракоа
        ascii_name: Baracoa
        geonamesid: 3567834
        latitude: 20.34667
        longitude: -74.49583
        name: Baracoa
        names_en: 
          - Baracoa
        names_es: 
          - Baracoa
        population: 48362
        timezone: America/Havana
    geonamesid: 3557685
    name: Guantánamo
    names_en: ~
    names_es: ~
  - 
    ascii_name: "Provincia Granma"
    cities: 
      - 
        alternate_names: 
          - "Poblado Yara"
          - Yara
        ascii_name: Yara
        geonamesid: 3533753
        latitude: 20.27528
        longitude: -76.95333
        name: Yara
        names_en: ~
        names_es: ~
        population: 28944
        timezone: America/Havana
      - 
        alternate_names: ~
        ascii_name: "Rio Cauto"
        geonamesid: 3542167
        latitude: 20.56028
        longitude: -76.91611
        name: "Río Cauto"
        names_en: ~
        names_es: ~
        population: 23737
        timezone: America/Havana
      - 
        alternate_names: 
          - Niguero
          - Niquero
        ascii_name: Niquero
        geonamesid: 3545981
        latitude: 20.04306
        longitude: -77.58278
        name: Niquero
        names_en: ~
        names_es: ~
        population: 18771
        timezone: America/Havana
      - 
        alternate_names: ~
        ascii_name: "Media Luna"
        geonamesid: 3547260
        latitude: 20.14194
        longitude: -77.435
        name: "Media Luna"
        names_en: ~
        names_es: ~
        population: 16713
        timezone: America/Havana
      - 
        alternate_names: 
          - Mansanil'o
          - Manzanillo
          - Мансанильо
        ascii_name: Manzanillo
        geonamesid: 3547867
        latitude: 20.34333
        longitude: -77.11667
        name: Manzanillo
        names_en: 
          - Manzanillo
        names_es: 
          - Manzanillo
        population: 128188
        timezone: America/Havana
      - 
        alternate_names: ~
        ascii_name: Jiguani
        geonamesid: 3556168
        latitude: 20.36667
        longitude: -76.42722
        name: Jiguaní
        names_en: ~
        names_es: ~
        population: 41106
        timezone: America/Havana
      - 
        alternate_names: 
          - Guisa
          - "Poblado Guisa"
        ascii_name: Guisa
        geonamesid: 3557332
        latitude: 20.255
        longitude: -76.53861
        name: Guisa
        names_en: ~
        names_es: ~
        population: 18408
        timezone: America/Havana
      - 
        alternate_names: ~
        ascii_name: Campechuela
        geonamesid: 3565951
        latitude: 20.23417
        longitude: -77.27889
        name: Campechuela
        names_en: ~
        names_es: ~
        population: 25069
        timezone: America/Havana
      - 
        alternate_names: 
          - Bajamo
          - Bayamo
          - Баямо
        ascii_name: Bayamo
        geonamesid: 3567597
        latitude: 20.37917
        longitude: -76.64333
        name: Bayamo
        names_en: 
          - Bayamo
        names_es: 
          - Bayamo
        population: 192632
        timezone: America/Havana
    geonamesid: 3558052
    name: Granma
    names_en: ~
    names_es: ~
  - 
    abbr: CH
    ascii_name: "Provincia de Ciudad de La Habana"
    cities: 
      - 
        alternate_names: 
          - Sant'jago-de-las-Vegas
          - "Santiago de las Vegas"
          - Сантьяго-де-лас-Вегас
        ascii_name: "Santiago de las Vegas"
        geonamesid: 3536724
        latitude: 22.97
        longitude: -82.38694
        name: "Santiago de las Vegas"
        names_en: ~
        names_es: ~
        population: 35241
        timezone: America/Havana
      - 
        alternate_names: 
          - "A Habana - La Habana"
          - Abana
          - Gavana
          - Habana
        ascii_name: Havana
        geonamesid: 3553478
        latitude: 23.13302
        longitude: -82.38304
        name: Havana
        names_en: 
          - Havana
        names_es: 
          - "La Habana"
        population: 2163824
        timezone: America/Havana
    geonamesid: 3564073
    name: "Ciudad de La Habana"
    names_en: ~
    names_es: ~
  - 
    abbr: CF
    ascii_name: "Provincia de Cienfuegos"
    cities: 
      - 
        alternate_names: 
          - Robas
          - Rodas
        ascii_name: Rodas
        geonamesid: 3541999
        latitude: 22.34083
        longitude: -80.55722
        name: Rodas
        names_en: ~
        names_es: ~
        population: 19212
        timezone: America/Havana
      - 
        alternate_names: ~
        ascii_name: Palmira
        geonamesid: 3545040
        latitude: 22.24167
        longitude: -80.39028
        name: Palmira
        names_en: ~
        names_es: ~
        population: 23078
        timezone: America/Havana
      - 
        alternate_names: ~
        ascii_name: Cumanayagua
        geonamesid: 3562827
        latitude: 22.14944
        longitude: -80.20222
        name: Cumanayagua
        names_en: ~
        names_es: ~
        population: 38687
        timezone: America/Havana
      - 
        alternate_names: 
          - Cruces
          - Crues
          - Kruses
          - "Las Cruces"
        ascii_name: Cruces
        geonamesid: 3563145
        latitude: 22.34111
        longitude: -80.26667
        name: Cruces
        names_en: ~
        names_es: ~
        population: 24906
        timezone: America/Havana
      - 
        alternate_names: 
          - Cienfuegos
          - S'enfuehgos
          - shienfuegosu
          - Сьенфуэгос
        ascii_name: Cienfuegos
        geonamesid: 3564124
        latitude: 22.14611
        longitude: -80.43556
        name: Cienfuegos
        names_en: 
          - Cienfuegos
        names_es: 
          - Cienfuegos
        population: 186644
        timezone: America/Havana
      - 
        alternate_names: 
          - Aguada
          - "Aguada de Pasajeros"
        ascii_name: "Aguada de Pasajeros"
        geonamesid: 3569546
        latitude: 22.385
        longitude: -80.85083
        name: "Aguada de Pasajeros"
        names_en: ~
        names_es: ~
        population: 23606
        timezone: America/Havana
      - 
        alternate_names: 
          - Abreu
          - Abreus
        ascii_name: Abreus
        geonamesid: 3569741
        latitude: 22.2775
        longitude: -80.5675
        name: Abreus
        names_en: ~
        names_es: ~
        population: 16711
        timezone: America/Havana
    geonamesid: 3564120
    name: Cienfuegos
    names_en: ~
    names_es: ~
  - 
    abbr: CA
    ascii_name: "Provincia de Ciego de Avila"
    cities: 
      - 
        alternate_names: 
          - Stewart
          - Venezuela
        ascii_name: Venezuela
        geonamesid: 3534432
        latitude: 21.73528
        longitude: -78.79639
        name: Venezuela
        names_en: ~
        names_es: ~
        population: 16601
        timezone: America/Havana
      - 
        alternate_names: 
          - "Primero de Enero"
          - Violeta
        ascii_name: "Primero de Enero"
        geonamesid: 3543498
        latitude: 21.94694
        longitude: -78.42833
        name: "Primero de Enero"
        names_en: ~
        names_es: ~
        population: 17934
        timezone: America/Havana
      - 
        alternate_names: 
          - Moron
          - Morón
          - Морон
        ascii_name: Moron
        geonamesid: 3546434
        latitude: 22.10944
        longitude: -78.6275
        name: Morón
        names_en: 
          - Morón
        names_es: ~
        population: 66060
        timezone: America/Havana
      - 
        alternate_names: 
          - "Ciego de Avila"
          - "Ciego de Ávila"
        ascii_name: "Ciego de Avila"
        geonamesid: 3564178
        latitude: 21.84
        longitude: -78.76194
        name: "Ciego de Ávila"
        names_en: 
          - "Ciego de Ávila"
        names_es: ~
        population: 142027
        timezone: America/Havana
      - 
        alternate_names: ~
        ascii_name: Chambas
        geonamesid: 3564394
        latitude: 22.19278
        longitude: -78.91361
        name: Chambas
        names_en: ~
        names_es: ~
        population: 24114
        timezone: America/Havana
      - 
        alternate_names: ~
        ascii_name: Baragua
        geonamesid: 3567823
        latitude: 21.69667
        longitude: -78.63278
        name: Baraguá
        names_en: ~
        names_es: ~
        population: 15268
        timezone: America/Havana
    geonamesid: 3564175
    name: "Ciego de Ávila"
    names_en: ~
    names_es: ~
  - 
    abbr: CG
    ascii_name: "Provincia de Camaguey"
    cities: 
      - 
        alternate_names: ~
        ascii_name: Vertientes
        geonamesid: 3534363
        latitude: 21.25944
        longitude: -78.14639
        name: Vertientes
        names_en: ~
        names_es: ~
        population: 29704
        timezone: America/Havana
      - 
        alternate_names: 
          - "Poblado Sibanicu"
          - Sibanicu
          - Sibanicú
        ascii_name: Sibanicu
        geonamesid: 3536259
        latitude: 21.235
        longitude: -77.52639
        name: Sibanicú
        names_en: ~
        names_es: ~
        population: 16856
        timezone: America/Havana
      - 
        alternate_names: ~
        ascii_name: "Santa Cruz del Sur"
        geonamesid: 3537840
        latitude: 20.71472
        longitude: -77.99556
        name: "Santa Cruz del Sur"
        names_en: ~
        names_es: ~
        population: 34601
        timezone: America/Havana
      - 
        alternate_names: ~
        ascii_name: Nuevitas
        geonamesid: 3545841
        latitude: 21.54528
        longitude: -77.26444
        name: Nuevitas
        names_en: ~
        names_es: ~
        population: 54022
        timezone: America/Havana
      - 
        alternate_names: 
          - Minas
          - "Poblado Minas"
          - Минас
        ascii_name: Minas
        geonamesid: 3546894
        latitude: 21.48333
        longitude: -77.61667
        name: Minas
        names_en: ~
        names_es: ~
        population: 20863
        timezone: America/Havana
      - 
        alternate_names: 
          - Guaimaro
          - Guasimaro
          - Guaymaro
          - Guáimaro
        ascii_name: Guaimaro
        geonamesid: 3557923
        latitude: 21.05
        longitude: -77.35
        name: Guáimaro
        names_en: ~
        names_es: ~
        population: 39358
        timezone: America/Havana
      - 
        alternate_names: 
          - Florida
          - "La Florida"
          - Флорида
        ascii_name: Florida
        geonamesid: 3558771
        latitude: 21.52472
        longitude: -78.22583
        name: Florida
        names_en: ~
        names_es: ~
        population: 63007
        timezone: America/Havana
      - 
        alternate_names: 
          - Ehsmeral'da
          - Esmeralda
          - "La Esmeralda"
          - Эсмеральда
        ascii_name: Esmeralda
        geonamesid: 3559318
        latitude: 21.8525
        longitude: -78.11694
        name: Esmeralda
        names_en: ~
        names_es: ~
        population: 20274
        timezone: America/Havana
      - 
        alternate_names: 
          - Camagueey
          - Camaguey
          - Camagüey
          - Kamaguehj
        ascii_name: Camaguey
        geonamesid: 3566067
        latitude: 21.38083
        longitude: -77.91694
        name: Camagüey
        names_en: 
          - Camagüey
        names_es: 
          - Camagüey
        population: 347562
        timezone: America/Havana
    geonamesid: 3566062
    name: Camagüey
    names_en: ~
    names_es: ~
  - 
    ascii_name: "Provincia Artemisa"
    cities: 
      - 
        alternate_names: 
          - Artemisa
          - Артемиса
        ascii_name: Artemisa
        geonamesid: 3568312
        latitude: 22.81306
        longitude: -82.76194
        name: Artemisa
        names_en: 
          - Artemisa
        names_es: ~
        population: 68073
        timezone: America/Havana
    geonamesid: 7668824
    name: "Provincia Artemisa"
    names_en: ~
    names_es: ~
  - 
    ascii_name: "Provincia Mayabeque"
    cities: 
      - 
        alternate_names: 
          - "Santa Cruz del Norte"
        ascii_name: "Santa Cruz del Norte"
        geonamesid: 3537845
        latitude: 23.15389
        longitude: -81.92361
        name: "Santa Cruz del Norte"
        names_en: ~
        names_es: ~
        population: 18402
        timezone: America/Havana
      - 
        alternate_names: 
          - "San Nicolas"
          - "San Nicolas de Bari"
          - "San Nicolás"
          - "San Nicolás de Bari"
        ascii_name: "San Nicolas"
        geonamesid: 3538758
        latitude: 22.78444
        longitude: -81.91333
        name: "San Nicolás"
        names_en: ~
        names_es: ~
        population: 14914
        timezone: America/Havana
      - 
        alternate_names: ~
        ascii_name: "San Jose de las Lajas"
        geonamesid: 3539560
        latitude: 22.96139
        longitude: -82.15111
        name: "San José de las Lajas"
        names_en: ~
        names_es: ~
        population: 54847
        timezone: America/Havana
      - 
        alternate_names: 
          - "San Antonio de los Banos"
          - "San Antonio de los Baños"
        ascii_name: "San Antonio de los Banos"
        geonamesid: 3540885
        latitude: 22.89111
        longitude: -82.49917
        name: "San Antonio de los Baños"
        names_en: ~
        names_es: ~
        population: 42724
        timezone: America/Havana
      - 
        alternate_names: 
          - Kivikan
          - Quivican
          - Quivicán
          - Кивикан
        ascii_name: Quivican
        geonamesid: 3542965
        latitude: 22.82306
        longitude: -82.355
        name: Quivicán
        names_en: ~
        names_es: ~
        population: 12919
        timezone: America/Havana
      - 
        alternate_names: ~
        ascii_name: Mariel
        geonamesid: 3547600
        latitude: 22.9875
        longitude: -82.75361
        name: Mariel
        names_en: ~
        names_es: ~
        population: 28987
        timezone: America/Havana
      - 
        alternate_names: ~
        ascii_name: Madruga
        geonamesid: 3548529
        latitude: 22.91139
        longitude: -81.85611
        name: Madruga
        names_en: ~
        names_es: ~
        population: 33798
        timezone: America/Havana
      - 
        alternate_names: 
          - "La Saljud"
          - "La Salud"
          - Salud
          - "Ла Салюд"
        ascii_name: "La Salud"
        geonamesid: 3551608
        latitude: 22.87139
        longitude: -82.42389
        name: "La Salud"
        names_en: ~
        names_es: ~
        population: 28796
        timezone: America/Havana
      - 
        alternate_names: 
          - Jaruco
        ascii_name: Jaruco
        geonamesid: 3556351
        latitude: 23.04306
        longitude: -82.01083
        name: Jaruco
        names_en: ~
        names_es: ~
        population: 20207
        timezone: America/Havana
      - 
        alternate_names: ~
        ascii_name: Jamaica
        geonamesid: 3556406
        latitude: 22.97917
        longitude: -82.17028
        name: Jamaica
        names_en: ~
        names_es: ~
        population: 15000
        timezone: America/Havana
      - 
        alternate_names: 
          - "Gueira de Melena"
          - "Guira de Melena"
          - "Güira de Melena"
        ascii_name: "Guira de Melena"
        geonamesid: 3557347
        latitude: 22.79056
        longitude: -82.50528
        name: "Güira de Melena"
        names_en: 
          - "Güira de Melena"
        names_es: ~
        population: 69879
        timezone: America/Havana
      - 
        alternate_names: ~
        ascii_name: Guanajay
        geonamesid: 3557801
        latitude: 22.92639
        longitude: -82.6875
        name: Guanajay
        names_en: ~
        names_es: ~
        population: 25258
        timezone: America/Havana
      - 
        alternate_names: ~
        ascii_name: Cabanas
        geonamesid: 3566573
        latitude: 22.97583
        longitude: -82.92194
        name: Cabañas
        names_en: ~
        names_es: ~
        population: 5894
        timezone: America/Havana
      - 
        alternate_names: 
          - Bejucal
          - Bejucall
        ascii_name: Bejucal
        geonamesid: 3567546
        latitude: 22.92861
        longitude: -82.38861
        name: Bejucal
        names_en: ~
        names_es: ~
        population: 18123
        timezone: America/Havana
      - 
        alternate_names: 
          - Bauta
          - "Hoyo Colorado"
        ascii_name: Bauta
        geonamesid: 3567612
        latitude: 22.98278
        longitude: -82.54639
        name: Bauta
        names_en: ~
        names_es: ~
        population: 45768
        timezone: America/Havana
      - 
        alternate_names: ~
        ascii_name: Batabano
        geonamesid: 3567655
        latitude: 22.71639
        longitude: -82.28806
        name: Batabanó
        names_en: ~
        names_es: ~
        population: 13832
        timezone: America/Havana
      - 
        alternate_names: ~
        ascii_name: Alquizar
        geonamesid: 3569136
        latitude: 22.80583
        longitude: -82.58417
        name: Alquízar
        names_en: ~
        names_es: ~
        population: 15275
        timezone: America/Havana
    geonamesid: 7668827
    name: "Provincia Mayabeque"
    names_en: ~
    names_es: ~
