--- 
geonamesid: 3585968
iso: SV
name: "El Salvador"
names_en: 
  - "El Salvador"
  - "Republic of El Salvador"
names_es: 
  - "El Salvador"
  - "República de El Salvador"
regions: 
  - 
    ascii_name: "Departamento de Usulutan"
    cities: 
      - 
        alternate_names: 
          - Usulutan
          - Usulutane
          - Usulután
          - Усулутане
        ascii_name: Usulutan
        geonamesid: 3582883
        latitude: 13.35
        longitude: -88.45
        name: Usulután
        names_en: ~
        names_es: ~
        population: 51910
        timezone: America/El_Salvador
      - 
        alternate_names: 
          - Santiago
          - "Santiago de Maria"
          - "Santiago de María"
        ascii_name: "Santiago de Maria"
        geonamesid: 3583199
        latitude: 13.48333
        longitude: -88.46667
        name: "Santiago de María"
        names_en: ~
        names_es: ~
        population: 15032
        timezone: America/El_Salvador
      - 
        alternate_names: ~
        ascii_name: "Santa Elena"
        geonamesid: 3583278
        latitude: 13.38333
        longitude: -88.41667
        name: "Santa Elena"
        names_en: ~
        names_es: ~
        population: 5887
        timezone: America/El_Salvador
      - 
        alternate_names: ~
        ascii_name: "San Agustin"
        geonamesid: 3583910
        latitude: 13.43333
        longitude: -88.6
        name: "San Agustín"
        names_en: ~
        names_es: ~
        population: 2149
        timezone: America/El_Salvador
      - 
        alternate_names: 
          - "Puerto Del Triunfo"
          - "Puerto El Triunfo"
        ascii_name: "Puerto El Triunfo"
        geonamesid: 3584003
        latitude: 13.28333
        longitude: -88.55
        name: "Puerto El Triunfo"
        names_en: ~
        names_es: ~
        population: 19074
        timezone: America/El_Salvador
      - 
        alternate_names: ~
        ascii_name: Ozatlan
        geonamesid: 3584190
        latitude: 13.38333
        longitude: -88.5
        name: Ozatlán
        names_en: ~
        names_es: ~
        population: 4171
        timezone: America/El_Salvador
      - 
        alternate_names: ~
        ascii_name: Jucuaran
        geonamesid: 3585395
        latitude: 13.25389
        longitude: -88.24778
        name: Jucuarán
        names_en: ~
        names_es: ~
        population: 1643
        timezone: America/El_Salvador
      - 
        alternate_names: ~
        ascii_name: Jucuapa
        geonamesid: 3585398
        latitude: 13.51667
        longitude: -88.38333
        name: Jucuapa
        names_en: ~
        names_es: ~
        population: 10601
        timezone: America/El_Salvador
      - 
        alternate_names: 
          - Ilquilisco
          - Jiquilisco
        ascii_name: Jiquilisco
        geonamesid: 3585438
        latitude: 13.31667
        longitude: -88.58333
        name: Jiquilisco
        names_en: ~
        names_es: ~
        population: 9129
        timezone: America/El_Salvador
      - 
        alternate_names: ~
        ascii_name: "Concepcion Batres"
        geonamesid: 3586930
        latitude: 13.35
        longitude: -88.36667
        name: "Concepción Batres"
        names_en: ~
        names_es: ~
        population: 3286
        timezone: America/El_Salvador
      - 
        alternate_names: 
          - Berlin
          - Berlín
        ascii_name: Berlin
        geonamesid: 3587266
        latitude: 13.5
        longitude: -88.53333
        name: Berlín
        names_en: ~
        names_es: ~
        population: 11313
        timezone: America/El_Salvador
    geonamesid: 3582882
    name: Usulután
    names_en: ~
    names_es: ~
  - 
    ascii_name: "Departamento de Sonsonate"
    cities: 
      - 
        alternate_names: ~
        ascii_name: Sonzacate
        geonamesid: 3583098
        latitude: 13.73417
        longitude: -89.71472
        name: Sonzacate
        names_en: ~
        names_es: ~
        population: 15446
        timezone: America/El_Salvador
      - 
        alternate_names: 
          - "Ciudad de Sonsonate"
          - Sonsonate
          - Сонсонате
        ascii_name: Sonsonate
        geonamesid: 3583102
        latitude: 13.71889
        longitude: -89.72417
        name: Sonsonate
        names_en: ~
        names_es: ~
        population: 59468
        timezone: America/El_Salvador
      - 
        alternate_names: 
          - "San Antonio del Monte"
        ascii_name: "San Antonio del Monte"
        geonamesid: 3583851
        latitude: 13.71639
        longitude: -89.73833
        name: "San Antonio del Monte"
        names_en: ~
        names_es: ~
        population: 9135
        timezone: America/El_Salvador
      - 
        alternate_names: 
          - Nahuizalco
          - Nauizalco
        ascii_name: Nahuizalco
        geonamesid: 3584297
        latitude: 13.7775
        longitude: -89.73667
        name: Nahuizalco
        names_en: ~
        names_es: ~
        population: 7358
        timezone: America/El_Salvador
      - 
        alternate_names: ~
        ascii_name: Juayua
        geonamesid: 3585401
        latitude: 13.84139
        longitude: -89.74556
        name: Juayúa
        names_en: ~
        names_es: ~
        population: 9936
        timezone: America/El_Salvador
      - 
        alternate_names: 
          - Izalco
          - Yzalco
        ascii_name: Izalco
        geonamesid: 3585473
        latitude: 13.74472
        longitude: -89.67306
        name: Izalco
        names_en: ~
        names_es: ~
        population: 19197
        timezone: America/El_Salvador
      - 
        alternate_names: 
          - Armenia
          - Guaymoco
        ascii_name: Armenia
        geonamesid: 3587333
        latitude: 13.74361
        longitude: -89.49889
        name: Armenia
        names_en: ~
        names_es: ~
        population: 14997
        timezone: America/El_Salvador
      - 
        alternate_names: 
          - Acajutla
          - Akakhutla
          - "Puerto Acajutla"
          - Акахутла
        ascii_name: Acajutla
        geonamesid: 3587498
        latitude: 13.59278
        longitude: -89.8275
        name: Acajutla
        names_en: ~
        names_es: ~
        population: 22763
        timezone: America/El_Salvador
    geonamesid: 3583101
    name: Sonsonate
    names_en: ~
    names_es: ~
  - 
    ascii_name: "Departamento de San Vicente"
    cities: 
      - 
        alternate_names: 
          - "San Vicente"
          - "San Vincente"
        ascii_name: "San Vicente"
        geonamesid: 3583178
        latitude: 13.63333
        longitude: -88.8
        name: "San Vicente"
        names_en: ~
        names_es: ~
        population: 37326
        timezone: America/El_Salvador
      - 
        alternate_names: ~
        ascii_name: "San Sebastian"
        geonamesid: 3583352
        latitude: 13.73333
        longitude: -88.83333
        name: "San Sebastián"
        names_en: ~
        names_es: ~
        population: 7333
        timezone: America/El_Salvador
      - 
        alternate_names: 
          - Apastepeq
          - Apastepeque
        ascii_name: Apastepeque
        geonamesid: 3587349
        latitude: 13.66667
        longitude: -88.78333
        name: Apastepeque
        names_en: ~
        names_es: ~
        population: 5785
        timezone: America/El_Salvador
    geonamesid: 3583176
    name: "San Vicente"
    names_en: ~
    names_es: ~
  - 
    ascii_name: "Departamento de Santa Ana"
    cities: 
      - 
        alternate_names: ~
        ascii_name: Texistepeque
        geonamesid: 3582954
        latitude: 14.13333
        longitude: -89.5
        name: Texistepeque
        names_en: ~
        names_es: ~
        population: 2401
        timezone: America/El_Salvador
      - 
        alternate_names: 
          - "Santa Ana"
          - Santa-Ana
          - Санта-Ана
        ascii_name: "Santa Ana"
        geonamesid: 3583334
        latitude: 13.99417
        longitude: -89.55972
        name: "Santa Ana"
        names_en: 
          - "Santa Ana"
        names_es: ~
        population: 176661
        timezone: America/El_Salvador
      - 
        alternate_names: 
          - Metapan
          - Metapán
        ascii_name: Metapan
        geonamesid: 3584384
        latitude: 14.33333
        longitude: -89.45
        name: Metapán
        names_en: ~
        names_es: ~
        population: 19143
        timezone: America/El_Salvador
      - 
        alternate_names: ~
        ascii_name: "El Congo"
        geonamesid: 3586550
        latitude: 13.90889
        longitude: -89.49583
        name: "El Congo"
        names_en: ~
        names_es: ~
        population: 8905
        timezone: America/El_Salvador
      - 
        alternate_names: ~
        ascii_name: Coatepeque
        geonamesid: 3586981
        latitude: 13.92861
        longitude: -89.50417
        name: Coatepeque
        names_en: ~
        names_es: ~
        population: 5773
        timezone: America/El_Salvador
      - 
        alternate_names: 
          - Chalchuapa
        ascii_name: Chalchuapa
        geonamesid: 3587086
        latitude: 13.98667
        longitude: -89.68111
        name: Chalchuapa
        names_en: ~
        names_es: ~
        population: 32282
        timezone: America/El_Salvador
      - 
        alternate_names: 
          - Candelaria
          - "Candelaria de La Frontera"
          - Candelario
        ascii_name: "Candelaria de La Frontera"
        geonamesid: 3587157
        latitude: 14.11667
        longitude: -89.65
        name: "Candelaria de La Frontera"
        names_en: ~
        names_es: ~
        population: 6301
        timezone: America/El_Salvador
    geonamesid: 3583332
    name: "Santa Ana"
    names_en: ~
    names_es: ~
  - 
    ascii_name: "Departamento de San Salvador"
    cities: 
      - 
        alternate_names: ~
        ascii_name: Tonacatepeque
        geonamesid: 3582918
        latitude: 13.78111
        longitude: -89.11861
        name: Tonacatepeque
        names_en: ~
        names_es: ~
        population: 6245
        timezone: America/El_Salvador
      - 
        alternate_names: 
          - Sojapango
          - Soyapango
          - Soyopango
          - Сояпанго
        ascii_name: Soyapango
        geonamesid: 3583096
        latitude: 13.73472
        longitude: -89.15139
        name: Soyapango
        names_en: 
          - Soyapango
        names_es: ~
        population: 329708
        timezone: America/El_Salvador
      - 
        alternate_names: ~
        ascii_name: "Santo Tomas"
        geonamesid: 3583183
        latitude: 13.64083
        longitude: -89.13333
        name: "Santo Tomás"
        names_en: ~
        names_es: ~
        population: 14581
        timezone: America/El_Salvador
      - 
        alternate_names: 
          - Salvador
          - "San Salbador"
          - "San Salvador"
          - "San Salvadoras"
        ascii_name: "San Salvador"
        geonamesid: 3583361
        latitude: 13.68935
        longitude: -89.18718
        name: "San Salvador"
        names_en: 
          - "San Salvador"
        names_es: 
          - "San Salvador"
        population: 525990
        timezone: America/El_Salvador
      - 
        alternate_names: ~
        ascii_name: "San Marcos"
        geonamesid: 3583480
        latitude: 13.65889
        longitude: -89.18306
        name: "San Marcos"
        names_en: ~
        names_es: ~
        population: 54615
        timezone: America/El_Salvador
      - 
        alternate_names: 
          - "Rosario de Mora"
        ascii_name: "Rosario de Mora"
        geonamesid: 3583937
        latitude: 13.57528
        longitude: -89.20889
        name: "Rosario de Mora"
        names_en: ~
        names_es: ~
        population: 5178
        timezone: America/El_Salvador
      - 
        alternate_names: 
          - Panchimalco
        ascii_name: Panchimalco
        geonamesid: 3584156
        latitude: 13.61278
        longitude: -89.18
        name: Panchimalco
        names_en: ~
        names_es: ~
        population: 6764
        timezone: America/El_Salvador
      - 
        alternate_names: 
          - Mejicanos
          - Mekhikanos
          - Mexicanos
          - Мехиканос
        ascii_name: Mejicanos
        geonamesid: 3584399
        latitude: 13.74028
        longitude: -89.21306
        name: Mejicanos
        names_en: 
          - Mejicanos
        names_es: ~
        population: 160317
        timezone: America/El_Salvador
      - 
        alternate_names: 
          - Ilopango
          - Ylopango
          - Илопанго
        ascii_name: Ilopango
        geonamesid: 3585484
        latitude: 13.70167
        longitude: -89.10944
        name: Ilopango
        names_en: ~
        names_es: ~
        population: 38890
        timezone: America/El_Salvador
      - 
        alternate_names: 
          - Guasapa
          - Guazapa
        ascii_name: Guazapa
        geonamesid: 3585636
        latitude: 13.87694
        longitude: -89.17306
        name: Guazapa
        names_en: ~
        names_es: ~
        population: 10995
        timezone: America/El_Salvador
      - 
        alternate_names: 
          - "El Paisnal"
          - Paisnal
        ascii_name: "El Paisnal"
        geonamesid: 3586204
        latitude: 13.97361
        longitude: -89.21861
        name: "El Paisnal"
        names_en: ~
        names_es: ~
        population: 1641
        timezone: America/El_Salvador
      - 
        alternate_names: 
          - Del'gado
          - Delgado
          - "Villa Delcado"
          - "Villa Delgado"
        ascii_name: Delgado
        geonamesid: 3586814
        latitude: 13.72417
        longitude: -89.17028
        name: Delgado
        names_en: 
          - Delgado
        names_es: ~
        population: 71594
        timezone: America/El_Salvador
      - 
        alternate_names: 
          - Cuscatancingo
        ascii_name: Cuscatancingo
        geonamesid: 3586833
        latitude: 13.73611
        longitude: -89.18139
        name: Cuscatancingo
        names_en: ~
        names_es: ~
        population: 44369
        timezone: America/El_Salvador
      - 
        alternate_names: 
          - Ayutuxtepegue
          - Ayutuxtepeque
        ascii_name: Ayutuxtepeque
        geonamesid: 3587308
        latitude: 13.74556
        longitude: -89.20639
        name: Ayutuxtepeque
        names_en: ~
        names_es: ~
        population: 25426
        timezone: America/El_Salvador
      - 
        alternate_names: 
          - Apopa
        ascii_name: Apopa
        geonamesid: 3587345
        latitude: 13.80722
        longitude: -89.17917
        name: Apopa
        names_en: 
          - Apopa
        names_es: ~
        population: 112158
        timezone: America/El_Salvador
      - 
        alternate_names: ~
        ascii_name: Aguilares
        geonamesid: 3587428
        latitude: 13.95722
        longitude: -89.18972
        name: Aguilares
        names_en: ~
        names_es: ~
        population: 21445
        timezone: America/El_Salvador
    geonamesid: 3583360
    name: "San Salvador"
    names_en: ~
    names_es: ~
  - 
    ascii_name: "Departamento de San Miguel"
    cities: 
      - 
        alternate_names: ~
        ascii_name: Sesori
        geonamesid: 3583155
        latitude: 13.71667
        longitude: -88.36667
        name: Sesori
        names_en: ~
        names_es: ~
        population: 1390
        timezone: America/El_Salvador
      - 
        alternate_names: 
          - "San Rafael Oriente"
          - "San Rafael de Oriente"
        ascii_name: "San Rafael Oriente"
        geonamesid: 3583379
        latitude: 13.38333
        longitude: -88.35
        name: "San Rafael Oriente"
        names_en: ~
        names_es: ~
        population: 19095
        timezone: America/El_Salvador
      - 
        alternate_names: ~
        ascii_name: "San Miquel"
        geonamesid: 3583446
        latitude: 13.48333
        longitude: -88.18333
        name: "San Miquel"
        names_en: ~
        names_es: ~
        population: 161880
        timezone: America/El_Salvador
      - 
        alternate_names: ~
        ascii_name: "Nueva Guadalupe"
        geonamesid: 3584260
        latitude: 13.53333
        longitude: -88.35
        name: "Nueva Guadalupe"
        names_en: ~
        names_es: ~
        population: 5798
        timezone: America/El_Salvador
      - 
        alternate_names: ~
        ascii_name: Moncagua
        geonamesid: 3584348
        latitude: 13.53333
        longitude: -88.25
        name: Moncagua
        names_en: ~
        names_es: ~
        population: 2148
        timezone: America/El_Salvador
      - 
        alternate_names: ~
        ascii_name: Lolotique
        geonamesid: 3584714
        latitude: 13.55
        longitude: -88.35
        name: Lolotique
        names_en: ~
        names_es: ~
        population: 2654
        timezone: America/El_Salvador
      - 
        alternate_names: ~
        ascii_name: "El Transito"
        geonamesid: 3585856
        latitude: 13.35
        longitude: -88.35
        name: "El Tránsito"
        names_en: ~
        names_es: ~
        population: 9485
        timezone: America/El_Salvador
      - 
        alternate_names: 
          - "Ciudad Barrios"
          - "Villa de Cacahuatique"
        ascii_name: "Ciudad Barrios"
        geonamesid: 3586983
        latitude: 13.76667
        longitude: -88.26667
        name: "Ciudad Barrios"
        names_en: ~
        names_es: ~
        population: 8491
        timezone: America/El_Salvador
      - 
        alternate_names: ~
        ascii_name: Chirilagua
        geonamesid: 3587018
        latitude: 13.22028
        longitude: -88.13861
        name: Chirilagua
        names_en: ~
        names_es: ~
        population: 6393
        timezone: America/El_Salvador
      - 
        alternate_names: 
          - Chinameca
        ascii_name: Chinameca
        geonamesid: 3587037
        latitude: 13.5
        longitude: -88.35
        name: Chinameca
        names_en: ~
        names_es: ~
        population: 8646
        timezone: America/El_Salvador
      - 
        alternate_names: 
          - Chapelpique
          - Chapeltique
        ascii_name: Chapeltique
        geonamesid: 3587064
        latitude: 13.63333
        longitude: -88.26667
        name: Chapeltique
        names_en: ~
        names_es: ~
        population: 3159
        timezone: America/El_Salvador
    geonamesid: 3583462
    name: "San Miguel"
    names_en: ~
    names_es: ~
  - 
    ascii_name: "Departamento de Morazan"
    cities: 
      - 
        alternate_names: 
          - Sociedad
        ascii_name: Sociedad
        geonamesid: 3583111
        latitude: 13.7
        longitude: -88.01667
        name: Sociedad
        names_en: ~
        names_es: ~
        population: 1770
        timezone: America/El_Salvador
      - 
        alternate_names: 
          - Gotera
          - "San Francisco"
          - "San Francisco Gotera"
        ascii_name: "San Francisco"
        geonamesid: 3583747
        latitude: 13.7
        longitude: -88.1
        name: "San Francisco"
        names_en: ~
        names_es: ~
        population: 16152
        timezone: America/El_Salvador
      - 
        alternate_names: 
          - Jocoro
        ascii_name: Jocoro
        geonamesid: 3585427
        latitude: 13.61667
        longitude: -88.01667
        name: Jocoro
        names_en: ~
        names_es: ~
        population: 4298
        timezone: America/El_Salvador
      - 
        alternate_names: ~
        ascii_name: Guatajiagua
        geonamesid: 3585653
        latitude: 13.66667
        longitude: -88.2
        name: Guatajiagua
        names_en: ~
        names_es: ~
        population: 5273
        timezone: America/El_Salvador
      - 
        alternate_names: ~
        ascii_name: Corinto
        geonamesid: 3586884
        latitude: 13.81083
        longitude: -87.97139
        name: Corinto
        names_en: ~
        names_es: ~
        population: 3160
        timezone: America/El_Salvador
      - 
        alternate_names: ~
        ascii_name: Cacaopera
        geonamesid: 3587208
        latitude: 13.76667
        longitude: -88.08333
        name: Cacaopera
        names_en: ~
        names_es: ~
        population: 2528
        timezone: America/El_Salvador
    geonamesid: 3584317
    name: Morazán
    names_en: ~
    names_es: ~
  - 
    ascii_name: "Departamento de La Union"
    cities: 
      - 
        alternate_names: 
          - "Santa Rosa"
          - "Santa Rosa de Lima"
        ascii_name: "Santa Rosa de Lima"
        geonamesid: 3583214
        latitude: 13.62472
        longitude: -87.89361
        name: "Santa Rosa de Lima"
        names_en: ~
        names_es: ~
        population: 13249
        timezone: America/El_Salvador
      - 
        alternate_names: ~
        ascii_name: "San Alejo"
        geonamesid: 3583905
        latitude: 13.43139
        longitude: -87.96306
        name: "San Alejo"
        names_en: ~
        names_es: ~
        population: 5149
        timezone: America/El_Salvador
      - 
        alternate_names: 
          - Pasaguina
          - Pasaquina
        ascii_name: Pasaquina
        geonamesid: 3584140
        latitude: 13.58444
        longitude: -87.84111
        name: Pasaquina
        names_en: ~
        names_es: ~
        population: 2149
        timezone: America/El_Salvador
      - 
        alternate_names: ~
        ascii_name: "Nueva Esparta"
        geonamesid: 3584264
        latitude: 13.78361
        longitude: -87.83861
        name: "Nueva Esparta"
        names_en: ~
        names_es: ~
        population: 2528
        timezone: America/El_Salvador
      - 
        alternate_names: 
          - "La Union"
          - "La Unión"
          - "San Carlos de La Union"
          - "San Carlos de La Unión"
        ascii_name: "La Union"
        geonamesid: 3584772
        latitude: 13.33694
        longitude: -87.84389
        name: "La Unión"
        names_en: ~
        names_es: ~
        population: 26807
        timezone: America/El_Salvador
      - 
        alternate_names: ~
        ascii_name: Intipuca
        geonamesid: 3585480
        latitude: 13.19694
        longitude: -88.05444
        name: Intipucá
        names_en: ~
        names_es: ~
        population: 3540
        timezone: America/El_Salvador
      - 
        alternate_names: 
          - Conchagua
        ascii_name: Conchagua
        geonamesid: 3586917
        latitude: 13.30778
        longitude: -87.86472
        name: Conchagua
        names_en: ~
        names_es: ~
        population: 3034
        timezone: America/El_Salvador
      - 
        alternate_names: ~
        ascii_name: Anamoros
        geonamesid: 3587372
        latitude: 13.74056
        longitude: -87.87361
        name: Anamorós
        names_en: ~
        names_es: ~
        population: 2655
        timezone: America/El_Salvador
    geonamesid: 3584767
    name: "La Unión"
    names_en: ~
    names_es: ~
  - 
    ascii_name: "Departamento de La Paz"
    cities: 
      - 
        alternate_names: 
          - Zacateccoluca
          - Zacatecoluca
        ascii_name: Zacatecoluca
        geonamesid: 3582805
        latitude: 13.5
        longitude: -88.86667
        name: Zacatecoluca
        names_en: ~
        names_es: ~
        population: 39613
        timezone: America/El_Salvador
      - 
        alternate_names: 
          - Santiago
          - "Santiago Nonualco"
        ascii_name: "Santiago Nonualco"
        geonamesid: 3583196
        latitude: 13.51667
        longitude: -88.95
        name: "Santiago Nonualco"
        names_en: ~
        names_es: ~
        population: 9490
        timezone: America/El_Salvador
      - 
        alternate_names: ~
        ascii_name: "San Pedro Masahuat"
        geonamesid: 3583407
        latitude: 13.54361
        longitude: -89.03861
        name: "San Pedro Masahuat"
        names_en: ~
        names_es: ~
        population: 2654
        timezone: America/El_Salvador
      - 
        alternate_names: ~
        ascii_name: Olocuilta
        geonamesid: 3584212
        latitude: 13.56972
        longitude: -89.11722
        name: Olocuilta
        names_en: ~
        names_es: ~
        population: 6324
        timezone: America/El_Salvador
      - 
        alternate_names: 
          - "El Rosario"
          - "Rosario de la Paz"
        ascii_name: "El Rosario"
        geonamesid: 3586021
        latitude: 13.49778
        longitude: -89.02972
        name: "El Rosario"
        names_en: ~
        names_es: ~
        population: 5620
        timezone: America/El_Salvador
    geonamesid: 3585087
    name: "La Paz"
    names_en: ~
    names_es: ~
  - 
    ascii_name: "Departamento de La Libertad"
    cities: 
      - 
        alternate_names: ~
        ascii_name: Zaragoza
        geonamesid: 3582790
        latitude: 13.58944
        longitude: -89.28889
        name: Zaragoza
        names_en: ~
        names_es: ~
        population: 11749
        timezone: America/El_Salvador
      - 
        alternate_names: 
          - "San Pablo Tacachico"
          - Tacachico
        ascii_name: "San Pablo Tacachico"
        geonamesid: 3583429
        latitude: 13.97556
        longitude: -89.34
        name: "San Pablo Tacachico"
        names_en: ~
        names_es: ~
        population: 3033
        timezone: America/El_Salvador
      - 
        alternate_names: 
          - Opico
          - "San Juan Opico"
        ascii_name: "San Juan Opico"
        geonamesid: 3583531
        latitude: 13.87611
        longitude: -89.35972
        name: "San Juan Opico"
        names_en: ~
        names_es: ~
        population: 7127
        timezone: America/El_Salvador
      - 
        alternate_names: 
          - Kesal'tepeke
          - Quezaltepeque
          - Quezaltepque
          - Кесальтепеке
        ascii_name: Quezaltepeque
        geonamesid: 3583981
        latitude: 13.835
        longitude: -89.27444
        name: Quezaltepeque
        names_en: ~
        names_es: ~
        population: 28886
        timezone: America/El_Salvador
      - 
        alternate_names: ~
        ascii_name: "Nuevo Cuscatlan"
        geonamesid: 3584251
        latitude: 13.64861
        longitude: -89.26528
        name: "Nuevo Cuscatlán"
        names_en: ~
        names_es: ~
        population: 6469
        timezone: America/El_Salvador
      - 
        alternate_names: 
          - "Ciudad de Nueva San Salvador"
          - "La Ciudad de Nueva San Salvador"
          - Nuehva-San-Sal'vador
          - "Nueva San Salvador"
        ascii_name: "Nueva San Salvador"
        geonamesid: 3584257
        latitude: 13.67694
        longitude: -89.27972
        name: "Nueva San Salvador"
        names_en: 
          - "Santa Tecla"
        names_es: 
          - "Santa Tecla"
        population: 124694
        timezone: America/El_Salvador
      - 
        alternate_names: 
          - "La Libertad"
          - "Puerto La Libertad"
        ascii_name: "La Libertad"
        geonamesid: 3585157
        latitude: 13.48833
        longitude: -89.32222
        name: "La Libertad"
        names_en: ~
        names_es: ~
        population: 16855
        timezone: America/El_Salvador
      - 
        alternate_names: 
          - Chilamatal
          - "Ciudad Arce"
          - "El Chilamatal"
        ascii_name: "Ciudad Arce"
        geonamesid: 3586985
        latitude: 13.84028
        longitude: -89.44722
        name: "Ciudad Arce"
        names_en: ~
        names_es: ~
        population: 10095
        timezone: America/El_Salvador
      - 
        alternate_names: 
          - "Antiguo Cuscatlan"
          - "Antiguo Cuscatlán"
        ascii_name: "Antiguo Cuscatlan"
        geonamesid: 3587362
        latitude: 13.67306
        longitude: -89.24083
        name: "Antiguo Cuscatlán"
        names_en: ~
        names_es: ~
        population: 33767
        timezone: America/El_Salvador
    geonamesid: 3585155
    name: "La Libertad"
    names_en: ~
    names_es: ~
  - 
    ascii_name: "Departamento de Cuscatlan"
    cities: 
      - 
        alternate_names: ~
        ascii_name: Tenancingo
        geonamesid: 3582987
        latitude: 13.83333
        longitude: -88.98333
        name: Tenancingo
        names_en: ~
        names_es: ~
        population: 1011
        timezone: America/El_Salvador
      - 
        alternate_names: ~
        ascii_name: Tecoluca
        geonamesid: 3583009
        latitude: 13.78917
        longitude: -89.00528
        name: Tecoluca
        names_en: ~
        names_es: ~
        population: 2781
        timezone: America/El_Salvador
      - 
        alternate_names: 
          - Suchioto
          - Suchitoto
        ascii_name: Suchitoto
        geonamesid: 3583090
        latitude: 13.93806
        longitude: -89.02778
        name: Suchitoto
        names_en: ~
        names_es: ~
        population: 5735
        timezone: America/El_Salvador
      - 
        alternate_names: ~
        ascii_name: "San Martin"
        geonamesid: 3583471
        latitude: 13.78333
        longitude: -88.91667
        name: "San Martín"
        names_en: ~
        names_es: ~
        population: 39361
        timezone: America/El_Salvador
      - 
        alternate_names: 
          - Cojutepeque
        ascii_name: Cojutepeque
        geonamesid: 3586977
        latitude: 13.71667
        longitude: -88.93333
        name: Cojutepeque
        names_en: ~
        names_es: ~
        population: 48411
        timezone: America/El_Salvador
    geonamesid: 3586831
    name: Cuscatlán
    names_en: ~
    names_es: ~
  - 
    ascii_name: "Departamento de Chalatenango"
    cities: 
      - 
        alternate_names: 
          - Chicunhuexo
          - "Nueva Concepcion"
          - "Nueva Concepción"
        ascii_name: "Nueva Concepcion"
        geonamesid: 3584266
        latitude: 14.13333
        longitude: -89.3
        name: "Nueva Concepción"
        names_en: ~
        names_es: ~
        population: 9990
        timezone: America/El_Salvador
      - 
        alternate_names: 
          - Chalatenanga
          - Chalatenango
          - Чалатенанго
        ascii_name: Chalatenango
        geonamesid: 3587091
        latitude: 14.03333
        longitude: -88.93333
        name: Chalatenango
        names_en: ~
        names_es: ~
        population: 19364
        timezone: America/El_Salvador
    geonamesid: 3587090
    name: Chalatenango
    names_en: ~
    names_es: ~
  - 
    ascii_name: "Departamento de Cabanas"
    cities: 
      - 
        alternate_names: 
          - Chocoaique
          - Victoria
          - "Villa Victoria"
          - "Villa Victorias"
        ascii_name: Victoria
        geonamesid: 3582835
        latitude: 13.95
        longitude: -88.63333
        name: Victoria
        names_en: ~
        names_es: ~
        population: 2023
        timezone: America/El_Salvador
      - 
        alternate_names: 
          - Sensuntepeque
          - Sensuntepque
          - Sensutepeke
          - Сенсутепеке
        ascii_name: Sensuntepeque
        geonamesid: 3583158
        latitude: 13.86667
        longitude: -88.63333
        name: Sensuntepeque
        names_en: ~
        names_es: ~
        population: 20386
        timezone: America/El_Salvador
    geonamesid: 3587217
    name: Cabañas
    names_en: ~
    names_es: ~
  - 
    ascii_name: "Departamento de Ahuachapan"
    cities: 
      - 
        alternate_names: 
          - Tacuba
          - Taucba
        ascii_name: Tacuba
        geonamesid: 3583065
        latitude: 13.90111
        longitude: -89.92972
        name: Tacuba
        names_en: ~
        names_es: ~
        population: 5055
        timezone: America/El_Salvador
      - 
        alternate_names: ~
        ascii_name: "San Francisco Menendez"
        geonamesid: 3583716
        latitude: 13.84306
        longitude: -90.01583
        name: "San Francisco Menéndez"
        names_en: ~
        names_es: ~
        population: 1264
        timezone: America/El_Salvador
      - 
        alternate_names: ~
        ascii_name: Jujutla
        geonamesid: 3585392
        latitude: 13.78694
        longitude: -89.85722
        name: Jujutla
        names_en: ~
        names_es: ~
        population: 2022
        timezone: America/El_Salvador
      - 
        alternate_names: ~
        ascii_name: Guaymango
        geonamesid: 3585640
        latitude: 13.75028
        longitude: -89.84222
        name: Guaymango
        names_en: ~
        names_es: ~
        population: 1517
        timezone: America/El_Salvador
      - 
        alternate_names: 
          - Ataco
          - "Concepcion de Ataco"
          - "Concepción de Ataco"
        ascii_name: "Concepcion de Ataco"
        geonamesid: 3586926
        latitude: 13.87028
        longitude: -89.84861
        name: "Concepción de Ataco"
        names_en: ~
        names_es: ~
        population: 7797
        timezone: America/El_Salvador
      - 
        alternate_names: ~
        ascii_name: Atiquizaya
        geonamesid: 3587317
        latitude: 13.97694
        longitude: -89.7525
        name: Atiquizaya
        names_en: ~
        names_es: ~
        population: 9476
        timezone: America/El_Salvador
      - 
        alternate_names: 
          - Achuachapan
          - Ahuachapan
          - Ahuachapán
          - Ачуачапан
        ascii_name: Ahuachapan
        geonamesid: 3587426
        latitude: 13.92139
        longitude: -89.845
        name: Ahuachapán
        names_en: ~
        names_es: ~
        population: 34102
        timezone: America/El_Salvador
    geonamesid: 3587425
    name: Ahuachapán
    names_en: ~
    names_es: ~
