--- 
geonamesid: 453733
iso: EE
name: Estonia
names_en: 
  - Estonia
  - "Republic of Estonia"
names_es: 
  - Estonia
regions: 
  - 
    ascii_name: Vorumaa
    cities: 
      - 
        alternate_names: 
          - VYRU
          - Verava
          - Veri
          - Verro
        ascii_name: Voru
        geonamesid: 587450
        latitude: 57.83389
        longitude: 27.01944
        name: Võru
        names_en: 
          - Võru
        names_es: ~
        population: 14631
        timezone: Europe/Tallinn
      - 
        alternate_names: ~
        ascii_name: Vana-Antsla
        geonamesid: 587826
        latitude: 57.86611
        longitude: 26.53222
        name: Vana-Antsla
        names_en: ~
        names_es: ~
        population: 1468
        timezone: Europe/Tallinn
    geonamesid: 587448
    name: Võrumaa
    names_en: ~
    names_es: ~
  - 
    ascii_name: Viljandimaa
    cities: 
      - 
        alternate_names: 
          - "Myasto Vykhma"
          - VYKHMA
          - Vechma
          - Vekhma
        ascii_name: Vohma
        geonamesid: 587517
        latitude: 58.62833
        longitude: 25.54833
        name: Võhma
        names_en: 
          - Võhma
        names_es: ~
        population: 1551
        timezone: Europe/Tallinn
      - 
        alternate_names: 
          - Felin
          - Fellin
          - VIL'JANDI
          - Vil'jandi
        ascii_name: Viljandi
        geonamesid: 587577
        latitude: 58.36389
        longitude: 25.59
        name: Viljandi
        names_en: 
          - Viljandi
        names_es: ~
        population: 20309
        timezone: Europe/Tallinn
      - 
        alternate_names: 
          - "Myza Viratsi"
          - Viiratsi
        ascii_name: Viiratsi
        geonamesid: 587620
        latitude: 58.36
        longitude: 25.63722
        name: Viiratsi
        names_en: ~
        names_es: ~
        population: 1338
        timezone: Europe/Tallinn
      - 
        alternate_names: 
          - "Gros Iogannis"
          - Gross-Sankt-Johannis
          - Sur-Yani
          - Suure-Jaani
        ascii_name: Suure-Jaani
        geonamesid: 588532
        latitude: 58.53611
        longitude: 25.47056
        name: Suure-Jaani
        names_en: 
          - Suure-Jaani
        names_es: ~
        population: 1254
        timezone: Europe/Tallinn
      - 
        alternate_names: 
          - KARKSI-NUAJ
          - Karksi
          - Karksi-Nuia
          - Karksi-Nuya
        ascii_name: Karksi-Nuia
        geonamesid: 589922
        latitude: 58.10333
        longitude: 25.56278
        name: Karksi-Nuia
        names_en: 
          - Karksi-Nuia
        names_es: ~
        population: 1986
        timezone: Europe/Tallinn
      - 
        alternate_names: 
          - MYJZAKJULA
          - Moisakila
          - Moisakuela
          - Moisakula
        ascii_name: Moisakula
        geonamesid: 590186
        latitude: 58.09222
        longitude: 25.18639
        name: Mõisaküla
        names_en: 
          - Mõisaküla
        names_es: ~
        population: 1090
        timezone: Europe/Tallinn
      - 
        alternate_names: 
          - Ab'ja-Paluoja
          - Ab'ya
          - Ab'ya-Paluoya
          - Abbia
        ascii_name: Abja-Paluoja
        geonamesid: 592626
        latitude: 58.12528
        longitude: 25.34972
        name: Abja-Paluoja
        names_en: 
          - Abja-Paluoja
        names_es: ~
        population: 1372
        timezone: Europe/Tallinn
    geonamesid: 587590
    name: Viljandimaa
    names_en: ~
    names_es: ~
  - 
    ascii_name: Valgamaa
    cities: 
      - 
        alternate_names: 
          - VALGA
          - VALKA
          - Valga
          - Valk
        ascii_name: Valga
        geonamesid: 587876
        latitude: 57.77781
        longitude: 26.0473
        name: Valga
        names_en: 
          - Valga
        names_es: ~
        population: 13945
        timezone: Europe/Tallinn
      - 
        alternate_names: 
          - Helmut
          - Khel'met
          - Khel’met
          - TYRVA
        ascii_name: Torva
        geonamesid: 588204
        latitude: 58.00278
        longitude: 25.935
        name: Tõrva
        names_en: 
          - Tõrva
        names_es: ~
        population: 3112
        timezone: Europe/Tallinn
      - 
        alternate_names: 
          - Nustago
          - OTEPJA
          - Odenpa
          - Odenpaeh
        ascii_name: Shloss
        geonamesid: 589782
        latitude: 58.05833
        longitude: 26.49667
        name: Shloss
        names_en: 
          - Otepää
        names_es: ~
        population: 2144
        timezone: Europe/Tallinn
    geonamesid: 587875
    name: Valgamaa
    names_en: ~
    names_es: ~
  - 
    ascii_name: Tartumaa
    cities: 
      - 
        alternate_names: 
          - Ilenurme
          - Julenurme
          - UElenurme
          - Ülenurme
        ascii_name: Ulenurme
        geonamesid: 588092
        latitude: 58.3162
        longitude: 26.72517
        name: Ülenurme
        names_en: 
          - Ülenurme
        names_es: ~
        population: 1047
        timezone: Europe/Tallinn
      - 
        alternate_names: 
          - Derpt
          - Dorpat
          - TARTU
          - Tarbatum
        ascii_name: Tartu
        geonamesid: 588335
        latitude: 58.38062
        longitude: 26.72509
        name: Tartu
        names_en: 
          - Tartu
        names_es: 
          - Tartu
        population: 101092
        timezone: Europe/Tallinn
      - 
        alternate_names: 
          - Kawelecht
          - Puhja
          - Pukh"ja
          - Pukh'ya
        ascii_name: Puhja
        geonamesid: 589307
        latitude: 58.34194
        longitude: 26.31472
        name: Puhja
        names_en: 
          - Puhja
        names_es: ~
        population: 1072
        timezone: Europe/Tallinn
      - 
        alternate_names: 
          - Neo
          - Niggen'
          - Niggen’
          - Noo
        ascii_name: Noo
        geonamesid: 589933
        latitude: 58.27556
        longitude: 26.5375
        name: Nõo
        names_en: 
          - Nõo
        names_es: ~
        population: 1476
        timezone: Europe/Tallinn
      - 
        alternate_names: 
          - KALLASTE
          - Kallaste
          - "Krasnaja Gora"
          - "Krasnaya Gora"
        ascii_name: Kallaste
        geonamesid: 591703
        latitude: 58.655
        longitude: 27.15917
        name: Kallaste
        names_en: 
          - Kallaste
        names_es: ~
        population: 1171
        timezone: Europe/Tallinn
      - 
        alternate_names: 
          - EHLVA
          - Elva
          - Elwa
          - ЭЛВА
        ascii_name: Elva
        geonamesid: 592279
        latitude: 58.2225
        longitude: 26.42111
        name: Elva
        names_en: 
          - Elva
        names_es: ~
        population: 5819
        timezone: Europe/Tallinn
    geonamesid: 588334
    name: Tartumaa
    names_en: ~
    names_es: ~
  - 
    ascii_name: Saaremaa
    cities: 
      - 
        alternate_names: 
          - Orisaara
          - Orisaare
          - Orisar
          - Orisare
        ascii_name: Orissaare
        geonamesid: 589796
        latitude: 58.55917
        longitude: 23.08262
        name: Orissaare
        names_en: ~
        names_es: ~
        population: 1065
        timezone: Europe/Tallinn
      - 
        alternate_names: 
          - Arensburg
          - Arensburga
          - Kingisepp
          - Kingissepa
        ascii_name: Kuressaare
        geonamesid: 590939
        latitude: 58.24806
        longitude: 22.50389
        name: Kuressaare
        names_en: 
          - Kuressaare
        names_es: 
          - Kuressaare
        population: 14921
        timezone: Europe/Tallinn
    geonamesid: 588879
    name: Saaremaa
    names_en: ~
    names_es: ~
  - 
    ascii_name: Raplamaa
    cities: 
      - 
        alternate_names: 
          - Odenkam
          - RAPLA
          - Rapla
          - Rapla-kyulya
        ascii_name: Rapla
        geonamesid: 589116
        latitude: 59.00722
        longitude: 24.79278
        name: Rapla
        names_en: 
          - Rapla
        names_es: ~
        population: 5684
        timezone: Europe/Tallinn
      - 
        alternate_names: 
          - MJAR'JAMAA
          - Maerjamaa
          - Mar'yama
          - Marjamaa
        ascii_name: Marjamaa
        geonamesid: 590322
        latitude: 58.90389
        longitude: 24.43056
        name: Märjamaa
        names_en: 
          - Märjamaa
        names_es: ~
        population: 3063
        timezone: Europe/Tallinn
      - 
        alternate_names: 
          - KOKHILA
          - Kohila
          - Koil
          - Kokhil'
        ascii_name: Kohila
        geonamesid: 591265
        latitude: 59.16806
        longitude: 24.7575
        name: Kohila
        names_en: 
          - Kohila
        names_es: ~
        population: 3355
        timezone: Europe/Tallinn
      - 
        alternate_names: 
          - Kehtna
          - "Kehtna Asundus"
          - Kekhna
          - Kekhtna
        ascii_name: Kehtna
        geonamesid: 591475
        latitude: 58.93028
        longitude: 24.87806
        name: Kehtna
        names_en: 
          - Kehtna
        names_es: ~
        population: 1579
        timezone: Europe/Tallinn
      - 
        alternate_names: 
          - JARVAKANDI
          - Jaervakandi
          - Jarvakandi
          - "Jarvakandi Klaasivabrik"
        ascii_name: Jarvakandi
        geonamesid: 591965
        latitude: 58.77889
        longitude: 24.82583
        name: Järvakandi
        names_en: 
          - Järvakandi
        names_es: ~
        population: 1471
        timezone: Europe/Tallinn
    geonamesid: 589115
    name: Raplamaa
    names_en: ~
    names_es: ~
  - 
    ascii_name: Polva
    cities: 
      - 
        alternate_names: 
          - Raepina
          - Rapin
          - Rapina
          - Rapino
        ascii_name: Rapina
        geonamesid: 589117
        latitude: 58.09806
        longitude: 27.46361
        name: Räpina
        names_en: ~
        names_es: ~
        population: 2901
        timezone: Europe/Tallinn
      - 
        alternate_names: 
          - PYLVA
          - Pel've
          - Pelva
          - Pel’ve
        ascii_name: Polva
        geonamesid: 589375
        latitude: 58.06028
        longitude: 27.06944
        name: Põlva
        names_en: 
          - Põlva
        names_es: ~
        population: 6504
        timezone: Europe/Tallinn
    geonamesid: 589373
    name: Põlvamaa
    names_en: ~
    names_es: ~
  - 
    ascii_name: Parnumaa
    cities: 
      - 
        alternate_names: 
          - Alt-Fennern
          - Fennern
          - "Staryy Fennern'"
          - "Staryy Fennern’"
        ascii_name: Vandra
        geonamesid: 587440
        latitude: 58.64806
        longitude: 25.03611
        name: Vändra
        names_en: 
          - Vändra
        names_es: ~
        population: 2544
        timezone: Europe/Tallinn
      - 
        alternate_names: 
          - TOOTSI
          - Tootsi
          - Totsi
          - ТООТСИ
        ascii_name: Tootsi
        geonamesid: 588223
        latitude: 58.57806
        longitude: 24.7925
        name: Tootsi
        names_en: 
          - Tootsi
        names_es: ~
        population: 1010
        timezone: Europe/Tallinn
      - 
        alternate_names: 
          - SINDI
          - Sindi
          - Tsintengof
          - Zinten
        ascii_name: Sindi
        geonamesid: 588673
        latitude: 58.40056
        longitude: 24.6675
        name: Sindi
        names_en: 
          - Sindi
        names_es: ~
        population: 4036
        timezone: Europe/Tallinn
      - 
        alternate_names: 
          - "Myza Sauga"
          - Sauga
        ascii_name: Sauga
        geonamesid: 588774
        latitude: 58.4272
        longitude: 24.49496
        name: Sauga
        names_en: ~
        names_es: ~
        population: 1062
        timezone: Europe/Tallinn
      - 
        alternate_names: 
          - Jaagupi
          - Jakobi
          - Paernu-Jaagupi
          - Parnu-Jaagupi
        ascii_name: Parnu-Jaagupi
        geonamesid: 589578
        latitude: 58.61052
        longitude: 24.50689
        name: Pärnu-Jaagupi
        names_en: 
          - Pärnu-Jaagupi
        names_es: ~
        population: 1341
        timezone: Europe/Tallinn
      - 
        alternate_names: 
          - PJARNU
          - Paernu
          - Parnawa
          - Parnu
        ascii_name: Parnu
        geonamesid: 589580
        latitude: 58.38588
        longitude: 24.49711
        name: Pärnu
        names_en: 
          - Pärnu
        names_es: ~
        population: 44192
        timezone: Europe/Tallinn
      - 
        alternate_names: ~
        ascii_name: Paikuse
        geonamesid: 589703
        latitude: 58.37917
        longitude: 24.63444
        name: Paikuse
        names_en: ~
        names_es: ~
        population: 1996
        timezone: Europe/Tallinn
      - 
        alternate_names: 
          - Kilingi-Nemme
          - Kilingi-Nomme
          - Kilingi-Nymme
          - Kilingi-Nõmme
        ascii_name: Kilingi-Nomme
        geonamesid: 591381
        latitude: 58.15028
        longitude: 24.96417
        name: Kilingi-Nõmme
        names_en: 
          - Kilingi-Nõmme
        names_es: ~
        population: 2175
        timezone: Europe/Tallinn
      - 
        alternate_names: 
          - Audru
          - Аудру
        ascii_name: Audru
        geonamesid: 592351
        latitude: 58.40861
        longitude: 24.37389
        name: Audru
        names_en: 
          - Audru
        names_es: ~
        population: 1430
        timezone: Europe/Tallinn
    geonamesid: 589576
    name: Pärnumaa
    names_en: ~
    names_es: ~
  - 
    ascii_name: Laane-Virumaa
    cities: 
      - 
        alternate_names: 
          - "Myza Vinni"
          - Vinni
          - "Vinni Asundus"
        ascii_name: Vinni
        geonamesid: 587571
        latitude: 59.29583
        longitude: 26.43222
        name: Vinni
        names_en: ~
        names_es: ~
        population: 1032
        timezone: Europe/Tallinn
      - 
        alternate_names: 
          - Klein-Marien
          - Klein-Sankt-Marien
          - "Kleyn Mariyen"
          - Sankt-Marien
        ascii_name: Vaike-Maarja
        geonamesid: 587923
        latitude: 59.12639
        longitude: 26.25
        name: Väike-Maarja
        names_en: 
          - Väike-Maarja
        names_es: ~
        population: 2155
        timezone: Europe/Tallinn
      - 
        alternate_names: 
          - TAPA
          - Tapa
          - Taps
          - ТАПА
        ascii_name: Tapa
        geonamesid: 588348
        latitude: 59.26056
        longitude: 25.95861
        name: Tapa
        names_en: 
          - Tapa
        names_es: ~
        population: 6551
        timezone: Europe/Tallinn
      - 
        alternate_names: 
          - TAMSALU
          - Tamsal
          - Tamsalu
          - ТАМСАЛУ
        ascii_name: Tamsalu
        geonamesid: 588365
        latitude: 59.15861
        longitude: 26.11528
        name: Tamsalu
        names_en: 
          - Tamsalu
        names_es: ~
        population: 2594
        timezone: Europe/Tallinn
      - 
        alternate_names: 
          - RAKVERE
          - Rakvere
          - Rakvere_vald
          - Rakwere
        ascii_name: Rakvere
        geonamesid: 589165
        latitude: 59.34639
        longitude: 26.35583
        name: Rakvere
        names_en: ~
        names_es: ~
        population: 16736
        timezone: Europe/Tallinn
      - 
        alternate_names: 
          - Racke
          - Rake
          - Rakke
          - Ракке
        ascii_name: Rakke
        geonamesid: 589166
        latitude: 58.98167
        longitude: 26.25444
        name: Rakke
        names_en: 
          - Rakke
        names_es: ~
        population: 1045
        timezone: Europe/Tallinn
      - 
        alternate_names: 
          - Kadrina
          - Katharinen
          - Katrinen'
          - Katrinen’
        ascii_name: Kadrina
        geonamesid: 591783
        latitude: 59.33472
        longitude: 26.145
        name: Kadrina
        names_en: 
          - Kadrina
        names_es: ~
        population: 2406
        timezone: Europe/Tallinn
      - 
        alternate_names: 
          - Haljala
          - Haljall
          - Khal'jala
          - Khal'yal'
        ascii_name: Haljala
        geonamesid: 592200
        latitude: 59.43361
        longitude: 26.26139
        name: Haljala
        names_en: 
          - Haljala
        names_es: ~
        population: 1233
        timezone: Europe/Tallinn
      - 
        alternate_names: 
          - Someru
          - Sõmeru
        ascii_name: Someru
        geonamesid: 793457
        latitude: 59.36111
        longitude: 26.4375
        name: Sõmeru
        names_en: ~
        names_es: ~
        population: 1350
        timezone: Europe/Tallinn
    geonamesid: 590854
    name: Lääne-Virumaa
    names_en: ~
    names_es: ~
  - 
    ascii_name: "Khaapsaluskiy Rayon"
    cities: 
      - 
        alternate_names: 
          - "Myza Uemyyza"
          - Uuemoisa
          - Uuemõisa
        ascii_name: Uuemoisa
        geonamesid: 588015
        latitude: 58.93944
        longitude: 23.58944
        name: Uuemõisa
        names_en: ~
        names_es: ~
        population: 1068
        timezone: Europe/Tallinn
      - 
        alternate_names: 
          - "Gmina Lihula"
          - Leal
          - Ligulya
          - Lihula
        ascii_name: Lihula
        geonamesid: 590657
        latitude: 58.68139
        longitude: 23.84528
        name: Lihula
        names_en: 
          - Lihula
        names_es: ~
        population: 1457
        timezone: Europe/Tallinn
      - 
        alternate_names: 
          - Gaapsalu
          - Gapsal'
          - Gapsal’
          - Haapsalu
        ascii_name: Haapsalu
        geonamesid: 592225
        latitude: 58.94306
        longitude: 23.54139
        name: Haapsalu
        names_en: 
          - Haapsalu
        names_es: ~
        population: 11805
        timezone: Europe/Tallinn
    geonamesid: 590856
    name: Läänemaa
    names_en: ~
    names_es: ~
  - 
    ascii_name: Jogevamaa
    cities: 
      - 
        alternate_names: 
          - Ober"-Palen"
          - Oberpahlen
          - Ober”-Palen”
          - PYLTSAMAA
        ascii_name: Poltsamaa
        geonamesid: 589379
        latitude: 58.6525
        longitude: 25.97056
        name: Põltsamaa
        names_en: 
          - Põltsamaa
        names_es: ~
        population: 4764
        timezone: Europe/Tallinn
      - 
        alternate_names: 
          - Chernii
          - Chernoe
          - Chernyy
          - MUSTVEEH
        ascii_name: Mustvee
        geonamesid: 590067
        latitude: 58.84861
        longitude: 26.93972
        name: Mustvee
        names_en: 
          - Mustvee
        names_es: ~
        population: 1662
        timezone: Europe/Tallinn
      - 
        alternate_names: 
          - Iyegeva
          - Iygeva
          - Jegeva
          - Jogeva
        ascii_name: Jogeva
        geonamesid: 591902
        latitude: 58.74667
        longitude: 26.39389
        name: Jõgeva
        names_en: 
          - Jõgeva
        names_es: 
          - Jõgeva
        population: 6396
        timezone: Europe/Tallinn
      - 
        alternate_names: 
          - Tabivere
          - Табивере
        ascii_name: Tabivere
        geonamesid: 793956
        latitude: 58.55417
        longitude: 26.59556
        name: Tabivere
        names_en: 
          - Tabivere
        names_es: ~
        population: 1062
        timezone: Europe/Tallinn
    geonamesid: 591901
    name: Jõgevamaa
    names_en: ~
    names_es: ~
  - 
    ascii_name: Jarvamaa
    cities: 
      - 
        alternate_names: 
          - TJURI
          - Thurgel
          - Tiri
          - Tueri
        ascii_name: Tyuri
        geonamesid: 588153
        latitude: 58.80861
        longitude: 25.4325
        name: Tyuri
        names_en: 
          - Türi
        names_es: ~
        population: 6138
        timezone: Europe/Tallinn
      - 
        alternate_names: 
          - "Myza Syarevere"
          - Saerevere
          - Sarevere
          - "Sarevere Asundus"
        ascii_name: Sarevere
        geonamesid: 588792
        latitude: 58.79
        longitude: 25.42806
        name: Särevere
        names_en: 
          - Särevere
        names_es: ~
        population: 1035
        timezone: Europe/Tallinn
      - 
        alternate_names: 
          - PAJDE
          - Paide
          - Paide_vald
          - Payde
        ascii_name: Paide
        geonamesid: 589709
        latitude: 58.88556
        longitude: 25.55722
        name: Paide
        names_en: 
          - Paide
        names_es: ~
        population: 9735
        timezone: Europe/Tallinn
      - 
        alternate_names: 
          - Keras
          - Koehru
          - Koeru
          - Koyero
        ascii_name: Koeru
        geonamesid: 591276
        latitude: 58.96306
        longitude: 26.03083
        name: Koeru
        names_en: 
          - Koeru
        names_es: ~
        population: 1300
        timezone: Europe/Tallinn
      - 
        alternate_names: 
          - "J. Jaani"
          - Jaani
          - Jaerva-Jaani
          - Jarva-Jaani
        ascii_name: Jarva-Jaani
        geonamesid: 591968
        latitude: 59.03861
        longitude: 25.88639
        name: Järva-Jaani
        names_en: 
          - Järva-Jaani
        names_es: ~
        population: 1051
        timezone: Europe/Tallinn
    geonamesid: 591961
    name: Järvamaa
    names_en: ~
    names_es: ~
  - 
    ascii_name: Ida-Virumaa
    cities: 
      - 
        alternate_names: ~
        ascii_name: Voka
        geonamesid: 587491
        latitude: 59.39972
        longitude: 27.58167
        name: Voka
        names_en: ~
        names_es: ~
        population: 1046
        timezone: Europe/Tallinn
      - 
        alternate_names: 
          - Toila
          - Tojla
          - Toyla
          - Тойла
        ascii_name: Toila
        geonamesid: 588264
        latitude: 59.42361
        longitude: 27.5025
        name: Toila
        names_en: 
          - Toila
        names_es: ~
        population: 2304
        timezone: Europe/Tallinn
      - 
        alternate_names: 
          - SILLAMJAEH
          - Silameje
          - Silamejė
          - Silamiaje
        ascii_name: Sillamae
        geonamesid: 588686
        latitude: 59.39972
        longitude: 27.75472
        name: Sillamäe
        names_en: 
          - Sillamäe
        names_es: ~
        population: 16672
        timezone: Europe/Tallinn
      - 
        alternate_names: 
          - Neu-Isenhof
          - PJUSSI
          - Pisi
          - Piusis
        ascii_name: Pussi
        geonamesid: 589253
        latitude: 59.36
        longitude: 27.04972
        name: Püssi
        names_en: 
          - Püssi
        names_es: ~
        population: 1840
        timezone: Europe/Tallinn
      - 
        alternate_names: 
          - Gungerburg
          - Hungerburg
          - NARVA-JYEHSUU
          - Naroova-Joesuu
        ascii_name: Narva-Joesuu
        geonamesid: 590030
        latitude: 59.45889
        longitude: 28.04083
        name: Narva-Jõesuu
        names_en: 
          - Narva-Jõesuu
        names_es: ~
        population: 2802
        timezone: Europe/Tallinn
      - 
        alternate_names: 
          - NARVA
          - Narva
          - Narwa
          - "na er wa"
        ascii_name: Narva
        geonamesid: 590031
        latitude: 59.37722
        longitude: 28.19028
        name: Narva
        names_en: 
          - Narva
        names_es: 
          - Narva
        population: 66980
        timezone: Europe/Tallinn
      - 
        alternate_names: 
          - Jarve
          - KOKHTLA-JARVE
          - Kochtel
          - "Kohtla Jerve"
        ascii_name: Kohtla-Jarve
        geonamesid: 591260
        latitude: 59.39861
        longitude: 27.27306
        name: Kohtla-Järve
        names_en: 
          - Kohtla-Järve
        names_es: 
          - Kohtla-Järve
        population: 46060
        timezone: Europe/Tallinn
      - 
        alternate_names: 
          - Kohtla
          - "Kohtla Asundus"
          - Kohtla-Nomme
          - Kohtla-Nõmme
        ascii_name: Kohtla-Nomme
        geonamesid: 591264
        latitude: 59.35167
        longitude: 27.175
        name: Kohtla-Nõmme
        names_en: ~
        names_es: ~
        population: 1075
        timezone: Europe/Tallinn
      - 
        alternate_names: 
          - KIVIYLI
          - Kivieli
          - Kivielis
          - Kivioli
        ascii_name: Kivioli
        geonamesid: 591313
        latitude: 59.35306
        longitude: 26.97111
        name: Kiviõli
        names_en: 
          - Kiviõli
        names_es: ~
        population: 6953
        timezone: Europe/Tallinn
      - 
        alternate_names: 
          - Ievve
          - Iohvi
          - Iyeve
          - Iyevve
        ascii_name: Johvi
        geonamesid: 591893
        latitude: 59.35917
        longitude: 27.42111
        name: Jõhvi
        names_en: 
          - Jõhvi
        names_es: 
          - Jõhvi
        population: 11469
        timezone: Europe/Tallinn
      - 
        alternate_names: 
          - Asari
          - Aseri
          - "Aseri Mois"
          - "Aseri Mõis"
        ascii_name: Aseri
        geonamesid: 592379
        latitude: 59.45056
        longitude: 26.8675
        name: Aseri
        names_en: 
          - Aseri
        names_es: ~
        population: 1831
        timezone: Europe/Tallinn
    geonamesid: 592075
    name: Ida-Virumaa
    names_en: ~
    names_es: ~
  - 
    ascii_name: Hiiumaa
    cities: 
      - 
        alternate_names: 
          - Kardla
          - Kartla
          - Kerdla
          - Kerdlya
        ascii_name: Kardla
        geonamesid: 591632
        latitude: 58.99778
        longitude: 22.74917
        name: Kärdla
        names_en: ~
        names_es: ~
        population: 3763
        timezone: Europe/Tallinn
    geonamesid: 592133
    name: Hiiumaa
    names_en: ~
    names_es: ~
  - 
    ascii_name: Harjumaa
    cities: 
      - 
        alternate_names: 
          - "Myza Viymsi"
          - Viimsi
        ascii_name: Viimsi
        geonamesid: 587629
        latitude: 59.49667
        longitude: 24.84222
        name: Viimsi
        names_en: ~
        names_es: ~
        population: 1740
        timezone: Europe/Tallinn
      - 
        alternate_names: 
          - Vaida
          - Vajda
          - Vayda
          - Вайда
        ascii_name: Vaida
        geonamesid: 587938
        latitude: 59.29056
        longitude: 24.96583
        name: Vaida
        names_en: 
          - Vaida
        names_es: ~
        population: 1016
        timezone: Europe/Tallinn
      - 
        alternate_names: 
          - Turba
          - Турба
        ascii_name: Turba
        geonamesid: 588157
        latitude: 59.08306
        longitude: 24.225
        name: Turba
        names_en: 
          - Turba
        names_es: ~
        population: 1096
        timezone: Europe/Tallinn
      - 
        alternate_names: 
          - "Castrum Danorum"
          - Kallinn
          - Kolyvan
          - QUF
        ascii_name: Tallinn
        geonamesid: 588409
        latitude: 59.43696
        longitude: 24.75353
        name: Tallinn
        names_en: 
          - Tallinn
        names_es: 
          - Tallin
        population: 394024
        timezone: Europe/Tallinn
      - 
        alternate_names: 
          - Tabasalu
          - Tabasalyu
        ascii_name: Tabasalu
        geonamesid: 588454
        latitude: 59.43028
        longitude: 24.53306
        name: Tabasalu
        names_en: ~
        names_es: ~
        population: 2166
        timezone: Europe/Tallinn
      - 
        alternate_names: 
          - "Myza Saue"
          - SAUEH
          - Saue
          - САУЭ
        ascii_name: Saue
        geonamesid: 588780
        latitude: 59.32028
        longitude: 24.5525
        name: Saue
        names_en: 
          - Saue
        names_es: ~
        population: 5022
        timezone: Europe/Tallinn
      - 
        alternate_names: 
          - Saku
          - Саку
        ascii_name: Saku
        geonamesid: 588831
        latitude: 59.30222
        longitude: 24.65778
        name: Saku
        names_en: 
          - Saku
        names_es: ~
        population: 4548
        timezone: Europe/Tallinn
      - 
        alternate_names: 
          - Riesenberg
          - Riisipere
          - Rijzipere
          - Risipere
        ascii_name: Riisipere
        geonamesid: 589024
        latitude: 59.11417
        longitude: 24.31056
        name: Riisipere
        names_en: 
          - Riisipere
        names_es: ~
        population: 1058
        timezone: Europe/Tallinn
      - 
        alternate_names: 
          - "Harju Jani"
          - "Harju Jãni"
          - Harju-Jaani
          - Raasiku
        ascii_name: Raasiku
        geonamesid: 589223
        latitude: 59.36639
        longitude: 25.18306
        name: Raasiku
        names_en: 
          - Raasiku
        names_es: ~
        population: 1317
        timezone: Europe/Tallinn
      - 
        alternate_names: 
          - "Baltiiskii Port"
          - "Baltijas Ports"
          - Baltischport
          - Baltiski
        ascii_name: Paldiski
        geonamesid: 589663
        latitude: 59.35667
        longitude: 24.05306
        name: Paldiski
        names_en: 
          - Paldiski
        names_es: 
          - Paldiski
        population: 4202
        timezone: Europe/Tallinn
      - 
        alternate_names: 
          - Maardu
          - Mardu
          - Mārdu
          - Маарду
        ascii_name: Maardu
        geonamesid: 590447
        latitude: 59.47667
        longitude: 25.025
        name: Maardu
        names_en: 
          - Maardu
        names_es: 
          - Maardu
        population: 16630
        timezone: Europe/Tallinn
      - 
        alternate_names: ~
        ascii_name: Loo
        geonamesid: 590537
        latitude: 59.43639
        longitude: 24.94833
        name: Loo
        names_en: ~
        names_es: ~
        population: 2175
        timezone: Europe/Tallinn
      - 
        alternate_names: 
          - LOKSA
          - Loksa
          - Loxa
          - ЛОКСА
        ascii_name: Loksa
        geonamesid: 590552
        latitude: 59.57639
        longitude: 25.72139
        name: Loksa
        names_en: 
          - Loksa
        names_es: ~
        population: 3463
        timezone: Europe/Tallinn
      - 
        alternate_names: 
          - Kusal
          - Kusalu
          - Kuusalu
          - Kuzal'
        ascii_name: Kuusalu
        geonamesid: 590888
        latitude: 59.44389
        longitude: 25.44139
        name: Kuusalu
        names_en: 
          - Kuusalu
        names_es: ~
        population: 1238
        timezone: Europe/Tallinn
      - 
        alternate_names: 
          - KEJLA
          - Kegel
          - Keila
          - Keyla
        ascii_name: Keila
        geonamesid: 591472
        latitude: 59.30361
        longitude: 24.41306
        name: Keila
        names_en: 
          - Keila
        names_es: ~
        population: 9411
        timezone: Europe/Tallinn
      - 
        alternate_names: 
          - KEKHRA
          - Kedder
          - Kehra
          - Kekhra
        ascii_name: Kehra
        geonamesid: 591476
        latitude: 59.33611
        longitude: 25.32111
        name: Kehra
        names_en: 
          - Kehra
        names_es: ~
        population: 3183
        timezone: Europe/Tallinn
      - 
        alternate_names: 
          - Jueri
          - Juri
          - Jüri
          - Yuri
        ascii_name: Yuri
        geonamesid: 591876
        latitude: 59.35417
        longitude: 24.89417
        name: Yuri
        names_en: 
          - Jüri
        names_es: ~
        population: 2581
        timezone: Europe/Tallinn
      - 
        alternate_names: 
          - Haabneeme
          - Khaabneehme
          - Khaabneeme
          - Хаабнеэме
        ascii_name: Haabneeme
        geonamesid: 592233
        latitude: 59.51139
        longitude: 24.82111
        name: Haabneeme
        names_en: 
          - Haabneeme
        names_es: ~
        population: 2077
        timezone: Europe/Tallinn
      - 
        alternate_names: 
          - Arukula
          - Arukyula
          - Aruküla
        ascii_name: Arukula
        geonamesid: 592396
        latitude: 59.36444
        longitude: 25.07722
        name: Aruküla
        names_en: ~
        names_es: ~
        population: 1829
        timezone: Europe/Tallinn
      - 
        alternate_names: ~
        ascii_name: Laagri
        geonamesid: 794964
        latitude: 59.35083
        longitude: 24.61418
        name: Laagri
        names_en: ~
        names_es: ~
        population: 4135
        timezone: Europe/Tallinn
    geonamesid: 592170
    name: Harjumaa
    names_en: ~
    names_es: ~
