--- 
geonamesid: 2300660
iso: GH
name: Ghana
names_en: 
  - Ghana
names_es: 
  - Ghana
regions: 
  - 
    ascii_name: "Western Region"
    cities: 
      - 
        alternate_names: 
          - Sekondi
          - Sekondi-Takoradi
          - Sékondi
          - Секонди
        ascii_name: Sekondi
        geonamesid: 2295458
        latitude: 4.934
        longitude: -1.7137
        name: Sekondi
        names_en: 
          - Sekondi-Takoradi
        names_es: ~
        population: 138872
        timezone: Africa/Accra
      - 
        alternate_names: 
          - Axim
        ascii_name: Axim
        geonamesid: 2303611
        latitude: 4.86833
        longitude: -2.24139
        name: Axim
        names_en: ~
        names_es: ~
        population: 24500
        timezone: Africa/Accra
    geonamesid: 2294076
    name: Western
    names_en: ~
    names_es: ~
  - 
    ascii_name: "Volta Region"
    cities: 
      - 
        alternate_names: 
          - Ho
          - Hohoe
          - Kho
          - Хо
        ascii_name: Ho
        geonamesid: 2300379
        latitude: 6.6
        longitude: 0.46667
        name: Ho
        names_en: 
          - Ho
        names_es: ~
        population: 69998
        timezone: Africa/Accra
    geonamesid: 2294234
    name: Volta
    names_en: ~
    names_es: ~
  - 
    ascii_name: "Upper West Region"
    cities: 
      - 
        alternate_names: 
          - Va
          - Wa
          - Ва
        ascii_name: Wa
        geonamesid: 2294206
        latitude: 10.05
        longitude: -2.48333
        name: Wa
        names_en: ~
        names_es: ~
        population: 78107
        timezone: Africa/Accra
    geonamesid: 2294286
    name: "Upper West"
    names_en: ~
    names_es: ~
  - 
    ascii_name: "Upper East Region"
    cities: 
      - 
        alternate_names: 
          - Navrongo
        ascii_name: Navrongo
        geonamesid: 2297505
        latitude: 10.895
        longitude: -1.09389
        name: Navrongo
        names_en: ~
        names_es: ~
        population: 25470
        timezone: Africa/Accra
      - 
        alternate_names: 
          - Bolagatanga
          - Bolgatanga
          - Bolgatange
          - Болгатанге
        ascii_name: Bolgatanga
        geonamesid: 2302821
        latitude: 10.78556
        longitude: -0.85139
        name: Bolgatanga
        names_en: 
          - Bolgatanga
        names_es: ~
        population: 54430
        timezone: Africa/Accra
      - 
        alternate_names: 
          - Bawku
        ascii_name: Bawku
        geonamesid: 2303287
        latitude: 11.05806
        longitude: -0.24167
        name: Bawku
        names_en: ~
        names_es: ~
        population: 56830
        timezone: Africa/Accra
    geonamesid: 2294291
    name: "Upper East"
    names_en: ~
    names_es: ~
  - 
    ascii_name: "Northern Region"
    cities: 
      - 
        alternate_names: 
          - Tamale
          - Тамале
        ascii_name: Tamale
        geonamesid: 2294877
        latitude: 9.4
        longitude: -0.83333
        name: Tamale
        names_en: 
          - Tamale
        names_es: 
          - Tamale
        population: 360579
        timezone: Africa/Accra
      - 
        alternate_names: 
          - Saveluga
          - Savelugu
        ascii_name: Savelugu
        geonamesid: 2295517
        latitude: 9.62472
        longitude: -0.82778
        name: Savelugu
        names_en: ~
        names_es: ~
        population: 29310
        timezone: Africa/Accra
    geonamesid: 2297169
    name: Northern
    names_en: ~
    names_es: ~
  - 
    ascii_name: "Greater Accra Region"
    cities: 
      - 
        alternate_names: 
          - Accra
          - Acra
          - Akkra
          - Akkrae
        ascii_name: Accra
        geonamesid: 2306104
        latitude: 5.55602
        longitude: -0.1969
        name: Accra
        names_en: 
          - Accra
        names_es: 
          - Accra
        population: 1963264
        timezone: Africa/Accra
    geonamesid: 2300569
    name: "Greater Accra"
    names_en: ~
    names_es: ~
  - 
    ascii_name: "Eastern Region"
    cities: 
      - 
        alternate_names: 
          - Koforidua
          - Кофоридуа
        ascii_name: Koforidua
        geonamesid: 2299522
        latitude: 6.08333
        longitude: -0.25
        name: Koforidua
        names_en: 
          - Koforidua
        names_es: ~
        population: 96266
        timezone: Africa/Accra
    geonamesid: 2301360
    name: Eastern
    names_en: ~
    names_es: ~
  - 
    ascii_name: "Central Region"
    cities: 
      - 
        alternate_names: 
          - "Cabo Corso"
          - "Cape Coast"
          - "Cape Coast Castle"
          - "Igua Ogwa"
        ascii_name: "Cape Coast"
        geonamesid: 2302357
        latitude: 5.10535
        longitude: -1.2466
        name: "Cape Coast"
        names_en: ~
        names_es: ~
        population: 143015
        timezone: Africa/Accra
    geonamesid: 2302353
    name: Central
    names_en: ~
    names_es: ~
  - 
    ascii_name: Brong-Ahafo
    cities: 
      - 
        alternate_names: 
          - Sunyani
        ascii_name: Sunyani
        geonamesid: 2295021
        latitude: 7.33333
        longitude: -2.33333
        name: Sunyani
        names_en: 
          - Sunyani
        names_es: ~
        population: 70299
        timezone: Africa/Accra
    geonamesid: 2302547
    name: Brong-Ahafo
    names_en: 
      - "Brong-Ahafo Region"
      - Brong-Ahafo
    names_es: 
      - Brong-Ahafo
  - 
    ascii_name: "Ashanti Region"
    cities: 
      - 
        alternate_names: 
          - Coomassie
          - Kumase
          - Kumasi
          - Kumasis
        ascii_name: Kumasi
        geonamesid: 2298890
        latitude: 6.68333
        longitude: -1.61667
        name: Kumasi
        names_en: 
          - Kumasi
        names_es: 
          - Kumasi
        population: 1468609
        timezone: Africa/Accra
    geonamesid: 2304116
    name: Ashanti
    names_en: ~
    names_es: ~
