--- 
geonamesid: 294640
iso: IL
name: Israel
names_en: 
  - Israel
  - "State of Israel"
names_es: 
  - Israel
regions: 
  - 
    ascii_name: "Jerusalem District"
    cities: 
      - 
        alternate_names: 
          - Adonai-jireh
          - "Aelia Capitolina"
          - "Al Quds"
          - Al-Kuds
        ascii_name: Jerusalem
        geonamesid: 281184
        latitude: 31.77902
        longitude: 35.2253
        name: Jerusalem
        names_en: 
          - Zion
          - Ariel
          - Jerusalem
        names_es: 
          - Jerusalén
        population: 714000
        timezone: Asia/Jerusalem
      - 
        alternate_names: ~
        ascii_name: "Zur Hadassa"
        geonamesid: 293020
        latitude: 31.71667
        longitude: 35.1
        name: "Ẕur Hadassa"
        names_en: ~
        names_es: ~
        population: 4700
        timezone: Asia/Jerusalem
      - 
        alternate_names: 
          - "Mevo Beitar"
          - "Mevo Beiter"
          - "Mevo Betar"
          - "Mevo Beter"
        ascii_name: "Mevo Betar"
        geonamesid: 294244
        latitude: 31.71667
        longitude: 35.1
        name: "Mevo Betar"
        names_en: ~
        names_es: ~
        population: 27267
        timezone: Asia/Jerusalem
      - 
        alternate_names: 
          - "Beit Semes"
          - "Beit Şemeş"
          - Beit-Shemesh
          - Bejt-Shemesh
        ascii_name: "Bet Shemesh"
        geonamesid: 295432
        latitude: 31.75
        longitude: 35.0
        name: "Bet Shemesh"
        names_en: 
          - "Bet Shemesh"
        names_es: 
          - "Bet Shemesh"
        population: 67100
        timezone: Asia/Jerusalem
      - 
        alternate_names: 
          - "Abu Ghaush"
          - "Abu Ghosh"
          - Abu-Ghawsh
          - "Abū Ghaush"
        ascii_name: "Abu Ghaush"
        geonamesid: 295772
        latitude: 31.8
        longitude: 35.1
        name: "Abū Ghaush"
        names_en: ~
        names_es: ~
        population: 5707
        timezone: Asia/Jerusalem
    geonamesid: 293198
    name: "Jerusalem District"
    names_en: 
      - "Jerusalem District"
    names_es: ~
  - 
    ascii_name: "Tel Aviv"
    cities: 
      - 
        alternate_names: 
          - "Ramat HaSharon"
          - "Ramat Hash Sharon"
          - "`Ir Shalom"
          - "‘Ir Shalom"
        ascii_name: "Ramat HaSharon"
        geonamesid: 293783
        latitude: 32.14722
        longitude: 34.84167
        name: "Ramat HaSharon"
        names_en: ~
        names_es: ~
        population: 36137
        timezone: Asia/Jerusalem
      - 
        alternate_names: 
          - Gan
          - "Ramat Gan"
          - Ramat-Gan
          - "rmt gn"
        ascii_name: "Ramat Gan"
        geonamesid: 293788
        latitude: 32.08056
        longitude: 34.81417
        name: "Ramat Gan"
        names_en: 
          - "Ramat Gan"
        names_es: 
          - "Ramat Gan"
        population: 128095
        timezone: Asia/Jerusalem
      - 
        alternate_names: 
          - "Or Yehuda"
          - "Or Yehudah"
          - Saqiya
          - Saqiyyah
        ascii_name: "Or Yehuda"
        geonamesid: 293962
        latitude: 32.03111
        longitude: 34.84583
        name: "Or Yehuda"
        names_en: ~
        names_es: ~
        population: 30802
        timezone: Asia/Jerusalem
      - 
        alternate_names: 
          - "Kefar Shmaryahu"
          - "Kesar Shenaryahu"
        ascii_name: "Kefar Shemaryahu"
        geonamesid: 294508
        latitude: 32.18556
        longitude: 34.82194
        name: "Kefar Shemaryahu"
        names_en: ~
        names_es: ~
        population: 1774
        timezone: Asia/Jerusalem
      - 
        alternate_names: 
          - Cholon
          - Holon
          - H̱olon
          - Jolon
        ascii_name: Holon
        geonamesid: 294751
        latitude: 32.01139
        longitude: 34.77222
        name: H̱olon
        names_en: 
          - Holon
        names_es: 
          - Jolón
        population: 165787
        timezone: Asia/Jerusalem
      - 
        alternate_names: 
          - Gerclija
          - Herseliya
          - Hertseliyya
          - Hertsliyah
        ascii_name: Herzliyya
        geonamesid: 294778
        latitude: 32.16583
        longitude: 34.83667
        name: Herzliyya
        names_en: 
          - Herzliya
        names_es: 
          - Herzliya
        population: 83600
        timezone: Asia/Jerusalem
      - 
        alternate_names: 
          - "Giv`at Shemu'el"
          - "Giv`at Shmuel"
          - "Giv‘at Shemu’el"
          - "Giv‘at Shmuel"
        ascii_name: "Giv`at Shemu'el"
        geonamesid: 294981
        latitude: 32.07528
        longitude: 34.84667
        name: "Giv‘at Shemu’el"
        names_en: ~
        names_es: ~
        population: 18500
        timezone: Asia/Jerusalem
      - 
        alternate_names: 
          - Gevataym
          - Giv`atayim
          - Givataim
          - Giv‘atayim
        ascii_name: Giv`atayim
        geonamesid: 294999
        latitude: 32.06972
        longitude: 34.81167
        name: Giv‘atayim
        names_en: ~
        names_es: ~
        population: 48000
        timezone: Asia/Jerusalem
      - 
        alternate_names: 
          - "Benai Beraq"
          - "Bene Beraq"
          - "Benei Beraq"
          - "Beney Beraq"
        ascii_name: "Bene Beraq"
        geonamesid: 295514
        latitude: 32.09028
        longitude: 34.83972
        name: "Bene Beraq"
        names_en: ~
        names_es: ~
        population: 144663
        timezone: Asia/Jerusalem
      - 
        alternate_names: 
          - "Bat Jam"
          - "Bat Yam"
          - Bat-Jam
          - "bt ym"
        ascii_name: "Bat Yam"
        geonamesid: 295548
        latitude: 32.02306
        longitude: 34.75028
        name: "Bat Yam"
        names_en: 
          - "Bat Yam"
        names_es: 
          - "Bat Yam"
        population: 128979
        timezone: Asia/Jerusalem
      - 
        alternate_names: 
          - Azor
          - Azur
          - Yazir
          - Yazor
        ascii_name: Azor
        geonamesid: 295584
        latitude: 32.01917
        longitude: 34.81056
        name: Azor
        names_en: ~
        names_es: ~
        population: 10108
        timezone: Asia/Jerusalem
    geonamesid: 293396
    name: "Tel Aviv"
    names_en: 
      - "Tel Aviv"
      - "Tel Aviv District"
    names_es: ~
  - 
    ascii_name: "Haifa District"
    cities: 
      - 
        alternate_names: 
          - "El Fahm"
          - "Umm al Fahm"
          - "Umm el Faham"
          - "Umm el Fahm"
        ascii_name: "Umm el Fahm"
        geonamesid: 293286
        latitude: 32.51583
        longitude: 35.1525
        name: "Umm el Faḥm"
        names_en: ~
        names_es: ~
        population: 41030
        timezone: Asia/Jerusalem
      - 
        alternate_names: 
          - "At Tira"
          - Tira
          - Tirah
          - "Tirat Carmel"
        ascii_name: "Tirat Karmel"
        geonamesid: 293308
        latitude: 32.76167
        longitude: 34.97194
        name: "Tirat Karmel"
        names_en: ~
        names_es: ~
        population: 18993
        timezone: Asia/Jerusalem
      - 
        alternate_names: ~
        ascii_name: Rekhasim
        geonamesid: 293721
        latitude: 32.75
        longitude: 35.1
        name: Rekhasim
        names_en: ~
        names_es: ~
        population: 8513
        timezone: Asia/Jerusalem
      - 
        alternate_names: 
          - Kir'jat-Jam
          - "Kirjat Jam"
          - Kiryat-Yam
          - "Qiryat Yam"
        ascii_name: "Qiryat Yam"
        geonamesid: 293822
        latitude: 32.85083
        longitude: 35.07028
        name: "Qiryat Yam"
        names_en: 
          - "Qiryat Yam"
        names_es: 
          - "Qiryat Yam"
        population: 37639
        timezone: Asia/Jerusalem
      - 
        alternate_names: 
          - Kir'jat-Mockin
          - "Qiryat Motskin"
          - "Qiryat Motsqin"
          - "Qiryat Motzkin"
        ascii_name: "Qiryat Motzkin"
        geonamesid: 293831
        latitude: 32.83639
        longitude: 35.07528
        name: "Qiryat Motzkin"
        names_en: ~
        names_es: ~
        population: 39404
        timezone: Asia/Jerusalem
      - 
        alternate_names: 
          - Kir'jat-Bjalik
          - "Qiryat Bialik"
          - "Qiryat Bialiq"
          - Qiryat-Beyaliq
        ascii_name: "Qiryat Bialik"
        geonamesid: 293844
        latitude: 32.8275
        longitude: 35.08583
        name: "Qiryat Bialik"
        names_en: ~
        names_es: ~
        population: 36551
        timezone: Asia/Jerusalem
      - 
        alternate_names: 
          - "Kefar `Atah"
          - "Kefar `Atta"
          - "Kefar ‘Atah"
          - "Kefar ‘Aṭṭa"
        ascii_name: "Qiryat Ata"
        geonamesid: 293845
        latitude: 32.80056
        longitude: 35.10639
        name: "Qiryat Ata"
        names_en: ~
        names_es: ~
        population: 48966
        timezone: Asia/Jerusalem
      - 
        alternate_names: 
          - Neixer
          - Nescher
          - Nesher
          - nsr
        ascii_name: Nesher
        geonamesid: 294078
        latitude: 32.765
        longitude: 35.05
        name: Nesher
        names_en: 
          - Nesher
        names_es: 
          - Nesher
        population: 21245
        timezone: Asia/Jerusalem
      - 
        alternate_names: 
          - Beten
          - Ibtin
          - Ibṭin
        ascii_name: Ibtin
        geonamesid: 294661
        latitude: 32.76167
        longitude: 35.10083
        name: Ibṭin
        names_en: ~
        names_es: ~
        population: 2020
        timezone: Asia/Jerusalem
      - 
        alternate_names: 
          - Caiffa
          - Haifa
          - Hajfa
          - Hajfo
        ascii_name: Haifa
        geonamesid: 294801
        latitude: 32.81556
        longitude: 34.98917
        name: Haifa
        names_en: 
          - Haifa
        names_es: 
          - Haifa
        population: 267300
        timezone: Asia/Jerusalem
      - 
        alternate_names: 
          - Chadera
          - "El Khudeira"
          - Hadera
          - Haderah
        ascii_name: Hadera
        geonamesid: 294946
        latitude: 32.43528
        longitude: 34.9175
        name: H̱adera
        names_en: 
          - Hadera
        names_es: 
          - Hadera
        population: 75854
        timezone: Asia/Jerusalem
      - 
        alternate_names: 
          - "Al Fureidis"
          - "El Fureidis"
          - "El Fureidīs"
          - Freidis
        ascii_name: "El Fureidis"
        geonamesid: 295269
        latitude: 32.6
        longitude: 34.95
        name: "El Fureidīs"
        names_en: ~
        names_es: ~
        population: 9999
        timezone: Asia/Jerusalem
      - 
        alternate_names: 
          - "Carmel City"
          - Daliyah
          - "Daliyat ad-Druz"
          - "Daliyat al-Karmil"
        ascii_name: "Daliyat el Karmil"
        geonamesid: 295365
        latitude: 32.69361
        longitude: 35.04083
        name: "Dāliyat el Karmil"
        names_en: 
          - "Carmel City"
        names_es: ~
        population: 25000
        timezone: Asia/Jerusalem
      - 
        alternate_names: 
          - "`Athlit"
          - "`Athlith"
          - "`Atlit"
          - ‘Athlīt
        ascii_name: "`Atlit"
        geonamesid: 295613
        latitude: 32.68333
        longitude: 34.93333
        name: ‘Atlit
        names_en: ~
        names_es: ~
        population: 4500
        timezone: Asia/Jerusalem
      - 
        alternate_names: 
          - Caesarea
          - Kaysaria
          - Keisarya
          - Kesarija
        ascii_name: Qesarya
        geonamesid: 7117228
        latitude: 32.51888
        longitude: 34.90459
        name: Qesarya
        names_en: 
          - Caesarea
        names_es: ~
        population: 4500
        timezone: Asia/Jerusalem
    geonamesid: 294800
    name: Haifa
    names_en: ~
    names_es: ~
  - 
    ascii_name: "Northern District"
    cities: 
      - 
        alternate_names: 
          - Cfat
          - Safad
          - Safed
          - Sfat
        ascii_name: Zefat
        geonamesid: 293100
        latitude: 32.96667
        longitude: 35.49444
        name: Ẕefat
        names_en: ~
        names_es: ~
        population: 27816
        timezone: Asia/Jerusalem
      - 
        alternate_names: 
          - "Kefar Yamma"
          - Yabneel
          - Yabniel
          - Yamah
        ascii_name: Yavne'el
        geonamesid: 293220
        latitude: 32.7125
        longitude: 35.5
        name: Yavne’el
        names_en: ~
        names_es: ~
        population: 2900
        timezone: Asia/Jerusalem
      - 
        alternate_names: 
          - "`Azir"
          - "`Uzayr"
          - "`Uzeir"
          - ‘Azir
        ascii_name: "`Uzeir"
        geonamesid: 293273
        latitude: 32.79444
        longitude: 35.33194
        name: ‘Uzeir
        names_en: ~
        names_es: ~
        population: 2591
        timezone: Asia/Jerusalem
      - 
        alternate_names: ~
        ascii_name: Timrat
        geonamesid: 293310
        latitude: 32.70361
        longitude: 35.22667
        name: Timrat
        names_en: ~
        names_es: ~
        population: 1789
        timezone: Asia/Jerusalem
      - 
        alternate_names: 
          - Tabariya
          - Tabariyeh
          - Tabariyyah
          - Tabarīya
        ascii_name: Tiberias
        geonamesid: 293322
        latitude: 32.79556
        longitude: 35.52861
        name: Tiberias
        names_en: 
          - Tiberias
        names_es: 
          - Tiberíades
        population: 39790
        timezone: Asia/Jerusalem
      - 
        alternate_names: 
          - Maalot-Tarshikha
          - "Me`ona `Ironit"
          - Tarchiha
          - Tarshihah
        ascii_name: "maalot Tarshiha"
        geonamesid: 293420
        latitude: 33.01667
        longitude: 35.26667
        name: "maalot Tarshīhā"
        names_en: ~
        names_es: ~
        population: 21400
        timezone: Asia/Jerusalem
      - 
        alternate_names: 
          - Tamra
          - Tamrah
          - Temarah
          - Тамра
        ascii_name: Tamra
        geonamesid: 293426
        latitude: 32.84861
        longitude: 35.20472
        name: Tamra
        names_en: ~
        names_es: ~
        population: 25917
        timezone: Asia/Jerusalem
      - 
        alternate_names: 
          - Shunem
          - Sulam
          - Sūlam
        ascii_name: Sulam
        geonamesid: 293449
        latitude: 32.60833
        longitude: 35.33333
        name: Sūlam
        names_en: ~
        names_es: ~
        population: 2426
        timezone: Asia/Jerusalem
      - 
        alternate_names: 
          - Chelomi
          - Shelomi
          - Shlomi
        ascii_name: Shelomi
        geonamesid: 293522
        latitude: 33.06667
        longitude: 35.1
        name: Shelomi
        names_en: ~
        names_es: ~
        population: 5608
        timezone: Asia/Jerusalem
      - 
        alternate_names: 
          - Sahrin
          - Sakhnin
          - Sakhnīn
          - Saknin
        ascii_name: Sakhnin
        geonamesid: 293655
        latitude: 32.86222
        longitude: 35.29333
        name: Sakhnīn
        names_en: ~
        names_es: ~
        population: 24596
        timezone: Asia/Jerusalem
      - 
        alternate_names: 
          - Sajur
          - Shezor
          - Sājūr
        ascii_name: Sajur
        geonamesid: 293657
        latitude: 32.94583
        longitude: 35.34306
        name: Sājūr
        names_en: ~
        names_es: ~
        population: 3547
        timezone: Asia/Jerusalem
      - 
        alternate_names: 
          - "El Ja`une"
          - "El Jā‘ūne"
          - Ja`una
          - Ja`unah
        ascii_name: "Rosh Pinna"
        geonamesid: 293688
        latitude: 32.96667
        longitude: 35.53333
        name: "Rosh Pinna"
        names_en: ~
        names_es: ~
        population: 2492
        timezone: Asia/Jerusalem
      - 
        alternate_names: 
          - Jadah
          - Jeida
          - "Ramat Yishai"
          - "Ramat Yishay"
        ascii_name: "Ramat Yishay"
        geonamesid: 293773
        latitude: 32.70056
        longitude: 35.17972
        name: "Ramat Yishay"
        names_en: ~
        names_es: ~
        population: 5431
        timezone: Asia/Jerusalem
      - 
        alternate_names: 
          - "Al Khalisa"
          - "El Khalisa"
          - Halasa
          - Halsa
        ascii_name: "Qiryat Shemona"
        geonamesid: 293825
        latitude: 33.20806
        longitude: 35.56861
        name: "Qiryat Shemona"
        names_en: ~
        names_es: ~
        population: 22035
        timezone: Asia/Jerusalem
      - 
        alternate_names: 
          - Na`im
          - Nayn
          - Na‘im
          - Neim
        ascii_name: Nein
        geonamesid: 294089
        latitude: 32.63333
        longitude: 35.35
        name: Nein
        names_en: ~
        names_es: ~
        population: 1588
        timezone: Asia/Jerusalem
      - 
        alternate_names: 
          - "En Nasira"
          - "En Nāsira"
          - "Lungsod ng Nazaret"
          - Naatsaret
        ascii_name: Nazareth
        geonamesid: 294098
        latitude: 32.70361
        longitude: 35.29556
        name: Nazareth
        names_en: 
          - Nazareth
        names_es: 
          - Nazaret
        population: 64800
        timezone: Asia/Jerusalem
      - 
        alternate_names: 
          - Nahaf
          - Nahef
          - Nahf
          - Naḥf
        ascii_name: Nahf
        geonamesid: 294114
        latitude: 32.93333
        longitude: 35.31667
        name: Naḥf
        names_en: ~
        names_es: ~
        population: 10105
        timezone: Asia/Jerusalem
      - 
        alternate_names: 
          - Nagarija
          - Nahariya
          - Nahariyah
          - Nahariyya
        ascii_name: Nahariyya
        geonamesid: 294117
        latitude: 33.00583
        longitude: 35.09472
        name: Nahariyya
        names_en: ~
        names_es: ~
        population: 50273
        timezone: Asia/Jerusalem
      - 
        alternate_names: 
          - Maaliya
          - Me`elya
          - Me‘elyā
          - Mi'elya
        ascii_name: Mi`ilya
        geonamesid: 294205
        latitude: 33.02806
        longitude: 35.25833
        name: Mi‘ilyā
        names_en: ~
        names_es: ~
        population: 2700
        timezone: Asia/Jerusalem
      - 
        alternate_names: 
          - Magidal
          - "Migdal Ha`Emeq"
          - "Migdal Haemeqck"
          - "Migdal Hameq"
        ascii_name: "Migdal Ha`Emeq"
        geonamesid: 294210
        latitude: 32.67139
        longitude: 35.24056
        name: "Migdal Ha‘Emeq"
        names_en: ~
        names_es: ~
        population: 24800
        timezone: Asia/Jerusalem
      - 
        alternate_names: 
          - "El Mutille"
          - Metula
          - Metulah
          - Metulla
        ascii_name: Metulla
        geonamesid: 294247
        latitude: 33.28611
        longitude: 35.57472
        name: Metulla
        names_en: ~
        names_es: ~
        population: 1466
        timezone: Asia/Jerusalem
      - 
        alternate_names: 
          - "El Mansura"
          - Ma`ariyah
          - Maghar
          - Maghār
        ascii_name: Maghar
        geonamesid: 294387
        latitude: 32.88694
        longitude: 35.40694
        name: Maghār
        names_en: ~
        names_es: ~
        population: 18915
        timezone: Asia/Jerusalem
      - 
        alternate_names: 
          - "Kefar Tabor"
          - "Kefar Tavor"
          - "Kfar Tavor"
          - Mas-ha
        ascii_name: "Kefar Tavor"
        geonamesid: 294502
        latitude: 32.68889
        longitude: 35.42083
        name: "Kefar Tavor"
        names_en: ~
        names_es: ~
        population: 2323
        timezone: Asia/Jerusalem
      - 
        alternate_names: 
          - Kaukab
          - "Kaukab Abu el Hija"
          - "Kaukab Abū el Hīja"
          - Kawkab
        ascii_name: "Kaukab Abu el Hija"
        geonamesid: 294571
        latitude: 32.83333
        longitude: 35.25
        name: "Kaukab Abū el Hīja"
        names_en: ~
        names_es: ~
        population: 2800
        timezone: Asia/Jerusalem
      - 
        alternate_names: 
          - Carmiel
          - Karmi'el
          - Karmiehl'
          - Karmi’el
        ascii_name: Karmi'el
        geonamesid: 294577
        latitude: 32.91722
        longitude: 35.30417
        name: Karmi’el
        names_en: ~
        names_es: ~
        population: 44382
        timezone: Asia/Jerusalem
      - 
        alternate_names: 
          - "Kafr Yasif"
          - "Kafr Yāsīf"
          - Kefar-Yasif
          - "Kfar Yasif"
        ascii_name: "Kafr Yasif"
        geonamesid: 294600
        latitude: 32.95361
        longitude: 35.16528
        name: "Kafr Yāsīf"
        names_en: ~
        names_es: ~
        population: 8308
        timezone: Asia/Jerusalem
      - 
        alternate_names: 
          - "Kafr Masr"
          - "Kafr Misr"
          - "Kafr Miṣr"
        ascii_name: "Kafr Misr"
        geonamesid: 294607
        latitude: 32.64722
        longitude: 35.42083
        name: "Kafr Miṣr"
        names_en: ~
        names_es: ~
        population: 2400
        timezone: Asia/Jerusalem
      - 
        alternate_names: 
          - "Kafar Manda"
          - Kafer-Manda
          - "Kafr Manda"
          - "Kafr Mandā"
        ascii_name: "Kafr Manda"
        geonamesid: 294608
        latitude: 32.80722
        longitude: 35.26028
        name: "Kafr Mandā"
        names_en: ~
        names_es: ~
        population: 15014
        timezone: Asia/Jerusalem
      - 
        alternate_names: 
          - "Kafr Kanna"
          - "Kafr Kannā"
          - "Kafr Qanah"
        ascii_name: "Kafr Kanna"
        geonamesid: 294610
        latitude: 32.75
        longitude: 35.34167
        name: "Kafr Kannā"
        names_en: ~
        names_es: ~
        population: 17606
        timezone: Asia/Jerusalem
      - 
        alternate_names: 
          - "Kafar Kama"
          - Kafer-Kama
          - "Kafr Kama"
          - "Kafr Kamma"
        ascii_name: "Kafr Kama"
        geonamesid: 294611
        latitude: 32.71667
        longitude: 35.44167
        name: "Kafr Kamā"
        names_en: ~
        names_es: ~
        population: 2990
        timezone: Asia/Jerusalem
      - 
        alternate_names: 
          - Kabul
          - Kavul
          - Kābūl
        ascii_name: Kabul
        geonamesid: 294615
        latitude: 32.86667
        longitude: 35.21306
        name: Kābūl
        names_en: ~
        names_es: ~
        population: 9497
        timezone: Asia/Jerusalem
      - 
        alternate_names: 
          - "Al Judeida"
          - Judaydah
          - Judeida
        ascii_name: Judeida
        geonamesid: 294622
        latitude: 32.92556
        longitude: 35.155
        name: Judeida
        names_en: ~
        names_es: ~
        population: 17530
        timezone: Asia/Jerusalem
      - 
        alternate_names: 
          - Giscala
          - Gishala
          - "Gush Halab"
          - "Gush Halav"
        ascii_name: Jish
        geonamesid: 294627
        latitude: 33.02472
        longitude: 35.44444
        name: Jīsh
        names_en: ~
        names_es: ~
        population: 2684
        timezone: Asia/Jerusalem
      - 
        alternate_names: 
          - Iksal
          - Iksāl
          - Kessulot
          - Kesulot
        ascii_name: Iksal
        geonamesid: 294658
        latitude: 32.67861
        longitude: 35.32222
        name: Iksāl
        names_en: ~
        names_es: ~
        population: 11398
        timezone: Asia/Jerusalem
      - 
        alternate_names: 
          - Hourfeich
          - Hurfaysh
          - Hurfeish
          - Ḥurfeish
        ascii_name: Hurfeish
        geonamesid: 294666
        latitude: 33.015
        longitude: 35.34944
        name: Ḥurfeish
        names_en: ~
        names_es: ~
        population: 5308
        timezone: Asia/Jerusalem
      - 
        alternate_names: 
          - Fassuta
          - Fassutah
          - Fassūṭā
          - Mafshatah
        ascii_name: Mafshatah
        geonamesid: 295104
        latitude: 33.04972
        longitude: 35.30889
        name: Mafshatah
        names_en: ~
        names_es: ~
        population: 2985
        timezone: Asia/Jerusalem
      - 
        alternate_names: 
          - Dannun
          - Danun
          - "Esh Sheikh Dannun"
          - "Esh Sheikh Dannūn"
        ascii_name: "Esh Sheikh Dannun"
        geonamesid: 295157
        latitude: 32.99
        longitude: 35.145
        name: "Esh Sheikh Dannūn"
        names_en: ~
        names_es: ~
        population: 2305
        timezone: Asia/Jerusalem
      - 
        alternate_names: 
          - "Ar Reina"
          - "Er Reina"
          - Raynah
          - Reina
        ascii_name: "Er Reina"
        geonamesid: 295174
        latitude: 32.72361
        longitude: 35.3125
        name: "Er Reina"
        names_en: ~
        names_es: ~
        population: 15621
        timezone: Asia/Jerusalem
      - 
        alternate_names: 
          - "Al Mazra`a"
          - "Al Mazra‘a"
          - "El Mazra`a"
          - "El Mazra‘a"
        ascii_name: "El Mazra`a"
        geonamesid: 295249
        latitude: 32.98583
        longitude: 35.09889
        name: "El Mazra‘a"
        names_en: ~
        names_es: ~
        population: 3900
        timezone: Asia/Jerusalem
      - 
        alternate_names: 
          - "`Ailabun"
          - "`Aylabun"
          - "`Eilabun"
          - ‘Ailabun
        ascii_name: "`Eilabun"
        geonamesid: 295291
        latitude: 32.83472
        longitude: 35.39667
        name: ‘Eilabūn
        names_en: ~
        names_es: ~
        population: 4400
        timezone: Asia/Jerusalem
      - 
        alternate_names: 
          - "Dayr Hannah"
          - "Deir Hanna"
          - "Deir Ḥannā"
          - "Kefar Yohanah"
        ascii_name: "Deir Hanna"
        geonamesid: 295339
        latitude: 32.8625
        longitude: 35.36667
        name: "Deir Ḥannā"
        names_en: ~
        names_es: ~
        population: 8417
        timezone: Asia/Jerusalem
      - 
        alternate_names: 
          - Dabburiya
          - Dabburiyah
          - Dabburye
          - Dabbūrīya
        ascii_name: Dabburiya
        geonamesid: 295370
        latitude: 32.69583
        longitude: 35.37222
        name: Dabbūrīya
        names_en: ~
        names_es: ~
        population: 8305
        timezone: Asia/Jerusalem
      - 
        alternate_names: 
          - "Al Buqei`a"
          - "Al Buqei‘a"
          - Beqe`ah
          - Beqe‘ah
        ascii_name: Buqei`a
        geonamesid: 295379
        latitude: 32.97917
        longitude: 35.33611
        name: Buqei‘a
        names_en: ~
        names_es: ~
        population: 5200
        timezone: Asia/Jerusalem
      - 
        alternate_names: 
          - Bu`aynah
          - Bu`eina
          - Bu`eine
          - Bu‘aynah
        ascii_name: Bu`eina
        geonamesid: 295380
        latitude: 32.80528
        longitude: 35.36361
        name: Bu‘eina
        names_en: ~
        names_es: ~
        population: 7900
        timezone: Asia/Jerusalem
      - 
        alternate_names: ~
        ascii_name: "Bir el Maksur"
        geonamesid: 295404
        latitude: 32.75
        longitude: 35.23333
        name: "Bīr el Maksūr"
        names_en: ~
        names_es: ~
        population: 7106
        timezone: Asia/Jerusalem
      - 
        alternate_names: 
          - Beisan
          - Beisān
          - "Beit Shean"
          - Beit-Shean
        ascii_name: "Bet She'an"
        geonamesid: 295435
        latitude: 32.5
        longitude: 35.5
        name: "Bet She’an"
        names_en: 
          - "Bet She'an"
        names_es: 
          - "Bet She'an"
        population: 16800
        timezone: Asia/Jerusalem
      - 
        alternate_names: 
          - "Bayt Jann"
          - "Beit Jann"
          - "Bet Dagan"
        ascii_name: "Beit Jann"
        geonamesid: 295523
        latitude: 32.96528
        longitude: 35.37944
        name: "Beit Jann"
        names_en: ~
        names_es: ~
        population: 10002
        timezone: Asia/Jerusalem
      - 
        alternate_names: 
          - "Basmat Tab'un"
          - "Basmat Tab`un"
          - "Basmat Ṭab‘ūn"
          - "Bismat Taba'un"
        ascii_name: "Basmat Tab`un"
        geonamesid: 295553
        latitude: 32.73444
        longitude: 35.14583
        name: "Basmat Ṭab‘ūn"
        names_en: ~
        names_es: ~
        population: 6300
        timezone: Asia/Jerusalem
      - 
        alternate_names: 
          - Accho
          - Acre
          - "Acre - עכו"
          - Acri
        ascii_name: "`Akko"
        geonamesid: 295721
        latitude: 32.92361
        longitude: 35.07278
        name: ‘Akko
        names_en: 
          - Acre
        names_es: 
          - Acre
        population: 45603
        timezone: Asia/Jerusalem
      - 
        alternate_names: 
          - "Upper Afula"
          - "`Afula `Elit"
          - "`Afula `Illit"
          - "`Afulah `Ilith"
        ascii_name: "`Afula `Illit"
        geonamesid: 295739
        latitude: 32.63333
        longitude: 35.33333
        name: "‘Afula ‘Illit"
        names_en: ~
        names_es: ~
        population: 40000
        timezone: Asia/Jerusalem
      - 
        alternate_names: ~
        ascii_name: Shibli
        geonamesid: 386042
        latitude: 32.69583
        longitude: 35.39722
        name: Shibli
        names_en: ~
        names_es: ~
        population: 4800
        timezone: Asia/Jerusalem
      - 
        alternate_names: ~
        ascii_name: "Rumat Heib"
        geonamesid: 386194
        latitude: 32.77917
        longitude: 35.30694
        name: "Rūmat Heib"
        names_en: ~
        names_es: ~
        population: 1588
        timezone: Asia/Jerusalem
      - 
        alternate_names: ~
        ascii_name: Sallama
        geonamesid: 386253
        latitude: 32.89722
        longitude: 35.37083
        name: Sallama
        names_en: ~
        names_es: ~
        population: 1800
        timezone: Asia/Jerusalem
      - 
        alternate_names: ~
        ascii_name: "Kefar Weradim"
        geonamesid: 386445
        latitude: 32.99306
        longitude: 35.275
        name: "Kefar Weradim"
        names_en: ~
        names_es: ~
        population: 5608
        timezone: Asia/Jerusalem
    geonamesid: 294824
    name: "Northern District"
    names_en: 
      - "Northern District"
    names_es: ~
  - 
    ascii_name: "Central District"
    cities: 
      - 
        alternate_names: 
          - "Tsur Moshe"
          - "Tsur Mosheh"
          - "Zur Moshe"
          - "Ẕur Moshe"
        ascii_name: "Zur Moshe"
        geonamesid: 293014
        latitude: 32.3
        longitude: 34.91667
        name: "Ẕur Moshe"
        names_en: ~
        names_es: ~
        population: 2400
        timezone: Asia/Jerusalem
      - 
        alternate_names: 
          - Javne
          - "Kefar Yavne"
          - "Kfar Yavne"
          - "Kfar Yavneh"
        ascii_name: Yavne
        geonamesid: 293222
        latitude: 31.87639
        longitude: 34.74
        name: Yavne
        names_en: ~
        names_es: ~
        population: 31774
        timezone: Asia/Jerusalem
      - 
        alternate_names: ~
        ascii_name: "Tel Mond"
        geonamesid: 293354
        latitude: 32.25
        longitude: 34.93333
        name: "Tel Mond"
        names_en: ~
        names_es: ~
        population: 8725
        timezone: Asia/Jerusalem
      - 
        alternate_names: 
          - Saviyon
          - Savyon
          - sbywn
          - סביון
        ascii_name: Savyon
        geonamesid: 293633
        latitude: 32.05306
        longitude: 34.87778
        name: Savyon
        names_en: ~
        names_es: ~
        population: 3434
        timezone: Asia/Jerusalem
      - 
        alternate_names: 
          - "Ayun Kara"
          - "Le Tsiyon"
          - "Le Tsīyōn"
          - "Richon le Sion"
        ascii_name: "Rishon LeZiyyon"
        geonamesid: 293703
        latitude: 31.96417
        longitude: 34.80444
        name: "Rishon LeẔiyyon"
        names_en: 
          - "Rishon LeZion"
        names_es: 
          - "Rishon LeZion"
        population: 220492
        timezone: Asia/Jerusalem
      - 
        alternate_names: 
          - "Er Ramle"
          - Ramla
          - Ramle
          - ramla
        ascii_name: Ramla
        geonamesid: 293768
        latitude: 31.92528
        longitude: 34.86694
        name: Ramla
        names_en: 
          - Ramla
        names_es: 
          - Ramla
        population: 63860
        timezone: Asia/Jerusalem
      - 
        alternate_names: 
          - Qalansuwa
          - Qalansuwah
          - Qallansawah
        ascii_name: Qalansuwa
        geonamesid: 293896
        latitude: 32.28472
        longitude: 34.97972
        name: Qalansuwa
        names_en: ~
        names_es: ~
        population: 16898
        timezone: Asia/Jerusalem
      - 
        alternate_names: 
          - Pardesiya
          - Pardesiyah
          - Pardesiyya
        ascii_name: Pardesiyya
        geonamesid: 293942
        latitude: 32.3
        longitude: 34.91667
        name: Pardesiyya
        names_en: ~
        names_es: ~
        population: 6254
        timezone: Asia/Jerusalem
      - 
        alternate_names: 
          - Nordiya
          - Nordiyah
          - Nordiyya
        ascii_name: Nordiyya
        geonamesid: 294003
        latitude: 32.31667
        longitude: 34.9
        name: Nordiyya
        names_en: ~
        names_es: ~
        population: 2264
        timezone: Asia/Jerusalem
      - 
        alternate_names: 
          - "Lungsod ng Ntanya"
          - Natania
          - Natanja
          - Natanya
        ascii_name: Netanya
        geonamesid: 294071
        latitude: 32.33361
        longitude: 34.85778
        name: Netanya
        names_en: 
          - Netanya
        names_es: 
          - Netanya
        population: 171676
        timezone: Asia/Jerusalem
      - 
        alternate_names: 
          - "Nahalat Reuven"
          - "Nes Siyona"
          - "Nes Tsiyona"
          - "Nes Tsiyonah"
        ascii_name: "Ness Ziona"
        geonamesid: 294074
        latitude: 31.92933
        longitude: 34.79868
        name: "Ness Ziona"
        names_en: ~
        names_es: ~
        population: 38700
        timezone: Asia/Jerusalem
      - 
        alternate_names: ~
        ascii_name: Nehalim
        geonamesid: 294093
        latitude: 32.06194
        longitude: 34.91389
        name: Neẖalim
        names_en: ~
        names_es: ~
        population: 2061
        timezone: Asia/Jerusalem
      - 
        alternate_names: 
          - Ekron
          - "Mazkeret Batya"
          - "Mazkeret Batyah"
          - "`Eqron"
        ascii_name: "Mazkeret Batya"
        geonamesid: 294303
        latitude: 31.85389
        longitude: 34.83861
        name: "Mazkeret Batya"
        names_en: ~
        names_es: ~
        population: 8034
        timezone: Asia/Jerusalem
      - 
        alternate_names: 
          - Lida
          - Lidd
          - Lod
          - Lud
        ascii_name: Lod
        geonamesid: 294421
        latitude: 31.95139
        longitude: 34.89528
        name: Lod
        names_en: 
          - Lod
        names_es: 
          - Lod
        population: 66589
        timezone: Asia/Jerusalem
      - 
        alternate_names: 
          - "Kefar Yona"
          - "Kefar Yonah"
          - "Kfar Yona"
        ascii_name: "Kefar Yona"
        geonamesid: 294492
        latitude: 32.31667
        longitude: 34.93333
        name: "Kefar Yona"
        names_en: ~
        names_es: ~
        population: 13320
        timezone: Asia/Jerusalem
      - 
        alternate_names: 
          - "Kafr Saba"
          - "Kefar Saba"
          - "Kefar Sava"
          - Kefar-Sava
        ascii_name: "Kefar Sava"
        geonamesid: 294514
        latitude: 32.175
        longitude: 34.90694
        name: "Kefar Sava"
        names_en: ~
        names_es: ~
        population: 80773
        timezone: Asia/Jerusalem
      - 
        alternate_names: 
          - "Kefar Habad"
          - "Kefar Habbad"
          - "Kefar H̱abad"
          - "Kefar H̱abbad"
        ascii_name: "Kefar Habad"
        geonamesid: 294545
        latitude: 31.98667
        longitude: 34.85111
        name: "Kefar H̱abad"
        names_en: ~
        names_es: ~
        population: 4771
        timezone: Asia/Jerusalem
      - 
        alternate_names: 
          - "Kafar Qasem"
          - "Kafar Qāsem"
          - Kafer-Kassim
          - "Kafr Qasim"
        ascii_name: "Kafr Qasim"
        geonamesid: 294604
        latitude: 32.11417
        longitude: 34.97389
        name: "Kafr Qāsim"
        names_en: ~
        names_es: ~
        population: 17303
        timezone: Asia/Jerusalem
      - 
        alternate_names: 
          - Gilgal
          - Gilgāl
          - Jaljuliya
          - Jaljulya
        ascii_name: Jaljulya
        geonamesid: 294634
        latitude: 32.15583
        longitude: 34.95278
        name: Jaljūlya
        names_en: ~
        names_es: ~
        population: 7505
        timezone: Asia/Jerusalem
      - 
        alternate_names: 
          - "Hada Ramatayim"
          - "Hadar Ramataim"
          - "Hadar Ramatayim"
          - "Hod HaSharon"
        ascii_name: "Hod HaSharon"
        geonamesid: 294760
        latitude: 32.15083
        longitude: 34.88833
        name: "Hod HaSharon"
        names_en: ~
        names_es: ~
        population: 43185
        timezone: Asia/Jerusalem
      - 
        alternate_names: 
          - Gedera
          - Gederah
        ascii_name: Gedera
        geonamesid: 295064
        latitude: 31.81667
        longitude: 34.76667
        name: Gedera
        names_en: ~
        names_es: ~
        population: 14575
        timezone: Asia/Jerusalem
      - 
        alternate_names: 
          - "Gan Yavne"
          - "Gan Yavneh"
        ascii_name: "Gan Yavne"
        geonamesid: 295080
        latitude: 31.78333
        longitude: 34.71667
        name: "Gan Yavne"
        names_en: ~
        names_es: ~
        population: 14975
        timezone: Asia/Jerusalem
      - 
        alternate_names: ~
        ascii_name: "Ganne Tiqwa"
        geonamesid: 295089
        latitude: 32.06028
        longitude: 34.87472
        name: "Ganne Tiqwa"
        names_en: ~
        names_es: ~
        population: 12213
        timezone: Asia/Jerusalem
      - 
        alternate_names: 
          - "Even Yahuda"
          - "Even Yehuda"
          - "Even Yehudah"
        ascii_name: "Even Yehuda"
        geonamesid: 295122
        latitude: 32.26667
        longitude: 34.88333
        name: "Even Yehuda"
        names_en: ~
        names_es: ~
        population: 9282
        timezone: Asia/Jerusalem
      - 
        alternate_names: 
          - "At Tira"
          - "Et Tira"
          - "Et Tire"
          - "Eṭ Ṭīra"
        ascii_name: Tirah
        geonamesid: 295127
        latitude: 32.23278
        longitude: 34.95028
        name: Tirah
        names_en: ~
        names_es: ~
        population: 20786
        timezone: Asia/Jerusalem
      - 
        alternate_names: 
          - "At Taiyiba"
          - E-Tayibe
          - "El Taiyiba"
          - "Et Taiyiba"
        ascii_name: "Et Taiyiba"
        geonamesid: 295130
        latitude: 32.26472
        longitude: 35.00806
        name: "Eṭ Ṭaiyiba"
        names_en: ~
        names_es: ~
        population: 32978
        timezone: Asia/Jerusalem
      - 
        alternate_names: 
          - Elyakhin
          - "Khirbat Zalafa"
          - "Ma'abara Merkazit Emeq Hefer"
          - "Ma’abara Merkazit Emeq H̱efer"
        ascii_name: Elyakhin
        geonamesid: 295232
        latitude: 32.4
        longitude: 34.91667
        name: Elyakhin
        names_en: ~
        names_es: ~
        population: 2728
        timezone: Asia/Jerusalem
      - 
        alternate_names: 
          - "Beit Yits-haq"
          - "Beit Yits-ḥaq"
          - "Beit Yitzak"
          - "Bet Yitshak"
        ascii_name: "Bet Yizhaq"
        geonamesid: 295424
        latitude: 32.31667
        longitude: 34.88333
        name: "Bet Yiẕẖaq"
        names_en: ~
        names_es: ~
        population: 1674
        timezone: Asia/Jerusalem
      - 
        alternate_names: 
          - "Bayt Dajan"
          - "Beit Dagon"
          - "Beit Dajan"
          - "Bet Dagan"
        ascii_name: "Bet Dagan"
        geonamesid: 295475
        latitude: 32.00139
        longitude: 34.83028
        name: "Bet Dagan"
        names_en: ~
        names_es: ~
        population: 5604
        timezone: Asia/Jerusalem
      - 
        alternate_names: 
          - "Nahal Soreq"
          - "Naẖal Soreq"
        ascii_name: "Bene 'Ayish"
        geonamesid: 295515
        latitude: 31.78333
        longitude: 34.75
        name: "Bene 'Ayish"
        names_en: ~
        names_es: ~
        population: 7763
        timezone: Asia/Jerusalem
      - 
        alternate_names: 
          - Petakh-Tikva
          - Петах-Тиква
        ascii_name: "Petah Tikva"
        geonamesid: 6693674
        latitude: 32.09174
        longitude: 34.88503
        name: "Petah Tikva"
        names_en: ~
        names_es: ~
        population: 188900
        timezone: Asia/Jerusalem
    geonamesid: 294904
    name: "Central District"
    names_en: 
      - "Central District"
    names_es: ~
  - 
    ascii_name: "Southern District"
    cities: 
      - 
        alternate_names: 
          - "Kefar Yeroham"
          - "Kfar Yeroham"
          - Yeroham
          - Yeroẖam
        ascii_name: Yeroham
        geonamesid: 293203
        latitude: 30.98722
        longitude: 34.93139
        name: Yeroẖam
        names_en: ~
        names_es: ~
        population: 8631
        timezone: Asia/Jerusalem
      - 
        alternate_names: 
          - Sderot
          - Sdérot
          - Sederot
          - Shederot
        ascii_name: Sederot
        geonamesid: 293619
        latitude: 31.51667
        longitude: 34.58333
        name: Sederot
        names_en: 
          - Sderot
        names_es: 
          - Sederot
        population: 20228
        timezone: Asia/Jerusalem
      - 
        alternate_names: 
          - Gat
          - Kir'jat-Gat
          - "Kirjat Gat"
          - "Kiryat Gat"
        ascii_name: "Qiryat Gat"
        geonamesid: 293842
        latitude: 31.6
        longitude: 34.76667
        name: "Qiryat Gat"
        names_en: 
          - "Qiryat Gat"
        names_es: ~
        population: 47450
        timezone: Asia/Jerusalem
      - 
        alternate_names: 
          - Ofakim
          - Ofaqim
          - Ofiqim
        ascii_name: Ofaqim
        geonamesid: 293992
        latitude: 31.28333
        longitude: 34.61667
        name: Ofaqim
        names_en: ~
        names_es: ~
        population: 24311
        timezone: Asia/Jerusalem
      - 
        alternate_names: 
          - Azata
          - Azzata
          - Netivot
          - Нетивот
        ascii_name: Netivot
        geonamesid: 294068
        latitude: 31.41667
        longitude: 34.58333
        name: Netivot
        names_en: ~
        names_es: ~
        population: 24564
        timezone: Asia/Jerusalem
      - 
        alternate_names: 
          - "Mahane Ramon"
          - "Maḥane Ramon"
          - "Mitspe Ramon"
          - "Mitze Ramon"
        ascii_name: "Mizpe Ramon"
        geonamesid: 294166
        latitude: 30.60944
        longitude: 34.80111
        name: "Miẕpe Ramon"
        names_en: ~
        names_es: ~
        population: 4769
        timezone: Asia/Jerusalem
      - 
        alternate_names: 
          - Ehjn-Bokek
          - EnBokeko
          - "`En Boqeq"
          - Эйн-Бокек
        ascii_name: "`En Boqeq"
        geonamesid: 295224
        latitude: 31.20139
        longitude: 35.36389
        name: "‘En Boqeq"
        names_en: ~
        names_es: ~
        population: 1400
        timezone: Asia/Jerusalem
      - 
        alternate_names: 
          - Ehjlat
          - Eilat
          - Ejlat
          - Ejlato
        ascii_name: Elat
        geonamesid: 295277
        latitude: 29.56111
        longitude: 34.95167
        name: Elat
        names_en: 
          - Eilat
        names_es: 
          - Eilat
        population: 45588
        timezone: Asia/Jerusalem
      - 
        alternate_names: 
          - Dimona
          - Domona
          - dymwnh
          - Димона
        ascii_name: Dimona
        geonamesid: 295328
        latitude: 31.06667
        longitude: 35.03333
        name: Dimona
        names_en: 
          - Dimona
        names_es: 
          - Dimona
        population: 33558
        timezone: Asia/Jerusalem
      - 
        alternate_names: 
          - "B'er Sheva'"
          - B'eyr-Sheva'
          - "Be'er Seva"
          - "Be'er Sheva"
        ascii_name: Beersheba
        geonamesid: 295530
        latitude: 31.25181
        longitude: 34.7913
        name: Beersheba
        names_en: 
          - Beersheba
        names_es: 
          - "Be'er Sheva"
          - "Beer Sheva"
        population: 186600
        timezone: Asia/Jerusalem
      - 
        alternate_names: 
          - "Al Majdal"
          - Ashkelon
          - Ashqelon
          - Ashquelon
        ascii_name: Ashqelon
        geonamesid: 295620
        latitude: 31.66667
        longitude: 34.58333
        name: Ashqelon
        names_en: ~
        names_es: ~
        population: 105995
        timezone: Asia/Jerusalem
      - 
        alternate_names: 
          - Aschdod
          - Asdod
          - Ashdod
          - "Ashdod Yam"
        ascii_name: Ashdod
        geonamesid: 295629
        latitude: 31.81667
        longitude: 34.65
        name: Ashdod
        names_en: 
          - Ashdod
        names_es: 
          - Ashdod
        population: 224656
        timezone: Asia/Jerusalem
      - 
        alternate_names: 
          - lhbym
          - להבים
        ascii_name: Lehavim
        geonamesid: 6693244
        latitude: 31.37284
        longitude: 34.81619
        name: Lehavim
        names_en: ~
        names_es: ~
        population: 6000
        timezone: Asia/Jerusalem
      - 
        alternate_names: ~
        ascii_name: "Midreshet Ben-Gurion"
        geonamesid: 6929924
        latitude: 30.85154
        longitude: 34.7834
        name: "Midreshet Ben-Gurion"
        names_en: ~
        names_es: ~
        population: 1100
        timezone: Asia/Jerusalem
    geonamesid: 294952
    name: "Southern District"
    names_en: 
      - "Southern District"
    names_es: ~
