--- 
geonamesid: 2287781
iso: CI
name: "Ivory Coast"
names_en: 
  - "Ivory Coast"
  - "Côte d'Ivoire"
  - "Republic of Côte d’Ivoire"
names_es: 
  - "Costa de Marfil"
regions: 
  - 
    ascii_name: "Region des Lagunes"
    cities: 
      - 
        alternate_names: ~
        ascii_name: Tiassale
        geonamesid: 2280761
        latitude: 5.89833
        longitude: -4.82833
        name: Tiassalé
        names_en: ~
        names_es: ~
        population: 35090
        timezone: Africa/Abidjan
      - 
        alternate_names: 
          - Dab
          - Dabou
          - Dabu
          - Даб
        ascii_name: Dabou
        geonamesid: 2290582
        latitude: 5.32056
        longitude: -4.38306
        name: Dabou
        names_en: 
          - Dabou
        names_es: ~
        population: 69661
        timezone: Africa/Abidjan
      - 
        alternate_names: 
          - Bingerville
        ascii_name: Bingerville
        geonamesid: 2291580
        latitude: 5.35583
        longitude: -3.89
        name: Bingerville
        names_en: ~
        names_es: ~
        population: 50694
        timezone: Africa/Abidjan
      - 
        alternate_names: 
          - An'jame
          - Aniama
          - Anyama
          - "Anyama Sossokoua"
        ascii_name: Anyama
        geonamesid: 2292852
        latitude: 5.49583
        longitude: -4.05472
        name: Anyama
        names_en: ~
        names_es: ~
        population: 100653
        timezone: Africa/Abidjan
      - 
        alternate_names: ~
        ascii_name: Abobo
        geonamesid: 2293521
        latitude: 5.41889
        longitude: -4.02056
        name: Abobo
        names_en: ~
        names_es: ~
        population: 900000
        timezone: Africa/Abidjan
      - 
        alternate_names: 
          - Abican
          - Abidjan
          - Abidzan
          - Abidzana
        ascii_name: Abidjan
        geonamesid: 2293538
        latitude: 5.34111
        longitude: -4.02806
        name: Abidjan
        names_en: 
          - Abidjan
        names_es: 
          - Abiyán
        population: 3677115
        timezone: Africa/Abidjan
    geonamesid: 2597316
    name: Lagunes
    names_en: ~
    names_es: ~
  - 
    ascii_name: "Region du Sud-Comoe"
    cities: 
      - 
        alternate_names: 
          - Gran-Bassam
          - Grand-Bassam
          - Гран-Бассам
        ascii_name: Grand-Bassam
        geonamesid: 2288115
        latitude: 5.20194
        longitude: -3.735
        name: Grand-Bassam
        names_en: 
          - Grand-Bassam
        names_es: ~
        population: 73772
        timezone: Africa/Abidjan
      - 
        alternate_names: 
          - Bonoua
          - Bonua
          - Bunua
          - "Grand Akapless"
        ascii_name: Bonoua
        geonamesid: 2291087
        latitude: 5.27222
        longitude: -3.60083
        name: Bonoua
        names_en: ~
        names_es: ~
        population: 37312
        timezone: Africa/Abidjan
      - 
        alternate_names: ~
        ascii_name: Ayame
        geonamesid: 2292542
        latitude: 5.6
        longitude: -3.16222
        name: Ayamé
        names_en: ~
        names_es: ~
        population: 12315
        timezone: Africa/Abidjan
      - 
        alternate_names: 
          - Adiake
          - Adiaké
        ascii_name: Adiake
        geonamesid: 2293428
        latitude: 5.28639
        longitude: -3.3075
        name: Adiaké
        names_en: ~
        names_es: ~
        population: 16531
        timezone: Africa/Abidjan
      - 
        alternate_names: 
          - Abisso
          - Aboissa
          - Aboisso
          - Abuasso
        ascii_name: Aboisso
        geonamesid: 2293507
        latitude: 5.4675
        longitude: -3.21444
        name: Aboisso
        names_en: ~
        names_es: ~
        population: 37654
        timezone: Africa/Abidjan
    geonamesid: 2597317
    name: Sud-Comoé
    names_en: ~
    names_es: ~
  - 
    ascii_name: "Region de l' Agneby"
    cities: 
      - 
        alternate_names: 
          - Aferi
          - Affery
          - Aféri
          - "Grand Aferi"
        ascii_name: Affery
        geonamesid: 2288118
        latitude: 6.315
        longitude: -3.96028
        name: Affery
        names_en: ~
        names_es: ~
        population: 29909
        timezone: Africa/Abidjan
      - 
        alternate_names: 
          - Akoupe
          - Akoupé
          - Akupe
        ascii_name: Akoupe
        geonamesid: 2293107
        latitude: 6.39
        longitude: -3.90028
        name: Akoupé
        names_en: ~
        names_es: ~
        population: 35970
        timezone: Africa/Abidjan
      - 
        alternate_names: 
          - Agbovile
          - Agboville
          - Агбовиле
        ascii_name: Agboville
        geonamesid: 2293268
        latitude: 5.93417
        longitude: -4.22139
        name: Agboville
        names_en: 
          - Agboville
        names_es: ~
        population: 81770
        timezone: Africa/Abidjan
      - 
        alternate_names: 
          - Adzope
          - Adzopé
          - Адзопе
        ascii_name: Adzope
        geonamesid: 2293342
        latitude: 6.10694
        longitude: -3.86194
        name: Adzopé
        names_en: 
          - Adzopé
        names_es: ~
        population: 61884
        timezone: Africa/Abidjan
    geonamesid: 2597318
    name: Agnéby
    names_en: ~
    names_es: ~
  - 
    ascii_name: "Region du Haut-Sassandra"
    cities: 
      - 
        alternate_names: 
          - Vavoua
          - Vavua
          - Вавуа
        ascii_name: Vavoua
        geonamesid: 2280045
        latitude: 7.38194
        longitude: -6.47778
        name: Vavoua
        names_en: ~
        names_es: ~
        population: 31250
        timezone: Africa/Abidjan
      - 
        alternate_names: ~
        ascii_name: Issia
        geonamesid: 2287790
        latitude: 6.48333
        longitude: -6.58333
        name: Issia
        names_en: ~
        names_es: ~
        population: 50313
        timezone: Africa/Abidjan
      - 
        alternate_names: 
          - Daloa
          - Далоа
        ascii_name: Daloa
        geonamesid: 2290486
        latitude: 6.87472
        longitude: -6.45194
        name: Daloa
        names_en: 
          - Daloa
        names_es: ~
        population: 215652
        timezone: Africa/Abidjan
    geonamesid: 2597319
    name: Haut-Sassandra
    names_en: ~
    names_es: ~
  - 
    ascii_name: "Region des Savanes"
    cities: 
      - 
        alternate_names: 
          - Tengrela
          - Tingrela
          - Tingréla
        ascii_name: Tengrela
        geonamesid: 2280589
        latitude: 10.48694
        longitude: -6.40972
        name: Tengrela
        names_en: ~
        names_es: ~
        population: 39277
        timezone: Africa/Abidjan
      - 
        alternate_names: 
          - Korhogo
          - Korogo
          - Корого
        ascii_name: Korhogo
        geonamesid: 2286304
        latitude: 9.45
        longitude: -5.63333
        name: Korhogo
        names_en: 
          - Korhogo
        names_es: ~
        population: 167359
        timezone: Africa/Abidjan
      - 
        alternate_names: 
          - Ferkesedugu
          - Ferkessedougou
          - Ferkessédougou
          - Firkessedougou
        ascii_name: Ferkessedougou
        geonamesid: 2289049
        latitude: 9.6
        longitude: -5.2
        name: Ferkessédougou
        names_en: 
          - Ferkessédougou
        names_es: ~
        population: 62008
        timezone: Africa/Abidjan
      - 
        alternate_names: 
          - Boundiali
          - Boundiouli
          - Bundiali
          - Бундиали
        ascii_name: Boundiali
        geonamesid: 2290836
        latitude: 9.52167
        longitude: -6.48694
        name: Boundiali
        names_en: ~
        names_es: ~
        population: 38878
        timezone: Africa/Abidjan
    geonamesid: 2597320
    name: Savanes
    names_en: ~
    names_es: ~
  - 
    ascii_name: "Region de la Vallee du Bandama"
    cities: 
      - 
        alternate_names: 
          - Sakasso
          - Sakassou
          - Sakassu
        ascii_name: Sakassou
        geonamesid: 2282178
        latitude: 7.45806
        longitude: -5.29417
        name: Sakassou
        names_en: ~
        names_es: ~
        population: 15068
        timezone: Africa/Abidjan
      - 
        alternate_names: 
          - Katiola
          - Lafouka
        ascii_name: Katiola
        geonamesid: 2287298
        latitude: 8.13333
        longitude: -5.1
        name: Katiola
        names_en: ~
        names_es: ~
        population: 59641
        timezone: Africa/Abidjan
      - 
        alternate_names: 
          - Dabakala
          - Dabakla
        ascii_name: Dabakala
        geonamesid: 2290609
        latitude: 8.36667
        longitude: -4.43333
        name: Dabakala
        names_en: ~
        names_es: ~
        population: 13717
        timezone: Africa/Abidjan
      - 
        alternate_names: 
          - Bouake
          - Bouaké
          - Buake
          - Bwake
        ascii_name: Bouake
        geonamesid: 2290956
        latitude: 7.68333
        longitude: -5.03306
        name: Bouaké
        names_en: 
          - Bouaké
        names_es: ~
        population: 567481
        timezone: Africa/Abidjan
      - 
        alternate_names: 
          - Beoumi
          - Beumi
          - Béoumi
        ascii_name: Beoumi
        geonamesid: 2291779
        latitude: 7.67611
        longitude: -5.57972
        name: Béoumi
        names_en: ~
        names_es: ~
        population: 23053
        timezone: Africa/Abidjan
    geonamesid: 2597321
    name: "Vallée du Bandama"
    names_en: ~
    names_es: ~
  - 
    ascii_name: "Region du Moyen-Comoe"
    cities: 
      - 
        alternate_names: 
          - Abengourou
          - Abenguru
          - Абенгуру
        ascii_name: Abengourou
        geonamesid: 2293549
        latitude: 6.72972
        longitude: -3.49639
        name: Abengourou
        names_en: ~
        names_es: ~
        population: 104020
        timezone: Africa/Abidjan
    geonamesid: 2597322
    name: Moyen-Comoé
    names_en: ~
    names_es: ~
  - 
    ascii_name: "Region des Dix-Huit Montagnes"
    cities: 
      - 
        alternate_names: 
          - Man
        ascii_name: Man
        geonamesid: 2284647
        latitude: 7.40528
        longitude: -7.5475
        name: Man
        names_en: 
          - Man
        names_es: ~
        population: 139341
        timezone: Africa/Abidjan
      - 
        alternate_names: 
          - Danane
          - Danané
          - "Fort Hittos"
          - Данане
        ascii_name: Danane
        geonamesid: 2290462
        latitude: 7.26278
        longitude: -8.15972
        name: Danané
        names_en: ~
        names_es: ~
        population: 53808
        timezone: Africa/Abidjan
      - 
        alternate_names: 
          - Biankouma
        ascii_name: Biankouma
        geonamesid: 2291666
        latitude: 7.73694
        longitude: -7.61028
        name: Biankouma
        names_en: ~
        names_es: ~
        population: 22868
        timezone: Africa/Abidjan
      - 
        alternate_names: 
          - Bangolo
          - Zagna
        ascii_name: Bangolo
        geonamesid: 2292179
        latitude: 7.00694
        longitude: -7.475
        name: Bangolo
        names_en: ~
        names_es: ~
        population: 17712
        timezone: Africa/Abidjan
    geonamesid: 2597323
    name: "Dix-Huit Montagnes"
    names_en: ~
    names_es: ~
  - 
    ascii_name: "Region des Lacs"
    cities: 
      - 
        alternate_names: 
          - Giamoussoukro
          - Jamusukras
          - Jamusukro
          - Yamoussokro
        ascii_name: Yamoussoukro
        geonamesid: 2279755
        latitude: 6.81667
        longitude: -5.28333
        name: Yamoussoukro
        names_en: 
          - Yamoussoukro
        names_es: 
          - Yamoussoukro
        population: 194530
        timezone: Africa/Abidjan
      - 
        alternate_names: 
          - Toumodi
          - Tumodi
        ascii_name: Toumodi
        geonamesid: 2280316
        latitude: 6.55
        longitude: -5.01667
        name: Toumodi
        names_en: ~
        names_es: ~
        population: 39005
        timezone: Africa/Abidjan
    geonamesid: 2597324
    name: Lacs
    names_en: ~
    names_es: ~
  - 
    ascii_name: "Region du Zanzan"
    cities: 
      - 
        alternate_names: 
          - "Tan N'Da"
          - "Tan N’Da"
          - Tanda
          - Tanga
        ascii_name: Tanda
        geonamesid: 2280995
        latitude: 7.80639
        longitude: -3.17139
        name: Tanda
        names_en: ~
        names_es: ~
        population: 20161
        timezone: Africa/Abidjan
      - 
        alternate_names: ~
        ascii_name: Sinfra
        geonamesid: 2281606
        latitude: 6.61667
        longitude: -5.91667
        name: Sinfra
        names_en: ~
        names_es: ~
        population: 59919
        timezone: Africa/Abidjan
      - 
        alternate_names: 
          - Bouna
          - Buna
          - Буна
        ascii_name: Bouna
        geonamesid: 2290849
        latitude: 9.26667
        longitude: -3.0
        name: Bouna
        names_en: ~
        names_es: ~
        population: 23570
        timezone: Africa/Abidjan
      - 
        alternate_names: 
          - Bondoukau
          - Bondoukou
          - Bonduku
          - Boudoukou
        ascii_name: Bondoukou
        geonamesid: 2291136
        latitude: 8.03333
        longitude: -2.8
        name: Bondoukou
        names_en: ~
        names_es: ~
        population: 58297
        timezone: Africa/Abidjan
    geonamesid: 2597325
    name: Zanzan
    names_en: ~
    names_es: ~
  - 
    ascii_name: "Region du Bas-Sassandra"
    cities: 
      - 
        alternate_names: 
          - Tabou
          - Tabu
        ascii_name: Tabou
        geonamesid: 2281120
        latitude: 4.41667
        longitude: -7.35
        name: Tabou
        names_en: ~
        names_es: ~
        population: 17134
        timezone: Africa/Abidjan
      - 
        alternate_names: 
          - Sassandra
          - Сассандра
        ascii_name: Sassandra
        geonamesid: 2281951
        latitude: 4.95
        longitude: -6.08333
        name: Sassandra
        names_en: ~
        names_es: ~
        population: 23274
        timezone: Africa/Abidjan
      - 
        alternate_names: 
          - San-Pedro
          - San-Pédro
        ascii_name: San-Pedro
        geonamesid: 2282006
        latitude: 4.73333
        longitude: -6.61667
        name: San-Pédro
        names_en: ~
        names_es: ~
        population: 196751
        timezone: Africa/Abidjan
      - 
        alternate_names: ~
        ascii_name: Soubre
        geonamesid: 2598243
        latitude: 5.78556
        longitude: -6.60833
        name: Soubré
        names_en: ~
        names_es: ~
        population: 58492
        timezone: Africa/Abidjan
    geonamesid: 2597326
    name: Bas-Sassandra
    names_en: ~
    names_es: ~
  - 
    ascii_name: "Region du Worodougou"
    cities: 
      - 
        alternate_names: ~
        ascii_name: Mankono
        geonamesid: 2284589
        latitude: 8.05861
        longitude: -6.18972
        name: Mankono
        names_en: ~
        names_es: ~
        population: 19095
        timezone: Africa/Abidjan
      - 
        alternate_names: 
          - Segele
          - Seguela
          - Séguéla
          - Сегеле
        ascii_name: Seguela
        geonamesid: 2596934
        latitude: 7.96111
        longitude: -6.67306
        name: Séguéla
        names_en: 
          - Séguéla
        names_es: ~
        population: 51157
        timezone: Africa/Abidjan
    geonamesid: 2597327
    name: Worodougou
    names_en: ~
    names_es: ~
  - 
    ascii_name: "Region du Denguele"
    cities: 
      - 
        alternate_names: 
          - Odienne
          - Odienné
          - Одиенне
        ascii_name: Odienne
        geonamesid: 2283016
        latitude: 9.51
        longitude: -7.56917
        name: Odienné
        names_en: 
          - Odienné
        names_es: ~
        population: 49857
        timezone: Africa/Abidjan
    geonamesid: 2597328
    name: Denguélé
    names_en: ~
    names_es: ~
  - 
    ascii_name: "Region du Sud-Bandama"
    cities: 
      - 
        alternate_names: 
          - Iakota
          - Lakota
          - Лакота
        ascii_name: Lakota
        geonamesid: 2285449
        latitude: 5.85278
        longitude: -5.68833
        name: Lakota
        names_en: ~
        names_es: ~
        population: 38055
        timezone: Africa/Abidjan
      - 
        alternate_names: 
          - "Grand Lahu"
          - Grand-Lahou
        ascii_name: Grand-Lahou
        geonamesid: 2288105
        latitude: 5.13667
        longitude: -5.02417
        name: Grand-Lahou
        names_en: ~
        names_es: ~
        population: 10273
        timezone: Africa/Abidjan
      - 
        alternate_names: 
          - Boudougou
          - Divo
        ascii_name: Divo
        geonamesid: 2289887
        latitude: 5.83972
        longitude: -5.36
        name: Divo
        names_en: ~
        names_es: ~
        population: 127867
        timezone: Africa/Abidjan
    geonamesid: 2597329
    name: Sud-Bandama
    names_en: ~
    names_es: ~
  - 
    ascii_name: "Region du Fromager"
    cities: 
      - 
        alternate_names: 
          - Oume
          - Oumé
          - Ume
        ascii_name: Oume
        geonamesid: 2282827
        latitude: 6.38333
        longitude: -5.41667
        name: Oumé
        names_en: ~
        names_es: ~
        population: 52070
        timezone: Africa/Abidjan
      - 
        alternate_names: 
          - Guibehorouo
          - Guiberou
          - Guiberoua
          - Guibieouroua
        ascii_name: Guiberoua
        geonamesid: 2287970
        latitude: 6.23667
        longitude: -6.1775
        name: Guibéroua
        names_en: ~
        names_es: ~
        population: 13186
        timezone: Africa/Abidjan
      - 
        alternate_names: 
          - Gagnoa
          - Gragnoa
        ascii_name: Gagnoa
        geonamesid: 2288829
        latitude: 6.13333
        longitude: -5.93333
        name: Gagnoa
        names_en: ~
        names_es: ~
        population: 123184
        timezone: Africa/Abidjan
    geonamesid: 2597330
    name: Fromager
    names_en: ~
    names_es: ~
  - 
    ascii_name: "Region du N'zi-Comoe"
    cities: 
      - 
        alternate_names: 
          - Dimbokro
        ascii_name: Dimbokro
        geonamesid: 2289983
        latitude: 6.65
        longitude: -4.7
        name: Dimbokro
        names_en: 
          - Dimbokro
        names_es: ~
        population: 67349
        timezone: Africa/Abidjan
      - 
        alternate_names: 
          - Daoukrou
          - Daukro
          - Даукро
        ascii_name: Daoukro
        geonamesid: 2290412
        latitude: 7.0591
        longitude: -3.9631
        name: Daoukro
        names_en: ~
        names_es: ~
        population: 40175
        timezone: Africa/Abidjan
      - 
        alternate_names: 
          - Bongouanou
          - Bonguanu
          - Bougouanou
        ascii_name: Bongouanou
        geonamesid: 2291113
        latitude: 6.64861
        longitude: -4.19917
        name: Bongouanou
        names_en: ~
        names_es: ~
        population: 34405
        timezone: Africa/Abidjan
      - 
        alternate_names: 
          - Bocanda
          - Bokanda
        ascii_name: Bocanda
        geonamesid: 2291383
        latitude: 7.06417
        longitude: -4.50111
        name: Bocanda
        names_en: ~
        names_es: ~
        population: 13079
        timezone: Africa/Abidjan
      - 
        alternate_names: 
          - Arra
          - Arrah
        ascii_name: Arrah
        geonamesid: 2292755
        latitude: 6.66528
        longitude: -3.97222
        name: Arrah
        names_en: ~
        names_es: ~
        population: 37432
        timezone: Africa/Abidjan
    geonamesid: 2597331
    name: Nʼzi-Comoé
    names_en: ~
    names_es: ~
  - 
    ascii_name: "Region de la Marahoue"
    cities: 
      - 
        alternate_names: 
          - Zenoula
          - Zouenoula
          - Zouénoula
          - Zuenoula
        ascii_name: Zuenoula
        geonamesid: 2279172
        latitude: 7.42917
        longitude: -6.04306
        name: Zuénoula
        names_en: ~
        names_es: ~
        population: 34435
        timezone: Africa/Abidjan
      - 
        alternate_names: 
          - Bouafle
          - Bouaflé
          - Buafle
        ascii_name: Bouafle
        geonamesid: 2290964
        latitude: 6.98333
        longitude: -5.75
        name: Bouaflé
        names_en: ~
        names_es: ~
        population: 60962
        timezone: Africa/Abidjan
    geonamesid: 2597332
    name: Marahoué
    names_en: ~
    names_es: ~
  - 
    ascii_name: "Region du Moyen-Cavally"
    cities: 
      - 
        alternate_names: ~
        ascii_name: Guiglo
        geonamesid: 2287958
        latitude: 6.54028
        longitude: -7.48583
        name: Guiglo
        names_en: ~
        names_es: ~
        population: 39134
        timezone: Africa/Abidjan
      - 
        alternate_names: ~
        ascii_name: Duekoue
        geonamesid: 2289549
        latitude: 6.73806
        longitude: -7.34306
        name: Duékoué
        names_en: ~
        names_es: ~
        population: 47198
        timezone: Africa/Abidjan
    geonamesid: 2597333
    name: Moyen-Cavally
    names_en: ~
    names_es: ~
  - 
    ascii_name: "Region du Bafing"
    cities: 
      - 
        alternate_names: 
          - Touba
          - Tuba
        ascii_name: Touba
        geonamesid: 2280376
        latitude: 8.28333
        longitude: -7.68333
        name: Touba
        names_en: ~
        names_es: ~
        population: 27504
        timezone: Africa/Abidjan
    geonamesid: 2597334
    name: Bafing
    names_en: ~
    names_es: ~
