--- 
geonamesid: 718075
iso: MK
name: Macedonia
names_en: 
  - Macedonia
  - "Republic of Macedonia"
names_es: 
  - Macedonia
  - "República de Macedonia"
  - "Macedonia, Antigua República Yugoslava"
regions: 
  - 
    ascii_name: "Opstina Valandovo"
    cities: 
      - 
        alternate_names: 
          - Valandova
          - Valandovo
          - Валандово
        ascii_name: Valandovo
        geonamesid: 784733
        latitude: 41.31694
        longitude: 22.56111
        name: Valandovo
        names_en: 
          - Valandovo
        names_es: ~
        population: 3798
        timezone: Europe/Skopje
    geonamesid: 784732
    name: Valandovo
    names_en: ~
    names_es: ~
  - 
    ascii_name: "Opstina Resen"
    cities: 
      - 
        alternate_names: 
          - Resan
          - Resen
          - Resna
          - Ресен
        ascii_name: Resen
        geonamesid: 786341
        latitude: 41.08889
        longitude: 21.01222
        name: Ресен
        names_en: 
          - Resen
        names_es: ~
        population: 16539
        timezone: Europe/Skopje
      - 
        alternate_names: 
          - Hrani
          - Karahan
          - Krani
        ascii_name: Krani
        geonamesid: 789101
        latitude: 40.93944
        longitude: 21.10861
        name: Krani
        names_en: ~
        names_es: ~
        population: 1087
        timezone: Europe/Skopje
    geonamesid: 786339
    name: Resen
    names_en: ~
    names_es: ~
  - 
    ascii_name: "Opstina Kratovo"
    cities: 
      - 
        alternate_names: 
          - Kratova
          - Kratovo
          - Кратово
        ascii_name: Kratovo
        geonamesid: 789091
        latitude: 42.07917
        longitude: 22.18139
        name: Кратово
        names_en: 
          - Kratovo
        names_es: ~
        population: 10288
        timezone: Europe/Skopje
    geonamesid: 789090
    name: Kratovo
    names_en: ~
    names_es: ~
  - 
    ascii_name: "Opstina Pehcevo"
    cities: 
      - 
        alternate_names: 
          - Pehcevo
          - Pehčevo
          - Pekhchevo
          - Пехчево
        ascii_name: Pehcevo
        geonamesid: 787147
        latitude: 41.75944
        longitude: 22.89056
        name: Pehčevo
        names_en: ~
        names_es: ~
        population: 2440
        timezone: Europe/Skopje
    geonamesid: 862938
    name: Pehčevo
    names_en: ~
    names_es: ~
  - 
    ascii_name: "Opstina Novo Selo"
    cities: 
      - 
        alternate_names: 
          - Jenikej
          - Jenikoj
          - Jeniköj
          - "Novo Selo"
        ascii_name: "Novo Selo"
        geonamesid: 787574
        latitude: 41.41389
        longitude: 22.88111
        name: "Ново Село"
        names_en: 
          - "Novo Selo"
        names_es: ~
        population: 11818
        timezone: Europe/Skopje
    geonamesid: 862945
    name: "Novo Selo"
    names_en: ~
    names_es: ~
  - 
    ascii_name: "Opstina Bosilovo"
    cities: 
      - 
        alternate_names: 
          - Bosilevo
          - Bosiljevo
          - Bosilovo
          - Босилово
        ascii_name: Bosilovo
        geonamesid: 792419
        latitude: 41.44056
        longitude: 22.72778
        name: Bosilovo
        names_en: ~
        names_es: ~
        population: 12447
        timezone: Europe/Skopje
    geonamesid: 862946
    name: Bosilovo
    names_en: ~
    names_es: ~
  - 
    ascii_name: "Opstina Vasilevo"
    cities: 
      - 
        alternate_names: 
          - Vasilevo
          - Vasiljevo
          - Василево
        ascii_name: Vasilevo
        geonamesid: 784700
        latitude: 41.47611
        longitude: 22.64167
        name: Василево
        names_en: 
          - Vasilevo
        names_es: ~
        population: 12382
        timezone: Europe/Skopje
    geonamesid: 862947
    name: Vasilevo
    names_en: ~
    names_es: ~
  - 
    ascii_name: "Opstina Dojran"
    cities: 
      - 
        alternate_names: 
          - Doerane
          - Dojran
          - Doēranē
          - "Star Dojran"
        ascii_name: "Star Dojran"
        geonamesid: 785537
        latitude: 41.1875
        longitude: 22.72083
        name: "Star Dojran"
        names_en: ~
        names_es: ~
        population: 3348
        timezone: Europe/Skopje
    geonamesid: 862949
    name: Dojran
    names_en: ~
    names_es: ~
  - 
    ascii_name: "Opstina Bogdanci"
    cities: 
      - 
        alternate_names: 
          - Bogdanci
          - Богданци
        ascii_name: Bogdanci
        geonamesid: 792523
        latitude: 41.20306
        longitude: 22.57556
        name: Богданци
        names_en: 
          - Bogdanci
        names_es: ~
        population: 8636
        timezone: Europe/Skopje
    geonamesid: 862950
    name: Bogdanci
    names_en: ~
    names_es: ~
  - 
    ascii_name: "Opstina Konce"
    cities: 
      - 
        alternate_names: 
          - Konca
          - Konce
          - Konche
          - Konča
        ascii_name: Konce
        geonamesid: 789342
        latitude: 41.49583
        longitude: 22.385
        name: Konče
        names_en: ~
        names_es: ~
        population: 3475
        timezone: Europe/Skopje
    geonamesid: 862953
    name: Konče
    names_en: ~
    names_es: ~
  - 
    ascii_name: "Opstina Makedonska Kamenica"
    cities: 
      - 
        alternate_names: 
          - Kamenica
          - "Makedonska Kamenica"
          - "Македонска Каменица"
        ascii_name: "Makedonska Kamenica"
        geonamesid: 789629
        latitude: 42.02
        longitude: 22.59194
        name: "Makedonska Kamenica"
        names_en: ~
        names_es: ~
        population: 8114
        timezone: Europe/Skopje
    geonamesid: 862956
    name: "Makedonska Kamenica"
    names_en: ~
    names_es: ~
  - 
    ascii_name: "Opstina Zrnovci"
    cities: 
      - 
        alternate_names: 
          - Zrnovce
          - Zrnovci
          - Зрновци
        ascii_name: Zrnovci
        geonamesid: 783809
        latitude: 41.85417
        longitude: 22.44444
        name: Zrnovci
        names_en: ~
        names_es: ~
        population: 3236
        timezone: Europe/Skopje
    geonamesid: 862958
    name: Zrnovci
    names_en: ~
    names_es: ~
  - 
    ascii_name: "Opstina Karbinci"
    cities: 
      - 
        alternate_names: 
          - Karabinci
          - Karbinci
          - Карбинци
        ascii_name: Karbinci
        geonamesid: 789563
        latitude: 41.81667
        longitude: 22.2375
        name: Karbinci
        names_en: ~
        names_es: ~
        population: 3900
        timezone: Europe/Skopje
    geonamesid: 862960
    name: Karbinci
    names_en: ~
    names_es: ~
  - 
    ascii_name: "Opstina Demir Kapija"
    cities: 
      - 
        alternate_names: 
          - Banja
          - "Demir Kapija"
          - "Демир Капија"
        ascii_name: "Demir Kapija"
        geonamesid: 791542
        latitude: 41.405
        longitude: 22.24889
        name: "Демир Капија"
        names_en: 
          - "Demir Kapija"
        names_es: ~
        population: 4451
        timezone: Europe/Skopje
    geonamesid: 862961
    name: "Demir Kapija"
    names_en: ~
    names_es: ~
  - 
    ascii_name: "Opstina Rosoman"
    cities: 
      - 
        alternate_names: 
          - Rasoman
          - Rosoman
          - Росоман
        ascii_name: Rosoman
        geonamesid: 786239
        latitude: 41.51611
        longitude: 21.94972
        name: Rosoman
        names_en: ~
        names_es: ~
        population: 4106
        timezone: Europe/Skopje
    geonamesid: 862973
    name: Rosoman
    names_en: ~
    names_es: ~
  - 
    ascii_name: "Opstina Gradsko"
    cities: 
      - 
        alternate_names: 
          - Gradsko
          - Градско
        ascii_name: Gradsko
        geonamesid: 790217
        latitude: 41.5775
        longitude: 21.94278
        name: Gradsko
        names_en: 
          - Gradsko
        names_es: ~
        population: 3737
        timezone: Europe/Skopje
    geonamesid: 862974
    name: Gradsko
    names_en: ~
    names_es: ~
  - 
    ascii_name: "Opstina Lozovo"
    cities: 
      - 
        alternate_names: 
          - Dzumajlija
          - Dzumali
          - Džumajlija
          - Džumali
        ascii_name: Lozovo
        geonamesid: 790848
        latitude: 41.78389
        longitude: 21.90556
        name: Лозово
        names_en: 
          - Lozovo
        names_es: ~
        population: 2836
        timezone: Europe/Skopje
    geonamesid: 862975
    name: Lozovo
    names_en: ~
    names_es: ~
  - 
    ascii_name: "Opstina Cesinovo"
    cities: 
      - 
        alternate_names: 
          - Cesinovis
          - Cesinovo
          - Cheshinovo
          - Češinovis
        ascii_name: Cesinovo
        geonamesid: 791954
        latitude: 41.87139
        longitude: 22.28917
        name: Češinovo
        names_en: ~
        names_es: ~
        population: 2377
        timezone: Europe/Skopje
    geonamesid: 862977
    name: Češinovo
    names_en: ~
    names_es: ~
  - 
    ascii_name: "Opstina Novaci"
    cities: 
      - 
        alternate_names: 
          - Novaci
          - Новаци
        ascii_name: Novaci
        geonamesid: 787624
        latitude: 41.04194
        longitude: 21.45611
        name: Novaci
        names_en: ~
        names_es: ~
        population: 2357
        timezone: Europe/Skopje
    geonamesid: 863468
    name: Novaci
    names_en: ~
    names_es: ~
  - 
    ascii_name: "Opstina Berovo"
    cities: 
      - 
        alternate_names: 
          - Berovo
          - Берово
        ascii_name: Berovo
        geonamesid: 792656
        latitude: 41.70306
        longitude: 22.85778
        name: Берово
        names_en: 
          - Berovo
        names_es: ~
        population: 13847
        timezone: Europe/Skopje
    geonamesid: 863485
    name: Berovo
    names_en: ~
    names_es: ~
  - 
    ascii_name: "Opstina Bitola"
    cities: 
      - 
        alternate_names: 
          - Bitol
          - Bitola
          - Bitolj
          - Bitolja
        ascii_name: Bitola
        geonamesid: 792578
        latitude: 41.03111
        longitude: 21.34028
        name: Битола
        names_en: 
          - Bitola
        names_es: ~
        population: 86528
        timezone: Europe/Skopje
    geonamesid: 863486
    name: Bitola
    names_en: ~
    names_es: ~
  - 
    ascii_name: "Opstina Mogila"
    cities: 
      - 
        alternate_names: 
          - Mogila
          - Могила
        ascii_name: Mogila
        geonamesid: 787877
        latitude: 41.10833
        longitude: 21.37861
        name: Могила
        names_en: 
          - Mogila
        names_es: ~
        population: 4392
        timezone: Europe/Skopje
    geonamesid: 863488
    name: Mogila
    names_en: ~
    names_es: ~
  - 
    ascii_name: "Opstina Aracinovo"
    cities: 
      - 
        alternate_names: 
          - Aracine
          - Aracinovo
          - Araçinë
          - Aračinovo
        ascii_name: Arachinovo
        geonamesid: 793113
        latitude: 42.02639
        longitude: 21.56194
        name: Арачиново
        names_en: ~
        names_es: ~
        population: 12800
        timezone: Europe/Skopje
    geonamesid: 863831
    name: Aračinovo
    names_en: ~
    names_es: ~
  - 
    ascii_name: "Opstina Bogovinje"
    cities: 
      - 
        alternate_names: 
          - Bogovina
          - Bogovine
          - Bogovinje
          - Bogovino
        ascii_name: Bogovinje
        geonamesid: 792501
        latitude: 41.92361
        longitude: 20.91361
        name: Bogovinje
        names_en: 
          - Bogovinje
        names_es: ~
        population: 15166
        timezone: Europe/Skopje
    geonamesid: 863834
    name: Bogovinje
    names_en: ~
    names_es: ~
  - 
    ascii_name: "Opstina Brvenica"
    cities: 
      - 
        alternate_names: 
          - Bervenice
          - Brvence
          - Brvenica
          - Bërvenicë
        ascii_name: Brvenica
        geonamesid: 792227
        latitude: 41.96722
        longitude: 20.98083
        name: Brvenica
        names_en: ~
        names_es: ~
        population: 16267
        timezone: Europe/Skopje
    geonamesid: 863835
    name: Brvenica
    names_en: ~
    names_es: ~
  - 
    ascii_name: "Opstina Cair"
    cities: []
    geonamesid: 863836
    name: Čair
    names_en: ~
    names_es: ~
  - 
    ascii_name: "Opstina Caska"
    cities: []
    geonamesid: 863838
    name: Čaška
    names_en: ~
    names_es: ~
  - 
    ascii_name: "Opstina Centar"
    cities: []
    geonamesid: 863840
    name: Centar
    names_en: ~
    names_es: ~
  - 
    ascii_name: "Opstina Centar Zupa"
    cities: []
    geonamesid: 863841
    name: "Centar Župa"
    names_en: ~
    names_es: ~
  - 
    ascii_name: "Opstina Cucer-Sandevo"
    cities: 
      - 
        alternate_names: 
          - Chucher
          - Cucer
          - Cucer-Sandevo
          - Čučer
        ascii_name: "Chucher - Sandevo"
        geonamesid: 791720
        latitude: 42.10361
        longitude: 21.38222
        name: "Чучер - Сандево"
        names_en: ~
        names_es: ~
        population: 8646
        timezone: Europe/Skopje
    geonamesid: 863842
    name: Čučer-Sandevo
    names_en: ~
    names_es: ~
  - 
    ascii_name: "Opstina Debar"
    cities: 
      - 
        alternate_names: 
          - Bebar
          - Debar
          - Debur
          - Dibra
        ascii_name: Debar
        geonamesid: 791606
        latitude: 41.525
        longitude: 20.5275
        name: Дебар
        names_en: 
          - Debar
        names_es: ~
        population: 18074
        timezone: Europe/Skopje
    geonamesid: 863843
    name: Debar
    names_en: ~
    names_es: ~
  - 
    ascii_name: "Opstina Delcevo"
    cities: 
      - 
        alternate_names: 
          - "Carevo Selo"
          - Delcevo
          - Delchevo
          - Делчево
        ascii_name: Delchevo
        geonamesid: 791559
        latitude: 41.96722
        longitude: 22.76944
        name: Делчево
        names_en: 
          - Delcevo
        names_es: ~
        population: 17415
        timezone: Europe/Skopje
    geonamesid: 863844
    name: Delčevo
    names_en: ~
    names_es: ~
  - 
    ascii_name: "Opstina Demir Hisar"
    cities: 
      - 
        alternate_names: 
          - "Demir Khisar"
          - Murgasevo
          - Murgashevo
          - Murgaševo
        ascii_name: "Demir Hisar"
        geonamesid: 787778
        latitude: 41.22167
        longitude: 21.20306
        name: "Demir Hisar"
        names_en: ~
        names_es: ~
        population: 2283
        timezone: Europe/Skopje
    geonamesid: 863846
    name: "Demir Hisar"
    names_en: ~
    names_es: ~
  - 
    ascii_name: "Opstina Dolneni"
    cities: 
      - 
        alternate_names: 
          - Dolneni
          - Dolnjane
          - Dolnjani
          - Долнени
        ascii_name: Dolneni
        geonamesid: 791363
        latitude: 41.42528
        longitude: 21.45472
        name: Долнени
        names_en: 
          - Dolneni
        names_es: ~
        population: 11534
        timezone: Europe/Skopje
    geonamesid: 863849
    name: Dolneni
    names_en: ~
    names_es: ~
  - 
    ascii_name: "Opstina Gjorce Petrov"
    cities: []
    geonamesid: 863850
    name: "Opstina Gjorce Petrov"
    names_en: 
      - "Opstina Gjorce Petrov"
    names_es: ~
  - 
    ascii_name: "Opstina Drugovo"
    cities: 
      - 
        alternate_names: 
          - Drugovo
          - Другово
        ascii_name: Drugovo
        geonamesid: 791009
        latitude: 41.48417
        longitude: 20.92333
        name: Другово
        names_en: 
          - Drugovo
        names_es: ~
        population: 3149
        timezone: Europe/Skopje
    geonamesid: 863851
    name: Drugovo
    names_en: ~
    names_es: ~
  - 
    ascii_name: "Opstina Gazi Baba"
    cities: []
    geonamesid: 863853
    name: "Gazi Baba"
    names_en: ~
    names_es: ~
  - 
    ascii_name: "Opstina Gevgelija"
    cities: 
      - 
        alternate_names: 
          - Devdelijad
          - Gevegeli
          - Gevgeli
          - Gevgelia
        ascii_name: Gevgelija
        geonamesid: 790744
        latitude: 41.13917
        longitude: 22.5025
        name: Гевгелија
        names_en: 
          - Gevgelija
        names_es: ~
        population: 20664
        timezone: Europe/Skopje
    geonamesid: 863854
    name: Gevgelija
    names_en: ~
    names_es: ~
  - 
    ascii_name: "Opstina Gostivar"
    cities: 
      - 
        alternate_names: 
          - Gostivar
          - Gostivari
          - Kostovon
          - Гостивар
        ascii_name: Gostivar
        geonamesid: 790295
        latitude: 41.79722
        longitude: 20.90833
        name: Гостивар
        names_en: 
          - Gostivar
        names_es: ~
        population: 50974
        timezone: Europe/Skopje
    geonamesid: 863855
    name: Gostivar
    names_en: ~
    names_es: ~
  - 
    ascii_name: "Opstina Ilinden"
    cities: 
      - 
        alternate_names: 
          - Belimbegovo
          - Ilinden
        ascii_name: Ilinden
        geonamesid: 833357
        latitude: 41.99611
        longitude: 21.58222
        name: Илинден
        names_en: ~
        names_es: ~
        population: 16406
        timezone: Europe/Skopje
    geonamesid: 863856
    name: Ilinden
    names_en: ~
    names_es: ~
  - 
    ascii_name: "Opstina Jegunovce"
    cities: 
      - 
        alternate_names: 
          - Jegunovce
          - Јегуновце
        ascii_name: Jegunovce
        geonamesid: 789822
        latitude: 42.07361
        longitude: 21.12361
        name: Јегуновце
        names_en: 
          - Jegunovce
        names_es: ~
        population: 7313
        timezone: Europe/Skopje
    geonamesid: 863858
    name: Jegunovce
    names_en: ~
    names_es: ~
  - 
    ascii_name: "Opstina Karpos"
    cities: 
      - 
        alternate_names: 
          - Scupi
          - Shkup
          - Shkupi
          - Skop'e
        ascii_name: Skopje
        geonamesid: 785842
        latitude: 42.0
        longitude: 21.43333
        name: Skopje
        names_en: 
          - Skopje
        names_es: 
          - Skopje
        population: 474889
        timezone: Europe/Skopje
    geonamesid: 863860
    name: Karpoš
    names_en: ~
    names_es: ~
  - 
    ascii_name: "Opstina Kavadarci"
    cities: []
    geonamesid: 863861
    name: Kavadarci
    names_en: ~
    names_es: ~
  - 
    ascii_name: "Opstina Kicevo"
    cities: 
      - 
        alternate_names: 
          - Kicevo
          - Kichevo
          - Kičevo
          - Кичево
        ascii_name: Kicevo
        geonamesid: 789527
        latitude: 41.51444
        longitude: 20.96333
        name: Kičevo
        names_en: ~
        names_es: ~
        population: 31123
        timezone: Europe/Skopje
    geonamesid: 863862
    name: Kičevo
    names_en: ~
    names_es: ~
  - 
    ascii_name: "Opstina Kisela Voda"
    cities: []
    geonamesid: 863863
    name: "Kisela Voda"
    names_en: ~
    names_es: ~
  - 
    ascii_name: "Opstina Kocani"
    cities: 
      - 
        alternate_names: 
          - Kocane
          - Kocani
          - Kochani
          - Kočane
        ascii_name: Kochani
        geonamesid: 789403
        latitude: 41.91639
        longitude: 22.41278
        name: Кочани
        names_en: 
          - Kočani
        names_es: ~
        population: 34258
        timezone: Europe/Skopje
    geonamesid: 863865
    name: Kočani
    names_en: ~
    names_es: ~
  - 
    ascii_name: "Opstina Kriva Palanka"
    cities: 
      - 
        alternate_names: 
          - "Kriva Palanka"
          - Palangha
          - "Крива Паланка"
        ascii_name: "Kriva Palanka"
        geonamesid: 789045
        latitude: 42.20194
        longitude: 22.33194
        name: "Крива Паланка"
        names_en: 
          - "Kriva Palanka"
        names_es: ~
        population: 20820
        timezone: Europe/Skopje
    geonamesid: 863869
    name: "Kriva Palanka"
    names_en: ~
    names_es: ~
  - 
    ascii_name: "Opstina Krivogastani"
    cities: 
      - 
        alternate_names: 
          - Krivogashtani
          - Krivogastane
          - Krivogastani
          - Krivogaštane
        ascii_name: Krivogashtani
        geonamesid: 789028
        latitude: 41.33611
        longitude: 21.33306
        name: Кривогаштани
        names_en: 
          - Krivogastani
        names_es: ~
        population: 5899
        timezone: Europe/Skopje
    geonamesid: 863870
    name: Krivogaštani
    names_en: ~
    names_es: ~
  - 
    ascii_name: "Opstina Krusevo"
    cities: 
      - 
        alternate_names: 
          - Krusevo
          - Krushevo
          - Krusovo
          - Krušovo
        ascii_name: Krushevo
        geonamesid: 788961
        latitude: 41.36889
        longitude: 21.24889
        name: Крушево
        names_en: 
          - Krusevo
        names_es: ~
        population: 5211
        timezone: Europe/Skopje
    geonamesid: 863871
    name: Kruševo
    names_en: ~
    names_es: ~
  - 
    ascii_name: "Opstina Kumanovo"
    cities: 
      - 
        alternate_names: 
          - Kumanova
          - Kumanovas
          - Kumanove
          - Kumanovo
        ascii_name: Kumanovo
        geonamesid: 788886
        latitude: 42.13222
        longitude: 21.71444
        name: Kumanovo
        names_en: 
          - Kumanovo
        names_es: 
          - Kumanovo
        population: 108471
        timezone: Europe/Skopje
    geonamesid: 863873
    name: Kumanovo
    names_en: ~
    names_es: ~
  - 
    ascii_name: "Opstina Lipkovo"
    cities: 
      - 
        alternate_names: 
          - Lipkove
          - Lipkovo
          - Lipkovë
          - Липково
        ascii_name: Lipkovo
        geonamesid: 788654
        latitude: 42.15639
        longitude: 21.58528
        name: Липково
        names_en: 
          - Lipkovo
        names_es: ~
        population: 28102
        timezone: Europe/Skopje
    geonamesid: 863875
    name: "Opstina Lipkovo"
    names_en: 
      - "Opstina Lipkovo"
    names_es: ~
  - 
    ascii_name: "Opstina Makedonski Brod"
    cities: 
      - 
        alternate_names: 
          - Brod
          - "Brod Makedonski"
          - "Juzni Brod"
          - "Južni Brod"
        ascii_name: "Makedonski Brod"
        geonamesid: 792257
        latitude: 41.51361
        longitude: 21.21528
        name: "Македонски Брод"
        names_en: 
          - "Makedonski Brod"
        names_es: ~
        population: 5607
        timezone: Europe/Skopje
    geonamesid: 863877
    name: "Makedonski Brod"
    names_en: ~
    names_es: ~
  - 
    ascii_name: "Opstina Negotino"
    cities: 
      - 
        alternate_names: 
          - Negotin
          - "Negotin Vardarski"
          - Negotino
          - Неготино
        ascii_name: Negotino
        geonamesid: 787716
        latitude: 41.48389
        longitude: 22.08917
        name: Неготино
        names_en: 
          - Negotino
        names_es: ~
        population: 19515
        timezone: Europe/Skopje
    geonamesid: 863881
    name: Negotino
    names_en: ~
    names_es: ~
  - 
    ascii_name: "Opstina Ohrid"
    cities: 
      - 
        alternate_names: 
          - Akhris
          - Ochrida
          - Ochryda
          - Ohri
        ascii_name: Ohrid
        geonamesid: 787487
        latitude: 41.11722
        longitude: 20.80194
        name: Ohrid
        names_en: 
          - Ohrid
        names_es: 
          - Ohrid
        population: 54908
        timezone: Europe/Skopje
    geonamesid: 863883
    name: Ohrid
    names_en: ~
    names_es: ~
  - 
    ascii_name: "Opstina Oslomej"
    cities: 
      - 
        alternate_names: 
          - Oslomej
          - Осломеј
        ascii_name: Oslomej
        geonamesid: 796037
        latitude: 41.57722
        longitude: 21.0
        name: Oslomej
        names_en: ~
        names_es: ~
        population: 102
        timezone: Europe/Skopje
    geonamesid: 863885
    name: Oslomej
    names_en: ~
    names_es: ~
  - 
    ascii_name: "Opstina Petrovec"
    cities: 
      - 
        alternate_names: 
          - Ibraimovo
          - Petrovac
          - Petrovec
        ascii_name: Petrovec
        geonamesid: 787072
        latitude: 41.93889
        longitude: 21.615
        name: Петровец
        names_en: ~
        names_es: ~
        population: 8298
        timezone: Europe/Skopje
    geonamesid: 863886
    name: Petrovec
    names_en: ~
    names_es: ~
  - 
    ascii_name: "Opstina Plasnica"
    cities: 
      - 
        alternate_names: 
          - Plasnica
          - Пласница
        ascii_name: Plasnica
        geonamesid: 787016
        latitude: 41.46722
        longitude: 21.12306
        name: Пласница
        names_en: 
          - Plasnica
        names_es: ~
        population: 4574
        timezone: Europe/Skopje
    geonamesid: 863887
    name: Plasnica
    names_en: ~
    names_es: ~
  - 
    ascii_name: Prilep
    cities: 
      - 
        alternate_names: 
          - Perlepe
          - Perlepes
          - Perlepé
          - Pirlepe
        ascii_name: Prilep
        geonamesid: 786735
        latitude: 41.34639
        longitude: 21.55444
        name: Прилеп
        names_en: 
          - Prilep
        names_es: ~
        population: 73814
        timezone: Europe/Skopje
    geonamesid: 863888
    name: Prilep
    names_en: ~
    names_es: ~
  - 
    ascii_name: "Opstina Probistip"
    cities: 
      - 
        alternate_names: 
          - Probishtip
          - Probistip
          - Пробиштип
        ascii_name: Probishtip
        geonamesid: 786700
        latitude: 42.00306
        longitude: 22.17861
        name: Пробиштип
        names_en: 
          - Probistip
        names_es: ~
        population: 12702
        timezone: Europe/Skopje
    geonamesid: 863889
    name: Probištip
    names_en: ~
    names_es: ~
  - 
    ascii_name: "Opstina Radovis"
    cities: 
      - 
        alternate_names: 
          - Radovis
          - Radovish
          - Radoviste
          - Radovište
        ascii_name: Radovish
        geonamesid: 786565
        latitude: 41.63833
        longitude: 22.46472
        name: Радовиш
        names_en: 
          - Radovis
        names_es: ~
        population: 24984
        timezone: Europe/Skopje
    geonamesid: 863890
    name: Radoviš
    names_en: ~
    names_es: ~
  - 
    ascii_name: "Opstina Rankovce"
    cities: 
      - 
        alternate_names: 
          - Rankovci
          - Ранковци
        ascii_name: Rankovce
        geonamesid: 786477
        latitude: 42.18194
        longitude: 22.12278
        name: Ранковце
        names_en: ~
        names_es: ~
        population: 4071
        timezone: Europe/Skopje
    geonamesid: 863891
    name: "Opstina Rankovce"
    names_en: 
      - "Opstina Rankovce"
    names_es: ~
  - 
    ascii_name: "Opstina Mavrovo i Rostusa"
    cities: 
      - 
        alternate_names: 
          - Rostusa
          - Rostusha
          - Ростуша
        ascii_name: Rostusha
        geonamesid: 786238
        latitude: 41.61
        longitude: 20.6
        name: Ростуша
        names_en: 
          - Rostusa
        names_es: ~
        population: 9147
        timezone: Europe/Skopje
    geonamesid: 863892
    name: "Opština Rostuša"
    names_en: ~
    names_es: ~
  - 
    ascii_name: "Opstina Saraj"
    cities: 
      - 
        alternate_names: 
          - Saraj
          - Сарай
          - Сарај
        ascii_name: Saraj
        geonamesid: 786093
        latitude: 42.0
        longitude: 21.32778
        name: Сарај
        names_en: 
          - Saraj
        names_es: ~
        population: 25379
        timezone: Europe/Skopje
    geonamesid: 863894
    name: Saraj
    names_en: ~
    names_es: ~
  - 
    ascii_name: "Opstina Sopiste"
    cities: 
      - 
        alternate_names: 
          - Sopishte
          - Sopiste
          - Sopište
        ascii_name: Sopishte
        geonamesid: 785679
        latitude: 41.95472
        longitude: 21.4275
        name: Сопиште
        names_en: ~
        names_es: ~
        population: 9460
        timezone: Europe/Skopje
    geonamesid: 863896
    name: Sopište
    names_en: ~
    names_es: ~
  - 
    ascii_name: "Opstina Staro Nagoricane"
    cities: 
      - 
        alternate_names: 
          - "Nagorican i Vjeter"
          - "Nagoriçan i Vjetër"
          - "Staro Nagoricane"
          - "Staro Nagoricino"
        ascii_name: "Staro Nagorichane"
        geonamesid: 785515
        latitude: 42.19806
        longitude: 21.82861
        name: "Старо Нагоричане"
        names_en: ~
        names_es: ~
        population: 4112
        timezone: Europe/Skopje
    geonamesid: 863899
    name: "Staro Nagoričane"
    names_en: ~
    names_es: ~
  - 
    ascii_name: "Opstina Stip"
    cities: 
      - 
        alternate_names: 
          - Ishtib
          - Istip
          - Shhip
          - Shtip
        ascii_name: Shtip
        geonamesid: 785482
        latitude: 41.74583
        longitude: 22.19583
        name: Штип
        names_en: 
          - Štip
        names_es: ~
        population: 48279
        timezone: Europe/Skopje
    geonamesid: 863900
    name: Štip
    names_en: ~
    names_es: ~
  - 
    ascii_name: "Opstina Struga"
    cities: 
      - 
        alternate_names: 
          - Struga
          - Ustrugha
          - astrwga
          - Струга
        ascii_name: Struga
        geonamesid: 785387
        latitude: 41.17806
        longitude: 20.67611
        name: Struga
        names_en: 
          - Struga
        names_es: ~
        population: 37387
        timezone: Europe/Skopje
    geonamesid: 863901
    name: Struga
    names_en: ~
    names_es: ~
  - 
    ascii_name: "Opstina Strumica"
    cities: 
      - 
        alternate_names: 
          - Stromitza
          - Stromnitsa
          - Stromnitza
          - Stroumitsa
        ascii_name: Strumica
        geonamesid: 785380
        latitude: 41.4375
        longitude: 22.64333
        name: Strumica
        names_en: 
          - Strumica
        names_es: ~
        population: 45508
        timezone: Europe/Skopje
    geonamesid: 863902
    name: Strumica
    names_en: ~
    names_es: ~
  - 
    ascii_name: "Opstina Studenicani"
    cities: 
      - 
        alternate_names: 
          - Studenicane
          - Studenichani
          - Studeničane
          - Студеничани
        ascii_name: Studenichani
        geonamesid: 785345
        latitude: 41.91583
        longitude: 21.53056
        name: Студеничани
        names_en: ~
        names_es: ~
        population: 18219
        timezone: Europe/Skopje
    geonamesid: 863903
    name: Studeničani
    names_en: ~
    names_es: ~
  - 
    ascii_name: "Opstina Suto Orizari"
    cities: 
      - 
        alternate_names: 
          - "Suto Orizare"
          - "Šuto Orizare"
        ascii_name: "Shuto Orizari"
        geonamesid: 833258
        latitude: 42.04
        longitude: 21.425
        name: "Шуто Оризари"
        names_en: ~
        names_es: ~
        population: 0
        timezone: Europe/Skopje
    geonamesid: 863904
    name: "Šuto Orizari"
    names_en: ~
    names_es: ~
  - 
    ascii_name: "Opstina Sveti Nikole"
    cities: 
      - 
        alternate_names: 
          - Kilisseli
          - "Sveti Nikola"
          - "Sveti Nikole"
        ascii_name: "Sveti Nikole"
        geonamesid: 785201
        latitude: 41.86956
        longitude: 21.95274
        name: "Свети Николе"
        names_en: 
          - "Sveti Nikole"
        names_es: ~
        population: 13292
        timezone: Europe/Skopje
    geonamesid: 863905
    name: "Sveti Nikole"
    names_en: ~
    names_es: ~
  - 
    ascii_name: "Opstina Tearce"
    cities: 
      - 
        alternate_names: 
          - Tearce
          - Теарце
        ascii_name: Tearce
        geonamesid: 785113
        latitude: 42.07444
        longitude: 21.0525
        name: Теарце
        names_en: 
          - Tearce
        names_es: ~
        population: 23096
        timezone: Europe/Skopje
    geonamesid: 863906
    name: Tearce
    names_en: ~
    names_es: ~
  - 
    ascii_name: "Opstina Tetovo"
    cities: 
      - 
        alternate_names: 
          - Kalkandelen
          - "Qalqan Delen"
          - Tetobo
          - Tetova
        ascii_name: Tetovo
        geonamesid: 785082
        latitude: 42.01056
        longitude: 20.97139
        name: Тетово
        names_en: 
          - Tetovo
        names_es: 
          - Tetovo
        population: 72944
        timezone: Europe/Skopje
    geonamesid: 863907
    name: Tetovo
    names_en: ~
    names_es: ~
  - 
    ascii_name: "Opstina Veles"
    cities: []
    geonamesid: 863909
    name: Veles
    names_en: ~
    names_es: ~
  - 
    ascii_name: "Opstina Vevcani"
    cities: 
      - 
        alternate_names: 
          - Vehcane
          - Vehcani
          - Vehčane
          - Vehčani
        ascii_name: Vevcani
        geonamesid: 784462
        latitude: 41.24056
        longitude: 20.59333
        name: Vevčani
        names_en: ~
        names_es: ~
        population: 2429
        timezone: Europe/Skopje
    geonamesid: 863911
    name: Vevčani
    names_en: ~
    names_es: ~
  - 
    ascii_name: "Opstina Vinica"
    cities: 
      - 
        alternate_names: 
          - Venica
        ascii_name: Vinica
        geonamesid: 863606
        latitude: 41.52861
        longitude: 21.01389
        name: Vinica
        names_en: ~
        names_es: ~
        population: 17914
        timezone: Europe/Skopje
    geonamesid: 863912
    name: Vinica
    names_en: ~
    names_es: ~
  - 
    ascii_name: "Opstina Vranestica"
    cities: 
      - 
        alternate_names: 
          - Vraneshtica
          - Vranesnica
          - Vranešnica
          - Вранештица
        ascii_name: Vranestica
        geonamesid: 784239
        latitude: 41.44528
        longitude: 21.02667
        name: Vraneštica
        names_en: ~
        names_es: ~
        population: 1265
        timezone: Europe/Skopje
    geonamesid: 863913
    name: Vraneštica
    names_en: ~
    names_es: ~
  - 
    ascii_name: "Opstina Vrapciste"
    cities: 
      - 
        alternate_names: 
          - Vrapchishte
          - Vrapcicshte
          - Vrapcista
          - Vrapçicshtë
        ascii_name: Vrapciste
        geonamesid: 784212
        latitude: 41.83389
        longitude: 20.88528
        name: Vrapčište
        names_en: ~
        names_es: ~
        population: 8652
        timezone: Europe/Skopje
    geonamesid: 863914
    name: Vrapčište
    names_en: ~
    names_es: ~
  - 
    ascii_name: "Opstina Zajas"
    cities: 
      - 
        alternate_names: 
          - Zajac
          - Zajas
          - Зајас
        ascii_name: Zajas
        geonamesid: 784027
        latitude: 41.60722
        longitude: 20.93833
        name: Зајас
        names_en: 
          - Zajas
        names_es: ~
        population: 12218
        timezone: Europe/Skopje
    geonamesid: 863917
    name: Zajas
    names_en: ~
    names_es: ~
  - 
    ascii_name: "Opstina Zelenikovo"
    cities: 
      - 
        alternate_names: 
          - Zelenikove
          - Zelenikovo
          - Zelenikovë
          - Зелениково
        ascii_name: Zelenikovo
        geonamesid: 783938
        latitude: 41.88667
        longitude: 21.58694
        name: Зелениково
        names_en: 
          - Zelenikovo
        names_es: ~
        population: 4020
        timezone: Europe/Skopje
    geonamesid: 863918
    name: Zelenikovo
    names_en: ~
    names_es: ~
  - 
    ascii_name: "Opstina Zelino"
    cities: 
      - 
        alternate_names: 
          - Zelino
          - Zeljino
          - Zheline
          - Zhelino
        ascii_name: Zhelino
        geonamesid: 783926
        latitude: 41.98028
        longitude: 21.06417
        name: Желино
        names_en: 
          - Zelino
        names_es: ~
        population: 25422
        timezone: Europe/Skopje
    geonamesid: 863919
    name: Želino
    names_en: ~
    names_es: ~
  - 
    ascii_name: "Opstina Aerodrom"
    cities: []
    geonamesid: 7056266
    name: "Opština Aerodrom"
    names_en: ~
    names_es: ~
  - 
    ascii_name: "Opstina Butel"
    cities: []
    geonamesid: 7056269
    name: "Opština Butel"
    names_en: ~
    names_es: ~
  - 
    ascii_name: "Opstina Debarca"
    cities: []
    geonamesid: 7056271
    name: "Opština Debarca"
    names_en: ~
    names_es: ~
