--- 
geonamesid: 1062947
iso: MG
name: Madagascar
names_en: 
  - Madagascar
  - "Republic of Madagascar"
names_es: 
  - Madagascar
regions: 
  - 
    ascii_name: Diana
    cities: 
      - 
        alternate_names: 
          - Anceranana
          - Antseranana
          - Antsirana
          - Antsiranana
        ascii_name: Antsiranana
        geonamesid: 1069129
        latitude: -12.2787
        longitude: 49.29171
        name: Antsiran̈ana
        names_en: 
          - Antsiranana
        names_es: 
          - Antsiranana
        population: 82937
        timezone: Indian/Antananarivo
    geonamesid: 7670842
    name: Diana
    names_en: ~
    names_es: ~
  - 
    ascii_name: Sava
    cities: []
    geonamesid: 7670846
    name: Sava
    names_en: ~
    names_es: ~
  - 
    ascii_name: Sofia
    cities: []
    geonamesid: 7670847
    name: Sofia
    names_en: ~
    names_es: ~
  - 
    ascii_name: Analanjirofo
    cities: []
    geonamesid: 7670848
    name: Analanjirofo
    names_en: ~
    names_es: ~
  - 
    ascii_name: Boeny
    cities: 
      - 
        alternate_names: 
          - Mahajanga
          - Majunga
          - Makhadzanga
          - mahajanga
        ascii_name: Mahajanga
        geonamesid: 1062663
        latitude: -15.71667
        longitude: 46.31667
        name: Mahajanga
        names_en: 
          - Mahajanga
        names_es: ~
        population: 154657
        timezone: Indian/Antananarivo
    geonamesid: 7670849
    name: Boeny
    names_en: ~
    names_es: ~
  - 
    ascii_name: Betsiboka
    cities: []
    geonamesid: 7670850
    name: Betsiboka
    names_en: ~
    names_es: ~
  - 
    ascii_name: Alaotra-Mangoro
    cities: []
    geonamesid: 7670851
    name: Alaotra-Mangoro
    names_en: ~
    names_es: ~
  - 
    ascii_name: Melaky
    cities: []
    geonamesid: 7670852
    name: Melaky
    names_en: ~
    names_es: ~
  - 
    ascii_name: Bongolava
    cities: []
    geonamesid: 7670853
    name: Bongolava
    names_en: ~
    names_es: ~
  - 
    ascii_name: Vakinankaratra
    cities: []
    geonamesid: 7670854
    name: Vakinankaratra
    names_en: ~
    names_es: ~
  - 
    ascii_name: Itasy
    cities: []
    geonamesid: 7670855
    name: Itasy
    names_en: ~
    names_es: ~
  - 
    ascii_name: Analamanga
    cities: 
      - 
        alternate_names: 
          - Antananarivo
          - Antananarivu
          - Antananaryvas
          - Antananarywa
        ascii_name: Antananarivo
        geonamesid: 1070940
        latitude: -18.91433
        longitude: 47.53098
        name: Antananarivo
        names_en: 
          - Antananarivo
        names_es: 
          - Antananarivo
        population: 1391433
        timezone: Indian/Antananarivo
    geonamesid: 7670856
    name: Analamanga
    names_en: ~
    names_es: ~
  - 
    ascii_name: East
    cities: 
      - 
        alternate_names: 
          - Tamatave
          - Toamasina
          - Tuamasina
          - "tu a ma xi na"
        ascii_name: Toamasina
        geonamesid: 1053384
        latitude: -18.16667
        longitude: 49.38333
        name: Toamasina
        names_en: 
          - Toamasina
        names_es: ~
        population: 206373
        timezone: Indian/Antananarivo
    geonamesid: 7670857
    name: East
    names_en: 
      - East
    names_es: ~
  - 
    ascii_name: Menabe
    cities: []
    geonamesid: 7670902
    name: Menabe
    names_en: ~
    names_es: ~
  - 
    ascii_name: "Amoron'i Mania"
    cities: []
    geonamesid: 7670904
    name: "Amoron'i Mania"
    names_en: ~
    names_es: ~
  - 
    ascii_name: "Upper Matsiatra"
    cities: 
      - 
        alternate_names: 
          - Fianarancua
          - Fianarantsoa
          - Фианаранцуа
        ascii_name: Fianarantsoa
        geonamesid: 1064890
        latitude: -21.43333
        longitude: 47.08333
        name: Fianarantsoa
        names_en: 
          - Fianarantsoa
        names_es: ~
        population: 167227
        timezone: Indian/Antananarivo
    geonamesid: 7670905
    name: "Upper Matsiatra"
    names_en: 
      - "Upper Matsiatra"
    names_es: ~
  - 
    ascii_name: Vatovavy-Fitovinany
    cities: []
    geonamesid: 7670906
    name: Vatovavy-Fitovinany
    names_en: ~
    names_es: ~
  - 
    ascii_name: Ihorombe
    cities: []
    geonamesid: 7670907
    name: Ihorombe
    names_en: ~
    names_es: ~
  - 
    ascii_name: South-East
    cities: []
    geonamesid: 7670908
    name: South-East
    names_en: 
      - South-East
    names_es: ~
  - 
    ascii_name: Anosy
    cities: []
    geonamesid: 7670910
    name: Anosy
    names_en: ~
    names_es: ~
  - 
    ascii_name: Androy
    cities: []
    geonamesid: 7670911
    name: Androy
    names_en: ~
    names_es: ~
  - 
    ascii_name: South-West
    cities: 
      - 
        alternate_names: 
          - Toliara
          - Toliary
          - Tulear
          - Tuliara
        ascii_name: Toliara
        geonamesid: 1055429
        latitude: -23.35
        longitude: 43.66667
        name: Toliara
        names_en: ~
        names_es: ~
        population: 115319
        timezone: Indian/Antananarivo
    geonamesid: 7670913
    name: South-West
    names_en: 
      - South-West
    names_es: ~
