--- 
geonamesid: 1733045
iso: MY
name: Malaysia
names_en: 
  - Malaysia
names_es: 
  - Malasia
regions: 
  - 
    ascii_name: Melaka
    cities: 
      - 
        alternate_names: 
          - "Alor Gajah"
          - "Alor Gajeh"
          - "Alur Gajah"
        ascii_name: "Alur Gajah"
        geonamesid: 1734745
        latitude: 2.38333
        longitude: 102.21667
        name: "Alur Gajah"
        names_en: ~
        names_es: ~
        population: 20163
        timezone: Asia/Kuala_Lumpur
      - 
        alternate_names: 
          - "Air Keruh"
          - "Ayer Keroh"
        ascii_name: "Air Keruh"
        geonamesid: 1734753
        latitude: 2.26667
        longitude: 102.28333
        name: "Air Keruh"
        names_en: ~
        names_es: ~
        population: 37716
        timezone: Asia/Kuala_Lumpur
      - 
        alternate_names: 
          - "Sungai Udang"
        ascii_name: "Sungai Udang"
        geonamesid: 1734757
        latitude: 2.26667
        longitude: 102.15
        name: "Sungai Udang"
        names_en: ~
        names_es: ~
        population: 26044
        timezone: Asia/Kuala_Lumpur
      - 
        alternate_names: 
          - Malaca
          - Malacca
          - "Malacca Town"
          - Malaka
        ascii_name: Melaka
        geonamesid: 1734759
        latitude: 2.19694
        longitude: 102.24806
        name: Melaka
        names_en: 
          - Melaka
          - Malacca
        names_es: 
          - Malaca
        population: 180671
        timezone: Asia/Kuala_Lumpur
      - 
        alternate_names: ~
        ascii_name: "Pulau Sebang"
        geonamesid: 1749659
        latitude: 2.46667
        longitude: 102.23333
        name: "Pulau Sebang"
        names_en: ~
        names_es: ~
        population: 11879
        timezone: Asia/Kuala_Lumpur
      - 
        alternate_names: 
          - "Kuala Sungai Baharu"
          - "Kuala Sungai Baru"
        ascii_name: "Kuala Sungai Baru"
        geonamesid: 1759513
        latitude: 2.3594
        longitude: 102.0353
        name: "Kuala Sungai Baru"
        names_en: ~
        names_es: ~
        population: 12269
        timezone: Asia/Kuala_Lumpur
      - 
        alternate_names: 
          - "Kelebang Besar"
          - "Klebang Besar"
        ascii_name: "Kelebang Besar"
        geonamesid: 1761242
        latitude: 2.21667
        longitude: 102.2
        name: "Kelebang Besar"
        names_en: ~
        names_es: ~
        population: 38643
        timezone: Asia/Kuala_Lumpur
      - 
        alternate_names: ~
        ascii_name: "Kampong Masjid Tanah"
        geonamesid: 1767021
        latitude: 2.35
        longitude: 102.11667
        name: "Kampong Masjid Tanah"
        names_en: ~
        names_es: ~
        population: 29185
        timezone: Asia/Kuala_Lumpur
      - 
        alternate_names: ~
        ascii_name: "Kampong Bukit Baru"
        geonamesid: 1770351
        latitude: 2.21667
        longitude: 102.28333
        name: "Kampong Bukit Baru"
        names_en: ~
        names_es: ~
        population: 55656
        timezone: Asia/Kuala_Lumpur
      - 
        alternate_names: ~
        ascii_name: "Kampong Ayer Molek"
        geonamesid: 1771485
        latitude: 2.21667
        longitude: 102.33333
        name: "Kampong Ayer Molek"
        names_en: ~
        names_es: ~
        population: 15497
        timezone: Asia/Kuala_Lumpur
      - 
        alternate_names: ~
        ascii_name: "Bukit Rambai"
        geonamesid: 1778290
        latitude: 2.25
        longitude: 102.18333
        name: "Bukit Rambai"
        names_en: ~
        names_es: ~
        population: 17391
        timezone: Asia/Kuala_Lumpur
      - 
        alternate_names: ~
        ascii_name: Bemban
        geonamesid: 1779926
        latitude: 2.26667
        longitude: 102.38333
        name: Bemban
        names_en: ~
        names_es: ~
        population: 14329
        timezone: Asia/Kuala_Lumpur
      - 
        alternate_names: 
          - "Batu Berendam"
        ascii_name: "Batu Berendam"
        geonamesid: 1780890
        latitude: 2.25
        longitude: 102.25
        name: "Batu Berendam"
        names_en: ~
        names_es: ~
        population: 25028
        timezone: Asia/Kuala_Lumpur
    geonamesid: 1733035
    name: Melaka
    names_en: ~
    names_es: ~
  - 
    ascii_name: Terengganu
    cities: 
      - 
        alternate_names: 
          - Chukai
          - Chukei
          - Cukai
          - Mokuan
        ascii_name: Cukai
        geonamesid: 1732945
        latitude: 4.25
        longitude: 103.41667
        name: Cukai
        names_en: ~
        names_es: ~
        population: 82425
        timezone: Asia/Kuala_Lumpur
      - 
        alternate_names: 
          - "Kampong Paka"
          - Packa
          - Pak
          - Paka
        ascii_name: Paka
        geonamesid: 1734313
        latitude: 4.6374
        longitude: 103.4368
        name: Paka
        names_en: ~
        names_es: ~
        population: 21044
        timezone: Asia/Kuala_Lumpur
      - 
        alternate_names: 
          - Kerteh
          - Kertih
          - "Kuala Kerteh"
        ascii_name: Kertih
        geonamesid: 1734316
        latitude: 4.5141
        longitude: 103.4483
        name: Kertih
        names_en: ~
        names_es: ~
        population: 24401
        timezone: Asia/Kuala_Lumpur
      - 
        alternate_names: 
          - "Bandar Kuala Terengganu"
          - "Kuala Terengganu"
          - "Kuala Trengganu"
          - Trengganu
        ascii_name: "Kuala Terengganu"
        geonamesid: 1734705
        latitude: 5.3302
        longitude: 103.1408
        name: "Kuala Terengganu"
        names_en: 
          - "Kuala Terengganu"
        names_es: ~
        population: 285065
        timezone: Asia/Kuala_Lumpur
      - 
        alternate_names: 
          - "Kuala Marang"
          - "Kualla Merang"
          - Marang
          - Маранг
        ascii_name: Marang
        geonamesid: 1734715
        latitude: 5.2056
        longitude: 103.2059
        name: Marang
        names_en: ~
        names_es: ~
        population: 21410
        timezone: Asia/Kuala_Lumpur
      - 
        alternate_names: 
          - Jerteh
          - Jertih
        ascii_name: Jertih
        geonamesid: 1736405
        latitude: 5.7336
        longitude: 102.4897
        name: Jertih
        names_en: ~
        names_es: ~
        population: 13526
        timezone: Asia/Kuala_Lumpur
    geonamesid: 1733036
    name: Terengganu
    names_en: ~
    names_es: ~
  - 
    ascii_name: Selangor
    cities: 
      - 
        alternate_names: 
          - "Kuala Selangor"
          - Kuala-Selangor
          - Selangor
          - Куала-Селангор
        ascii_name: "Kuala Selangor"
        geonamesid: 1732891
        latitude: 3.35
        longitude: 101.25
        name: "Kuala Selangor"
        names_en: ~
        names_es: ~
        population: 55887
        timezone: Asia/Kuala_Lumpur
      - 
        alternate_names: 
          - "Shah Alam"
          - Shakh-Alam
          - Шах-Алам
        ascii_name: "Shah Alam"
        geonamesid: 1732903
        latitude: 3.08507
        longitude: 101.53281
        name: "Shah Alam"
        names_en: 
          - "Shah Alam"
        names_es: ~
        population: 481654
        timezone: Asia/Kuala_Lumpur
      - 
        alternate_names: 
          - Kelang
          - Klang
        ascii_name: Klang
        geonamesid: 1732905
        latitude: 3.03333
        longitude: 101.45
        name: Klang
        names_en: ~
        names_es: ~
        population: 879867
        timezone: Asia/Kuala_Lumpur
      - 
        alternate_names: 
          - Jenjarom
          - Jenjarum
        ascii_name: Jenjarum
        geonamesid: 1734793
        latitude: 2.88333
        longitude: 101.5
        name: Jenjarum
        names_en: ~
        names_es: ~
        population: 24857
        timezone: Asia/Kuala_Lumpur
      - 
        alternate_names: 
          - Sabah
          - Sabak
          - "Sabak Bernam"
          - "Sobak Bernam"
        ascii_name: "Sabak Bernam"
        geonamesid: 1735195
        latitude: 3.7698
        longitude: 100.9879
        name: "Sabak Bernam"
        names_en: ~
        names_es: ~
        population: 17251
        timezone: Asia/Kuala_Lumpur
      - 
        alternate_names: 
          - "Kampong Sungei Besar"
          - "Sungai Besar"
        ascii_name: "Sungai Besar"
        geonamesid: 1735199
        latitude: 3.6746
        longitude: 100.9867
        name: "Sungai Besar"
        names_en: ~
        names_es: ~
        population: 26939
        timezone: Asia/Kuala_Lumpur
      - 
        alternate_names: 
          - "Kampong Tanjong Sepat"
          - "Tanjong Sepat"
          - "Tanjung Sepat"
        ascii_name: "Tanjung Sepat"
        geonamesid: 1741562
        latitude: 2.6579
        longitude: 101.5629
        name: "Tanjung Sepat"
        names_en: ~
        names_es: ~
        population: 22340
        timezone: Asia/Kuala_Lumpur
      - 
        alternate_names: 
          - "Kampung Tanjung Karang"
          - "Tanjong Karang"
        ascii_name: "Kampung Tanjung Karang"
        geonamesid: 1763412
        latitude: 3.4242
        longitude: 101.1849
        name: "Kampung Tanjung Karang"
        names_en: ~
        names_es: ~
        population: 16393
        timezone: Asia/Kuala_Lumpur
    geonamesid: 1733037
    name: Selangor
    names_en: ~
    names_es: ~
  - 
    ascii_name: Sarawak
    cities: 
      - 
        alternate_names: 
          - Kuching
          - Kucingas
          - Kučingas
          - "gu jin"
        ascii_name: Kuching
        geonamesid: 1735634
        latitude: 1.55
        longitude: 110.33333
        name: Kuching
        names_en: 
          - Kuching
        names_es: ~
        population: 570407
        timezone: Asia/Kuching
      - 
        alternate_names: 
          - "Bandar Sri Aman"
          - Simanggang
          - Simmangang
          - Simmanggang
        ascii_name: Simanggang
        geonamesid: 1735799
        latitude: 1.24722
        longitude: 111.45278
        name: Simanggang
        names_en: ~
        names_es: ~
        population: 27207
        timezone: Asia/Kuching
      - 
        alternate_names: 
          - Sarikei
          - Seriki
          - Siriki
        ascii_name: Sarikei
        geonamesid: 1735837
        latitude: 2.11667
        longitude: 111.51667
        name: Sarikei
        names_en: ~
        names_es: ~
        population: 29281
        timezone: Asia/Kuching
      - 
        alternate_names: 
          - "Fort Brooke"
          - Siboe
          - Sibu
          - Сибу
        ascii_name: Sibu
        geonamesid: 1735902
        latitude: 2.3
        longitude: 111.81667
        name: Sibu
        names_en: ~
        names_es: ~
        population: 198239
        timezone: Asia/Kuching
      - 
        alternate_names: 
          - Kapit
          - "Kapit Fort"
        ascii_name: Kapit
        geonamesid: 1737185
        latitude: 2.01667
        longitude: 112.93333
        name: Kapit
        names_en: ~
        names_es: ~
        population: 15771
        timezone: Asia/Kuching
      - 
        alternate_names: 
          - Bintulu
          - Бинтулу
        ascii_name: Bintulu
        geonamesid: 1737486
        latitude: 3.16667
        longitude: 113.03333
        name: Bintulu
        names_en: ~
        names_es: ~
        population: 151617
        timezone: Asia/Kuching
      - 
        alternate_names: ~
        ascii_name: Limbang
        geonamesid: 1737714
        latitude: 4.75
        longitude: 115.0
        name: Limbang
        names_en: ~
        names_es: ~
        population: 26199
        timezone: Asia/Kuching
      - 
        alternate_names: 
          - Miri
        ascii_name: Miri
        geonamesid: 1738050
        latitude: 4.38333
        longitude: 113.98333
        name: Miri
        names_en: ~
        names_es: ~
        population: 228212
        timezone: Asia/Kuching
    geonamesid: 1733038
    name: Sarawak
    names_en: ~
    names_es: ~
  - 
    ascii_name: Sabah
    cities: 
      - 
        alternate_names: 
          - Papar
        ascii_name: Papar
        geonamesid: 1733353
        latitude: 5.73333
        longitude: 115.93333
        name: Papar
        names_en: ~
        names_es: ~
        population: 19278
        timezone: Asia/Kuching
      - 
        alternate_names: 
          - Jesselton
          - Kinabalu
          - "Kota Kinabalu"
          - Kota-Kinabalu
        ascii_name: "Kota Kinabalu"
        geonamesid: 1733432
        latitude: 5.98333
        longitude: 116.06667
        name: "Kota Kinabalu"
        names_en: 
          - "Kota Kinabalu"
        names_es: ~
        population: 457326
        timezone: Asia/Kuching
      - 
        alternate_names: ~
        ascii_name: Donggongon
        geonamesid: 1733438
        latitude: 5.90702
        longitude: 116.10146
        name: Donggongon
        names_en: ~
        names_es: ~
        population: 71585
        timezone: Asia/Kuching
      - 
        alternate_names: 
          - "Kampong Putatan"
          - "Putatan Station"
        ascii_name: Putatan
        geonamesid: 1733440
        latitude: 5.9258
        longitude: 116.06094
        name: Putatan
        names_en: ~
        names_es: ~
        population: 78340
        timezone: Asia/Kuching
      - 
        alternate_names: 
          - Kinarut
          - "Kinarut Station"
        ascii_name: Kinarut
        geonamesid: 1733449
        latitude: 5.81667
        longitude: 116.05
        name: Kinarut
        names_en: ~
        names_es: ~
        population: 15716
        timezone: Asia/Kuching
      - 
        alternate_names: 
          - Ranau
        ascii_name: Ranau
        geonamesid: 1733502
        latitude: 5.96667
        longitude: 116.68333
        name: Ranau
        names_en: ~
        names_es: ~
        population: 19294
        timezone: Asia/Kuching
      - 
        alternate_names: 
          - Selangor
          - Semporna
          - "Semporna Settlement"
          - Sempurna
        ascii_name: Semporna
        geonamesid: 1733697
        latitude: 4.48178
        longitude: 118.61118
        name: Semporna
        names_en: ~
        names_es: ~
        population: 62641
        timezone: Asia/Kuching
      - 
        alternate_names: 
          - Beaufort
        ascii_name: Beaufort
        geonamesid: 1733874
        latitude: 5.3473
        longitude: 115.7455
        name: Beaufort
        names_en: ~
        names_es: ~
        population: 15855
        timezone: Asia/Kuching
      - 
        alternate_names: 
          - "Lahad Datu"
          - "Lahad Datu Town"
        ascii_name: "Lahad Datu"
        geonamesid: 1733953
        latitude: 5.0268
        longitude: 118.327
        name: "Lahad Datu"
        names_en: ~
        names_es: ~
        population: 105622
        timezone: Asia/Kuching
      - 
        alternate_names: 
          - Elopura
          - Samdakan
          - Sandakan
          - "Sandakan Town"
        ascii_name: Sandakan
        geonamesid: 1734052
        latitude: 5.8402
        longitude: 118.1179
        name: Sandakan
        names_en: 
          - Sandakan
        names_es: ~
        population: 392288
        timezone: Asia/Kuching
      - 
        alternate_names: 
          - Kaningow
          - Kengingan
          - Keningau
        ascii_name: Keningau
        geonamesid: 1734098
        latitude: 5.3378
        longitude: 116.1602
        name: Keningau
        names_en: ~
        names_es: ~
        population: 77650
        timezone: Asia/Kuching
      - 
        alternate_names: 
          - Tawao
          - Tawau
        ascii_name: Tawau
        geonamesid: 1734199
        latitude: 4.25
        longitude: 117.9
        name: Tawau
        names_en: ~
        names_es: ~
        population: 306462
        timezone: Asia/Kuching
      - 
        alternate_names: 
          - Kudat
        ascii_name: Kudat
        geonamesid: 1736458
        latitude: 6.8837
        longitude: 116.8477
        name: Kudat
        names_en: ~
        names_es: ~
        population: 32393
        timezone: Asia/Kuching
      - 
        alternate_names: 
          - "Khota Balud"
          - "Kota Belud"
        ascii_name: "Kota Belud"
        geonamesid: 1736660
        latitude: 6.351
        longitude: 116.4305
        name: "Kota Belud"
        names_en: ~
        names_es: ~
        population: 12825
        timezone: Asia/Kuching
      - 
        alternate_names: ~
        ascii_name: "Bandar Labuan"
        geonamesid: 7302815
        latitude: 5.28883
        longitude: 115.26924
        name: "Bandar Labuan"
        names_en: ~
        names_es: ~
        population: 54752
        timezone: Asia/Kuching
    geonamesid: 1733039
    name: Sabah
    names_en: ~
    names_es: ~
  - 
    ascii_name: Perlis
    cities: 
      - 
        alternate_names: 
          - Kangar
          - Perlis
          - Poelit
          - Polit
        ascii_name: Kangar
        geonamesid: 1736278
        latitude: 6.4414
        longitude: 100.19862
        name: Kangar
        names_en: 
          - Kangar
        names_es: ~
        population: 63869
        timezone: Asia/Kuala_Lumpur
      - 
        alternate_names: 
          - "Kampong Kuala Perlis"
          - "Kampong Perlis"
          - "Kuala Perlis"
        ascii_name: "Kuala Perlis"
        geonamesid: 1736292
        latitude: 6.4
        longitude: 100.13333
        name: "Kuala Perlis"
        names_en: ~
        names_es: ~
        population: 13917
        timezone: Asia/Kuala_Lumpur
    geonamesid: 1733040
    name: Perlis
    names_en: ~
    names_es: ~
  - 
    ascii_name: Perak
    cities: 
      - 
        alternate_names: 
          - "Bagan Serai"
        ascii_name: "Bagan Serai"
        geonamesid: 1734409
        latitude: 5.0108
        longitude: 100.54101
        name: "Bagan Serai"
        names_en: ~
        names_es: ~
        population: 20476
        timezone: Asia/Kuala_Lumpur
      - 
        alternate_names: 
          - Semanggol
          - "Simpang Ampat"
          - "Simpang Empat"
        ascii_name: "Simpang Empat"
        geonamesid: 1734576
        latitude: 4.95
        longitude: 100.63333
        name: "Simpang Empat"
        names_en: ~
        names_es: ~
        population: 58004
        timezone: Asia/Kuala_Lumpur
      - 
        alternate_names: 
          - "Bandar Taiping"
          - Taipeng
          - Taiping
          - Tajpin
        ascii_name: Taiping
        geonamesid: 1734586
        latitude: 4.85
        longitude: 100.73333
        name: Taiping
        names_en: 
          - Taiping
        names_es: ~
        population: 217647
        timezone: Asia/Kuala_Lumpur
      - 
        alternate_names: 
          - Kangsar
          - "Kuala Kangsa"
          - "Kuala Kangsar"
        ascii_name: "Kuala Kangsar"
        geonamesid: 1734599
        latitude: 4.76667
        longitude: 100.93333
        name: "Kuala Kangsar"
        names_en: ~
        names_es: ~
        population: 39331
        timezone: Asia/Kuala_Lumpur
      - 
        alternate_names: 
          - Ipo
          - Ipoh
          - ipo
          - "yi bao"
        ascii_name: Ipoh
        geonamesid: 1734634
        latitude: 4.5841
        longitude: 101.0829
        name: Ipoh
        names_en: 
          - Ipoh
        names_es: ~
        population: 673318
        timezone: Asia/Kuala_Lumpur
      - 
        alternate_names: 
          - "Parit Buntar"
        ascii_name: "Parit Buntar"
        geonamesid: 1735089
        latitude: 5.12671
        longitude: 100.49316
        name: "Parit Buntar"
        names_en: ~
        names_es: ~
        population: 27313
        timezone: Asia/Kuala_Lumpur
      - 
        alternate_names: 
          - "Batu Gaah"
          - "Batu Gajah"
        ascii_name: "Batu Gajah"
        geonamesid: 1735268
        latitude: 4.46916
        longitude: 101.04107
        name: "Batu Gajah"
        names_en: ~
        names_es: ~
        population: 46183
        timezone: Asia/Kuala_Lumpur
      - 
        alternate_names: 
          - Kampar
        ascii_name: Kampar
        geonamesid: 1735274
        latitude: 4.3
        longitude: 101.15
        name: Kampar
        names_en: ~
        names_es: ~
        population: 19056
        timezone: Asia/Kuala_Lumpur
      - 
        alternate_names: 
          - "Tapah Road"
        ascii_name: "Tapah Road"
        geonamesid: 1735282
        latitude: 4.16667
        longitude: 101.2
        name: "Tapah Road"
        names_en: ~
        names_es: ~
        population: 27863
        timezone: Asia/Kuala_Lumpur
      - 
        alternate_names: 
          - Bidor
          - Bidur
        ascii_name: Bidur
        geonamesid: 1735287
        latitude: 4.11667
        longitude: 101.28333
        name: Bidur
        names_en: ~
        names_es: ~
        population: 30016
        timezone: Asia/Kuala_Lumpur
      - 
        alternate_names: 
          - Lumut
        ascii_name: Lumut
        geonamesid: 1735450
        latitude: 4.23333
        longitude: 100.63333
        name: Lumut
        names_en: ~
        names_es: ~
        population: 39595
        timezone: Asia/Kuala_Lumpur
      - 
        alternate_names: 
          - "Telok Anson"
          - "Teluk Anson"
          - "Teluk Intan"
          - "an shun"
        ascii_name: "Teluk Intan"
        geonamesid: 1735459
        latitude: 4.03333
        longitude: 101.01667
        name: "Teluk Intan"
        names_en: 
          - "Teluk Intan"
        names_es: ~
        population: 63353
        timezone: Asia/Kuala_Lumpur
      - 
        alternate_names: 
          - "Kampong Pantai Remis"
          - "Pantai Remis"
          - "Pantei Remis"
        ascii_name: "Pantai Remis"
        geonamesid: 1752256
        latitude: 4.45
        longitude: 100.63333
        name: "Pantai Remis"
        names_en: ~
        names_es: ~
        population: 16317
        timezone: Asia/Kuala_Lumpur
    geonamesid: 1733041
    name: Perak
    names_en: ~
    names_es: ~
  - 
    ascii_name: Pahang
    cities: 
      - 
        alternate_names: 
          - Jerantut
        ascii_name: Jerantut
        geonamesid: 1732602
        latitude: 3.93333
        longitude: 102.36667
        name: Jerantut
        names_en: ~
        names_es: ~
        population: 33606
        timezone: Asia/Kuala_Lumpur
      - 
        alternate_names: ~
        ascii_name: Raub
        geonamesid: 1732663
        latitude: 3.8
        longitude: 101.86667
        name: Raub
        names_en: ~
        names_es: ~
        population: 40024
        timezone: Asia/Kuala_Lumpur
      - 
        alternate_names: 
          - "Yong Peng"
        ascii_name: "Yong Peng"
        geonamesid: 1732814
        latitude: 2.01667
        longitude: 103.06667
        name: "Yong Peng"
        names_en: ~
        names_es: ~
        population: 27138
        timezone: Asia/Kuala_Lumpur
      - 
        alternate_names: ~
        ascii_name: "Kuala Lipis"
        geonamesid: 1733023
        latitude: 4.18333
        longitude: 102.05
        name: "Kuala Lipis"
        names_en: ~
        names_es: ~
        population: 15448
        timezone: Asia/Kuala_Lumpur
      - 
        alternate_names: 
          - Pekan
          - Пекан
        ascii_name: Pekan
        geonamesid: 1734971
        latitude: 3.4836
        longitude: 103.3996
        name: Pekan
        names_en: ~
        names_es: ~
        population: 31826
        timezone: Asia/Kuala_Lumpur
      - 
        alternate_names: 
          - Mentakab
          - Mentekab
        ascii_name: Mentekab
        geonamesid: 1735018
        latitude: 3.48333
        longitude: 102.35
        name: Mentekab
        names_en: ~
        names_es: ~
        population: 42171
        timezone: Asia/Kuala_Lumpur
      - 
        alternate_names: 
          - Temerloh
          - Temerluh
        ascii_name: Temerluh
        geonamesid: 1735022
        latitude: 3.45
        longitude: 102.41667
        name: Temerluh
        names_en: ~
        names_es: ~
        population: 59916
        timezone: Asia/Kuala_Lumpur
      - 
        alternate_names: 
          - "Kuala Kuantan"
          - "Kuala Kuatan"
          - Kuantan
          - Куантан
        ascii_name: Kuantan
        geonamesid: 1735227
        latitude: 3.8077
        longitude: 103.326
        name: Kuantan
        names_en: ~
        names_es: ~
        population: 366229
        timezone: Asia/Kuala_Lumpur
      - 
        alternate_names: 
          - "Tana Rata"
          - "Tanah Rata"
          - "Тана Рата"
        ascii_name: "Tanah Rata"
        geonamesid: 1735262
        latitude: 4.475
        longitude: 101.3704
        name: "Tanah Rata"
        names_en: ~
        names_es: ~
        population: 7000
        timezone: Asia/Kuala_Lumpur
      - 
        alternate_names: ~
        ascii_name: "Bentong Town"
        geonamesid: 1779790
        latitude: 3.51667
        longitude: 101.9
        name: "Bentong Town"
        names_en: ~
        names_es: ~
        population: 49213
        timezone: Asia/Kuala_Lumpur
    geonamesid: 1733042
    name: Pahang
    names_en: ~
    names_es: ~
  - 
    ascii_name: "Negeri Sembilan"
    cities: 
      - 
        alternate_names: ~
        ascii_name: Tampin
        geonamesid: 1734738
        latitude: 2.46667
        longitude: 102.23333
        name: Tampin
        names_en: ~
        names_es: ~
        population: 28238
        timezone: Asia/Kuala_Lumpur
      - 
        alternate_names: 
          - Seremban
          - Серембан
        ascii_name: Seremban
        geonamesid: 1734810
        latitude: 2.71667
        longitude: 101.93333
        name: Seremban
        names_en: 
          - Seremban
        names_es: ~
        population: 372917
        timezone: Asia/Kuala_Lumpur
      - 
        alternate_names: 
          - "Arang Arang Anchorage"
          - Arang-Arang
          - "Port Dickson"
        ascii_name: "Port Dickson"
        geonamesid: 1734815
        latitude: 2.51667
        longitude: 101.8
        name: "Port Dickson"
        names_en: ~
        names_es: ~
        population: 89198
        timezone: Asia/Kuala_Lumpur
      - 
        alternate_names: 
          - Bahau
        ascii_name: Bahau
        geonamesid: 1734839
        latitude: 2.81667
        longitude: 102.41667
        name: Bahau
        names_en: ~
        names_es: ~
        population: 31273
        timezone: Asia/Kuala_Lumpur
      - 
        alternate_names: 
          - "Kuala Lipis"
          - "Kuala Pilah"
        ascii_name: "Kuala Pilah"
        geonamesid: 1734841
        latitude: 2.73333
        longitude: 102.25
        name: "Kuala Pilah"
        names_en: ~
        names_es: ~
        population: 19510
        timezone: Asia/Kuala_Lumpur
      - 
        alternate_names: 
          - "Kampong Baharu Nilai"
          - "Kampong Bahru Nilai"
          - "Kampong Nilai"
          - Nilai
        ascii_name: "Kampong Baharu Nilai"
        geonamesid: 1771287
        latitude: 2.81667
        longitude: 101.8
        name: "Kampong Baharu Nilai"
        names_en: ~
        names_es: ~
        population: 36720
        timezone: Asia/Kuala_Lumpur
    geonamesid: 1733043
    name: "Negeri Sembilan"
    names_en: ~
    names_es: ~
  - 
    ascii_name: Kelantan
    cities: 
      - 
        alternate_names: 
          - "Gua Musang"
        ascii_name: "Gua Musang"
        geonamesid: 1734651
        latitude: 4.8823
        longitude: 101.9644
        name: "Gua Musang"
        names_en: ~
        names_es: ~
        population: 19731
        timezone: Asia/Kuala_Lumpur
      - 
        alternate_names: 
          - Ketereh
        ascii_name: Ketereh
        geonamesid: 1735535
        latitude: 5.95701
        longitude: 102.24817
        name: Ketereh
        names_en: ~
        names_es: ~
        population: 0
        timezone: Asia/Kuala_Lumpur
      - 
        alternate_names: 
          - "Pulai Chondong"
          - "Pulai Chongdong"
          - "Pulai Condong"
        ascii_name: "Pulai Chondong"
        geonamesid: 1735543
        latitude: 5.87133
        longitude: 102.23177
        name: "Pulai Chondong"
        names_en: ~
        names_es: ~
        population: 0
        timezone: Asia/Kuala_Lumpur
      - 
        alternate_names: 
          - "Tanah Merah"
          - "Tanah Merak"
        ascii_name: "Tanah Merah"
        geonamesid: 1735553
        latitude: 5.8
        longitude: 102.15
        name: "Tanah Merah"
        names_en: ~
        names_es: ~
        population: 29116
        timezone: Asia/Kuala_Lumpur
      - 
        alternate_names: 
          - Tumpat
        ascii_name: Tumpat
        geonamesid: 1736356
        latitude: 6.19776
        longitude: 102.17098
        name: Tumpat
        names_en: ~
        names_es: ~
        population: 12280
        timezone: Asia/Kuala_Lumpur
      - 
        alternate_names: 
          - "Pasir Mas"
        ascii_name: "Pasir Mas"
        geonamesid: 1736372
        latitude: 6.04934
        longitude: 102.13987
        name: "Pasir Mas"
        names_en: ~
        names_es: ~
        population: 19017
        timezone: Asia/Kuala_Lumpur
      - 
        alternate_names: 
          - "Khota Baharu"
          - "Khota Bahru"
          - "Kota Baharu"
          - "Kota Bahru"
        ascii_name: "Kota Bharu"
        geonamesid: 1736376
        latitude: 6.13328
        longitude: 102.2386
        name: "Kota Bharu"
        names_en: 
          - "Kota Bharu"
        names_es: ~
        population: 279316
        timezone: Asia/Kuala_Lumpur
      - 
        alternate_names: ~
        ascii_name: Peringat
        geonamesid: 1750582
        latitude: 6.03333
        longitude: 102.28333
        name: Peringat
        names_en: ~
        names_es: ~
        population: 23288
        timezone: Asia/Kuala_Lumpur
      - 
        alternate_names: ~
        ascii_name: "Kampong Pangkal Kalong"
        geonamesid: 1766249
        latitude: 5.91667
        longitude: 102.21667
        name: "Kampong Pangkal Kalong"
        names_en: ~
        names_es: ~
        population: 39904
        timezone: Asia/Kuala_Lumpur
      - 
        alternate_names: ~
        ascii_name: "Kampong Kadok"
        geonamesid: 1768664
        latitude: 6.0
        longitude: 102.25
        name: "Kampong Kadok"
        names_en: ~
        names_es: ~
        population: 19233
        timezone: Asia/Kuala_Lumpur
      - 
        alternate_names: 
          - "Kampung Lemal"
        ascii_name: "Kampung Lemal"
        geonamesid: 7068135
        latitude: 6.03021
        longitude: 102.14126
        name: "Kampung Lemal"
        names_en: ~
        names_es: ~
        population: 0
        timezone: Asia/Kuala_Lumpur
    geonamesid: 1733044
    name: Kelantan
    names_en: ~
    names_es: ~
  - 
    ascii_name: "Kuala Lumpur"
    cities: 
      - 
        alternate_names: 
          - "Kouala Loumpour"
          - "Kuala Lumpor"
          - "Kuala Lumpur"
          - Kuala-Lumpur
        ascii_name: "Kuala Lumpur"
        geonamesid: 1735161
        latitude: 3.1412
        longitude: 101.68653
        name: "Kuala Lumpur"
        names_en: 
          - "Kuala Lumpur"
        names_es: 
          - "Kuala Lumpur"
        population: 1453975
        timezone: Asia/Kuala_Lumpur
    geonamesid: 1733046
    name: "Kuala Lumpur"
    names_en: 
      - "Kuala Lumpur"
    names_es: ~
  - 
    ascii_name: "Pulau Pinang"
    cities: 
      - 
        alternate_names: 
          - Butterworth
        ascii_name: Butterworth
        geonamesid: 1735076
        latitude: 5.3991
        longitude: 100.36382
        name: Butterworth
        names_en: ~
        names_es: ~
        population: 107591
        timezone: Asia/Kuala_Lumpur
      - 
        alternate_names: 
          - Perai
          - Prai
        ascii_name: Perai
        geonamesid: 1735077
        latitude: 5.38333
        longitude: 100.38333
        name: Perai
        names_en: ~
        names_es: ~
        population: 65301
        timezone: Asia/Kuala_Lumpur
      - 
        alternate_names: 
          - "Bukit Mertajam"
        ascii_name: "Bukit Mertajam"
        geonamesid: 1735079
        latitude: 5.36301
        longitude: 100.4667
        name: "Bukit Mertajam"
        names_en: ~
        names_es: ~
        population: 212329
        timezone: Asia/Kuala_Lumpur
      - 
        alternate_names: 
          - "Nibong Tebal"
          - "Nibong Tepal"
          - "Nibung Tebal"
        ascii_name: "Nibong Tebal"
        geonamesid: 1735086
        latitude: 5.16586
        longitude: 100.47793
        name: "Nibong Tebal"
        names_en: ~
        names_es: ~
        population: 40072
        timezone: Asia/Kuala_Lumpur
      - 
        alternate_names: 
          - "Tasek Gelugor"
          - "Tasek Gelugur"
          - "Tasek Glugor"
        ascii_name: "Tasek Glugor"
        geonamesid: 1735093
        latitude: 5.48032
        longitude: 100.49849
        name: "Tasek Glugor"
        names_en: ~
        names_es: ~
        population: 135786
        timezone: Asia/Kuala_Lumpur
      - 
        alternate_names: 
          - Dzhordzhtaun
          - "George Town"
          - Georgetown
          - Penang
        ascii_name: "George Town"
        geonamesid: 1735106
        latitude: 5.41123
        longitude: 100.33543
        name: "George Town"
        names_en: 
          - "George Town"
        names_es: 
          - "George Town"
        population: 300000
        timezone: Asia/Kuala_Lumpur
      - 
        alternate_names: 
          - "Kapala Batas"
          - "Kepala Batas"
        ascii_name: "Kepala Batas"
        geonamesid: 1735506
        latitude: 5.51707
        longitude: 100.4265
        name: "Kepala Batas"
        names_en: ~
        names_es: ~
        population: 17131
        timezone: Asia/Kuala_Lumpur
      - 
        alternate_names: 
          - "Tanjong Tokong"
          - "Tanjung Tokong"
        ascii_name: "Tanjung Tokong"
        geonamesid: 1741550
        latitude: 5.46061
        longitude: 100.30742
        name: "Tanjung Tokong"
        names_en: ~
        names_es: ~
        population: 24071
        timezone: Asia/Kuala_Lumpur
      - 
        alternate_names: 
          - "Permatang Kuching"
        ascii_name: "Permatang Kuching"
        geonamesid: 1750500
        latitude: 5.46339
        longitude: 100.38144
        name: "Permatang Kuching"
        names_en: ~
        names_es: ~
        population: 27191
        timezone: Asia/Kuala_Lumpur
      - 
        alternate_names: 
          - "Kampong Sungai Ara"
          - "Kampung Sungai Ara"
          - "Sungei Ara"
        ascii_name: "Kampung Sungai Ara"
        geonamesid: 1764160
        latitude: 5.32699
        longitude: 100.27348
        name: "Kampung Sungai Ara"
        names_en: ~
        names_es: ~
        population: 140849
        timezone: Asia/Kuala_Lumpur
      - 
        alternate_names: 
          - Juru
        ascii_name: Juru
        geonamesid: 1772148
        latitude: 5.31201
        longitude: 100.44229
        name: Juru
        names_en: ~
        names_es: ~
        population: 12265
        timezone: Asia/Kuala_Lumpur
    geonamesid: 1733047
    name: "Pulau Pinang"
    names_en: ~
    names_es: ~
  - 
    ascii_name: Kedah
    cities: 
      - 
        alternate_names: 
          - Kuah
          - Kuan
          - Kwah
          - Langkawi
        ascii_name: Kuah
        geonamesid: 1222396
        latitude: 6.32649
        longitude: 99.8432
        name: Kuah
        names_en: ~
        names_es: ~
        population: 30212
        timezone: Asia/Kuala_Lumpur
      - 
        alternate_names: 
          - Kulim
        ascii_name: Kulim
        geonamesid: 1734393
        latitude: 5.36499
        longitude: 100.56177
        name: Kulim
        names_en: ~
        names_es: ~
        population: 170889
        timezone: Asia/Kuala_Lumpur
      - 
        alternate_names: 
          - Bedong
          - Bedung
        ascii_name: Bedong
        geonamesid: 1734439
        latitude: 5.72744
        longitude: 100.50876
        name: Bedong
        names_en: ~
        names_es: ~
        population: 47585
        timezone: Asia/Kuala_Lumpur
      - 
        alternate_names: 
          - Gurun
          - "Kampung Gurun"
        ascii_name: Gurun
        geonamesid: 1735485
        latitude: 5.81717
        longitude: 100.47381
        name: Gurun
        names_en: ~
        names_es: ~
        population: 15964
        timezone: Asia/Kuala_Lumpur
      - 
        alternate_names: 
          - "Sungai Patani"
          - "Sungai Petani"
          - "Sungei Patani"
        ascii_name: "Sungai Petani"
        geonamesid: 1735498
        latitude: 5.647
        longitude: 100.48772
        name: "Sungai Petani"
        names_en: 
          - "Sungai Petani"
        names_es: ~
        population: 228843
        timezone: Asia/Kuala_Lumpur
      - 
        alternate_names: 
          - Jitra
        ascii_name: Jitra
        geonamesid: 1736302
        latitude: 6.26812
        longitude: 100.42167
        name: Jitra
        names_en: ~
        names_es: ~
        population: 63489
        timezone: Asia/Kuala_Lumpur
      - 
        alternate_names: ~
        ascii_name: "Kuala Kedah"
        geonamesid: 1736305
        latitude: 6.1
        longitude: 100.3
        name: "Kuala Kedah"
        names_en: ~
        names_es: ~
        population: 19231
        timezone: Asia/Kuala_Lumpur
      - 
        alternate_names: 
          - "Alor Setar"
          - "Alor Star"
          - Alostar
          - "Alur Setar"
        ascii_name: "Alor Setar"
        geonamesid: 1736309
        latitude: 6.12104
        longitude: 100.36014
        name: "Alor Setar"
        names_en: 
          - "Alor Star"
        names_es: ~
        population: 217368
        timezone: Asia/Kuala_Lumpur
    geonamesid: 1733048
    name: Kedah
    names_en: ~
    names_es: ~
  - 
    ascii_name: Johor
    cities: 
      - 
        alternate_names: 
          - "Bandar Penggaram"
          - "Batu Pahat"
          - "Distrik Batu Pahat"
        ascii_name: "Batu Pahat"
        geonamesid: 1732687
        latitude: 1.85
        longitude: 102.93333
        name: "Batu Pahat"
        names_en: 
          - "Batu Pahat"
        names_es: ~
        population: 156236
        timezone: Asia/Kuala_Lumpur
      - 
        alternate_names: 
          - "Parit Raja"
        ascii_name: "Parit Raja"
        geonamesid: 1732698
        latitude: 1.86667
        longitude: 103.11667
        name: "Parit Raja"
        names_en: ~
        names_es: ~
        population: 17441
        timezone: Asia/Kuala_Lumpur
      - 
        alternate_names: 
          - "Pekan Nanas"
          - "Pekan Nenas"
        ascii_name: "Pekan Nanas"
        geonamesid: 1732706
        latitude: 1.51667
        longitude: 103.51667
        name: "Pekan Nanas"
        names_en: ~
        names_es: ~
        population: 23292
        timezone: Asia/Kuala_Lumpur
      - 
        alternate_names: 
          - Pontian
          - "Pontian Kechil"
          - "Pontian Kecil"
        ascii_name: "Pontian Kecil"
        geonamesid: 1732711
        latitude: 1.48333
        longitude: 103.38333
        name: "Pontian Kecil"
        names_en: ~
        names_es: ~
        population: 50836
        timezone: Asia/Kuala_Lumpur
      - 
        alternate_names: 
          - "Kampung Pasir Gudang"
          - "Kampung Pasir Gudang Baru"
        ascii_name: "Kampung Pasir Gudang Baru"
        geonamesid: 1732721
        latitude: 1.4726
        longitude: 103.878
        name: "Kampung Pasir Gudang Baru"
        names_en: ~
        names_es: ~
        population: 145639
        timezone: Asia/Kuala_Lumpur
      - 
        alternate_names: 
          - "Kota Tinggi"
          - "Kota Tuiggi"
        ascii_name: "Kota Tinggi"
        geonamesid: 1732738
        latitude: 1.7381
        longitude: 103.8999
        name: "Kota Tinggi"
        names_en: ~
        names_es: ~
        population: 52743
        timezone: Asia/Kuala_Lumpur
      - 
        alternate_names: 
          - Senai
          - Сенаи
        ascii_name: Senai
        geonamesid: 1732741
        latitude: 1.6
        longitude: 103.65
        name: Senai
        names_en: ~
        names_es: ~
        population: 73176
        timezone: Asia/Kuala_Lumpur
      - 
        alternate_names: 
          - Kulai
          - Kuli
        ascii_name: Kulai
        geonamesid: 1732742
        latitude: 1.6561
        longitude: 103.6032
        name: Kulai
        names_en: ~
        names_es: ~
        population: 63762
        timezone: Asia/Kuala_Lumpur
      - 
        alternate_names: 
          - "Kampong Skudai"
          - "Kangkar Skudai"
          - Scudai
          - Sekudai
        ascii_name: Sekudai
        geonamesid: 1732745
        latitude: 1.53333
        longitude: 103.66667
        name: Sekudai
        names_en: ~
        names_es: ~
        population: 159733
        timezone: Asia/Kuala_Lumpur
      - 
        alternate_names: 
          - Baru
          - Bharu
          - "Jahore Bahru"
          - Johor
        ascii_name: "Johor Bahru"
        geonamesid: 1732752
        latitude: 1.4655
        longitude: 103.7578
        name: "Johor Bahru"
        names_en: 
          - "Johor Bahru"
        names_es: ~
        population: 802489
        timezone: Asia/Kuala_Lumpur
      - 
        alternate_names: 
          - Keluang
          - Kluang
        ascii_name: Kluang
        geonamesid: 1732811
        latitude: 2.0251
        longitude: 103.3328
        name: Kluang
        names_en: 
          - Kluang
        names_es: ~
        population: 169828
        timezone: Asia/Kuala_Lumpur
      - 
        alternate_names: 
          - Mersing
        ascii_name: Mersing
        geonamesid: 1732826
        latitude: 2.43333
        longitude: 103.83333
        name: Mersing
        names_en: ~
        names_es: ~
        population: 22007
        timezone: Asia/Kuala_Lumpur
      - 
        alternate_names: 
          - Segamat
        ascii_name: Segamat
        geonamesid: 1732846
        latitude: 2.5148
        longitude: 102.8158
        name: Segamat
        names_en: ~
        names_es: ~
        population: 69816
        timezone: Asia/Kuala_Lumpur
      - 
        alternate_names: 
          - Tangkah
          - Tangkak
        ascii_name: Tangkak
        geonamesid: 1732857
        latitude: 2.26667
        longitude: 102.55
        name: Tangkak
        names_en: ~
        names_es: ~
        population: 35109
        timezone: Asia/Kuala_Lumpur
      - 
        alternate_names: 
          - "Bandar Maharani"
          - Muar
          - "ma po"
          - Муар
        ascii_name: Muar
        geonamesid: 1732869
        latitude: 2.03333
        longitude: 102.56667
        name: Muar
        names_en: 
          - Muar
        names_es: ~
        population: 127897
        timezone: Asia/Kuala_Lumpur
      - 
        alternate_names: 
          - Bakri
          - "Bukit Bakri"
          - Бакри
        ascii_name: Bakri
        geonamesid: 1732871
        latitude: 2.05
        longitude: 102.66667
        name: Bakri
        names_en: ~
        names_es: ~
        population: 30280
        timezone: Asia/Kuala_Lumpur
      - 
        alternate_names: 
          - Labis
        ascii_name: Labis
        geonamesid: 1732877
        latitude: 2.38333
        longitude: 103.03333
        name: Labis
        names_en: ~
        names_es: ~
        population: 21906
        timezone: Asia/Kuala_Lumpur
      - 
        alternate_names: 
          - Caah
          - Chaah
          - "Kangkar Chaah"
        ascii_name: Caah
        geonamesid: 1732884
        latitude: 2.23333
        longitude: 103.03333
        name: Caah
        names_en: ~
        names_es: ~
        population: 11844
        timezone: Asia/Kuala_Lumpur
      - 
        alternate_names: 
          - "Buloh Kasap"
          - "Buluh Kasap"
        ascii_name: "Buloh Kasap"
        geonamesid: 1734879
        latitude: 2.5536
        longitude: 102.764
        name: "Buloh Kasap"
        names_en: ~
        names_es: ~
        population: 13088
        timezone: Asia/Kuala_Lumpur
      - 
        alternate_names: 
          - "Ulu Tiram"
          - "Ulu Tiram Village"
        ascii_name: "Ulu Tiram"
        geonamesid: 1738294
        latitude: 1.6
        longitude: 103.81667
        name: "Ulu Tiram"
        names_en: ~
        names_es: ~
        population: 75350
        timezone: Asia/Kuala_Lumpur
      - 
        alternate_names: 
          - "Kelapa Sawit"
        ascii_name: "Kelapa Sawit"
        geonamesid: 1761293
        latitude: 1.6698
        longitude: 103.5327
        name: "Kelapa Sawit"
        names_en: ~
        names_es: ~
        population: 13239
        timezone: Asia/Kuala_Lumpur
      - 
        alternate_names: 
          - "Kampong Simpang Rengam"
          - "Kampung Simpang Renggam"
        ascii_name: "Kampung Simpang Renggam"
        geonamesid: 1764318
        latitude: 1.8278
        longitude: 103.3
        name: "Kampung Simpang Renggam"
        names_en: ~
        names_es: ~
        population: 17528
        timezone: Asia/Kuala_Lumpur
    geonamesid: 1733049
    name: Johor
    names_en: ~
    names_es: ~
  - 
    ascii_name: Labuan
    cities: 
      - 
        alternate_names: 
          - Labuan
          - Victoria
          - "Victoria Town"
          - Viktorija
        ascii_name: Victoria
        geonamesid: 1733782
        latitude: 5.27667
        longitude: 115.24167
        name: Victoria
        names_en: ~
        names_es: ~
        population: 73653
        timezone: Asia/Kuching
    geonamesid: 1734240
    name: Labuan
    names_en: 
      - "Federal Territory of Labuan"
      - Labuan
    names_es: ~
  - 
    ascii_name: Putrajaya
    cities: 
      - 
        alternate_names: ~
        ascii_name: Putrajaya
        geonamesid: 6697380
        latitude: 2.93527
        longitude: 101.69112
        name: Putrajaya
        names_en: ~
        names_es: ~
        population: 50000
        timezone: Asia/Kuala_Lumpur
    geonamesid: 1996552
    name: Putrajaya
    names_en: 
      - Putrajaya
    names_es: 
      - Putrajaya
