--- 
geonamesid: 1024031
iso: YT
name: Mayotte
names_en: 
  - Mayotte
names_es: 
  - Mayotte
regions: 
  - 
    ascii_name: Acoua
    cities: 
      - 
        alternate_names: 
          - Accua
          - Acoua
        ascii_name: Acoua
        geonamesid: 1090140
        latitude: -12.7225
        longitude: 45.05639
        name: Acoua
        names_en: ~
        names_es: ~
        population: 5349
        timezone: Indian/Mayotte
    geonamesid: 7521421
    name: Acoua
    names_en: ~
    names_es: ~
  - 
    ascii_name: Bandraboua
    cities: 
      - 
        alternate_names: 
          - Bandraboua
          - M'Gombani
        ascii_name: Bandraboua
        geonamesid: 1090119
        latitude: -12.70167
        longitude: 45.12056
        name: Bandraboua
        names_en: ~
        names_es: ~
        population: 7880
        timezone: Indian/Mayotte
    geonamesid: 7521422
    name: Bandraboua
    names_en: ~
    names_es: ~
  - 
    ascii_name: Bandrele
    cities: 
      - 
        alternate_names: 
          - Bandrele
          - Bandrélé
        ascii_name: Bandrele
        geonamesid: 1090397
        latitude: -12.90667
        longitude: 45.19139
        name: Bandrélé
        names_en: ~
        names_es: ~
        population: 6350
        timezone: Indian/Mayotte
    geonamesid: 7521423
    name: Bandrele
    names_en: ~
    names_es: ~
  - 
    ascii_name: Boueni
    cities: 
      - 
        alternate_names: 
          - Boueni
          - Bouéni
        ascii_name: Boueni
        geonamesid: 1090467
        latitude: -12.9025
        longitude: 45.07611
        name: Bouéni
        names_en: ~
        names_es: ~
        population: 5334
        timezone: Indian/Mayotte
    geonamesid: 7521424
    name: Bouéni
    names_en: ~
    names_es: ~
  - 
    ascii_name: Chiconi
    cities: 
      - 
        alternate_names: 
          - Chiconi
        ascii_name: Chiconi
        geonamesid: 1090322
        latitude: -12.83333
        longitude: 45.11056
        name: Chiconi
        names_en: ~
        names_es: ~
        population: 7204
        timezone: Indian/Mayotte
    geonamesid: 7521425
    name: Chiconi
    names_en: ~
    names_es: ~
  - 
    ascii_name: Chirongui
    cities: 
      - 
        alternate_names: 
          - Chirongui
        ascii_name: Chirongui
        geonamesid: 1090415
        latitude: -12.93194
        longitude: 45.14833
        name: Chirongui
        names_en: ~
        names_es: ~
        population: 6173
        timezone: Indian/Mayotte
    geonamesid: 7521426
    name: Chirongui
    names_en: ~
    names_es: ~
  - 
    ascii_name: Dembeni
    cities: []
    geonamesid: 7521427
    name: Dembeni
    names_en: ~
    names_es: ~
  - 
    ascii_name: Dzaoudzi
    cities: 
      - 
        alternate_names: 
          - Dzaoudzi
        ascii_name: Dzaoudzi
        geonamesid: 1090272
        latitude: -12.77944
        longitude: 45.25361
        name: Dzaoudzi
        names_en: ~
        names_es: ~
        population: 14141
        timezone: Indian/Mayotte
    geonamesid: 7521428
    name: Dzaoudzi
    names_en: ~
    names_es: ~
  - 
    ascii_name: Kani-Keli
    cities: 
      - 
        alternate_names: 
          - "Kani Keli"
          - "Kani Kéli"
        ascii_name: "Kani Keli"
        geonamesid: 1090476
        latitude: -12.95361
        longitude: 45.10333
        name: "Kani Kéli"
        names_en: ~
        names_es: ~
        population: 4854
        timezone: Indian/Mayotte
    geonamesid: 7521429
    name: Kani-Kéli
    names_en: ~
    names_es: ~
  - 
    ascii_name: Koungou
    cities: 
      - 
        alternate_names: 
          - Kongo
          - Koungou
        ascii_name: Koungou
        geonamesid: 1090225
        latitude: -12.73361
        longitude: 45.20417
        name: Koungou
        names_en: ~
        names_es: ~
        population: 18118
        timezone: Indian/Mayotte
    geonamesid: 7521430
    name: Koungou
    names_en: ~
    names_es: ~
  - 
    ascii_name: Mamoudzou
    cities: 
      - 
        alternate_names: 
          - Mambutzou
          - Mamoudzou
          - Mamoutzou
          - Mamudzu
        ascii_name: Mamoudzou
        geonamesid: 921815
        latitude: -12.77944
        longitude: 45.22722
        name: Mamoudzou
        names_en: 
          - Mamoudzou
          - Mamoutzou
        names_es: 
          - Mamoudzou
        population: 54831
        timezone: Indian/Mayotte
    geonamesid: 7521431
    name: Mamoudzou
    names_en: ~
    names_es: ~
  - 
    ascii_name: Mtsamboro
    cities: 
      - 
        alternate_names: 
          - M'Zamboro
          - Mtsamboro
          - M’Zamboro
        ascii_name: Mtsamboro
        geonamesid: 1090126
        latitude: -12.69982
        longitude: 45.06894
        name: Mtsamboro
        names_en: ~
        names_es: ~
        population: 7724
        timezone: Indian/Mayotte
    geonamesid: 7521432
    name: Mtsamboro
    names_en: ~
    names_es: ~
  - 
    ascii_name: M'Tsangamouji
    cities: []
    geonamesid: 7521433
    name: M'Tsangamouji
    names_en: ~
    names_es: ~
  - 
    ascii_name: Ouangani
    cities: 
      - 
        alternate_names: 
          - Ouangani
        ascii_name: Ouangani
        geonamesid: 1090311
        latitude: -12.84639
        longitude: 45.13611
        name: Ouangani
        names_en: ~
        names_es: ~
        population: 7272
        timezone: Indian/Mayotte
    geonamesid: 7521434
    name: Ouangani
    names_en: ~
    names_es: ~
  - 
    ascii_name: Pamandzi
    cities: 
      - 
        alternate_names: 
          - Pamandzi
        ascii_name: Pamandzi
        geonamesid: 1090283
        latitude: -12.79489
        longitude: 45.28255
        name: Pamandzi
        names_en: ~
        names_es: ~
        population: 9071
        timezone: Indian/Mayotte
    geonamesid: 7521435
    name: Pamandzi
    names_en: ~
    names_es: ~
  - 
    ascii_name: Sada
    cities: 
      - 
        alternate_names: 
          - Sada
        ascii_name: Sada
        geonamesid: 1090340
        latitude: -12.85055
        longitude: 45.10205
        name: Sada
        names_en: ~
        names_es: ~
        population: 9832
        timezone: Indian/Mayotte
    geonamesid: 7521436
    name: Sada
    names_en: ~
    names_es: ~
  - 
    ascii_name: Tsingoni
    cities: 
      - 
        alternate_names: 
          - Tsingoni
        ascii_name: Tsingoni
        geonamesid: 1090177
        latitude: -12.78722
        longitude: 45.10278
        name: Tsingoni
        names_en: ~
        names_es: ~
        population: 7602
        timezone: Indian/Mayotte
    geonamesid: 7521437
    name: Tsingoni
    names_en: ~
    names_es: ~
