--- 
geonamesid: 1282988
iso: NP
name: Nepal
names_en: 
  - Nepal
names_es: 
  - Nepal
regions: 
  - 
    ascii_name: "Far Western Region"
    cities: 
      - 
        alternate_names: ~
        ascii_name: Dipayal
        geonamesid: 6254845
        latitude: 29.26083
        longitude: 80.94
        name: Dipayal
        names_en: ~
        names_es: ~
        population: 0
        timezone: Asia/Kathmandu
    geonamesid: 7289705
    name: "Far Western Region"
    names_en: 
      - "Far Western Region"
    names_es: ~
  - 
    ascii_name: "Mid Western Region"
    cities: 
      - 
        alternate_names: ~
        ascii_name: Jumla
        geonamesid: 1283285
        latitude: 29.27472
        longitude: 82.18383
        name: Jumlā
        names_en: ~
        names_es: ~
        population: 9073
        timezone: Asia/Kathmandu
      - 
        alternate_names: 
          - Birendranagan
          - Birendranagar
          - Бирендранаган
        ascii_name: Birendranagar
        geonamesid: 6254843
        latitude: 28.60194
        longitude: 81.63389
        name: Birendranagar
        names_en: ~
        names_es: ~
        population: 31381
        timezone: Asia/Kathmandu
      - 
        alternate_names: 
          - Nepalgun
          - Непалгун
        ascii_name: Nepalgunj
        geonamesid: 6941099
        latitude: 28.05
        longitude: 81.61667
        name: Nepalgunj
        names_en: ~
        names_es: ~
        population: 64400
        timezone: Asia/Kathmandu
      - 
        alternate_names: ~
        ascii_name: Surkhet
        geonamesid: 7649119
        latitude: 28.51746
        longitude: 81.7787
        name: Surkhet
        names_en: ~
        names_es: ~
        population: 0
        timezone: Asia/Kathmandu
    geonamesid: 7289706
    name: "Mid Western Region"
    names_en: 
      - "Mid Western Region"
    names_es: ~
  - 
    ascii_name: "Central Region"
    cities: 
      - 
        alternate_names: 
          - Nagarkot
          - Нагаркот
        ascii_name: Nagarkot
        geonamesid: 1283018
        latitude: 27.71522
        longitude: 85.52075
        name: Nagarkot
        names_en: ~
        names_es: ~
        population: 4000
        timezone: Asia/Kathmandu
      - 
        alternate_names: 
          - Catmandu
          - Kantipur
          - Kantipura
          - Kathmandau
        ascii_name: Kathmandu
        geonamesid: 1283240
        latitude: 27.70169
        longitude: 85.3206
        name: Kathmandu
        names_en: 
          - Kathmandu
        names_es: 
          - Katmandú
        population: 1442271
        timezone: Asia/Kathmandu
    geonamesid: 7289707
    name: "Central Region"
    names_en: 
      - "Central Region"
    names_es: ~
  - 
    ascii_name: "Eastern Region"
    cities: 
      - 
        alternate_names: 
          - Dhankuta
          - "Dhankuta Bazar"
          - Dhankutta
          - Dhankutā
        ascii_name: Dhankuta
        geonamesid: 1283465
        latitude: 26.98333
        longitude: 87.33333
        name: Dhankutā
        names_en: ~
        names_es: ~
        population: 22084
        timezone: Asia/Kathmandu
      - 
        alternate_names: 
          - Biratnagar
          - Biratnagur
          - Биратнагар
        ascii_name: Biratnagar
        geonamesid: 1283582
        latitude: 26.4831
        longitude: 87.28337
        name: Birātnagar
        names_en: ~
        names_es: ~
        population: 182324
        timezone: Asia/Kathmandu
    geonamesid: 7289708
    name: "Eastern Region"
    names_en: 
      - "Eastern Region"
      - East
    names_es: ~
  - 
    ascii_name: "Western Region"
    cities: 
      - 
        alternate_names: 
          - Pakhra
          - Pokhar
          - Pokhara
          - Pokhra
        ascii_name: Pokhara
        geonamesid: 1282898
        latitude: 28.26689
        longitude: 83.96851
        name: Pokhara
        names_en: 
          - Pokhara
        names_es: 
          - Pokhara
        population: 200000
        timezone: Asia/Kathmandu
      - 
        alternate_names: ~
        ascii_name: Chitre
        geonamesid: 6941691
        latitude: 28.42673
        longitude: 83.69076
        name: Chitre
        names_en: ~
        names_es: ~
        population: 2860
        timezone: Asia/Kathmandu
    geonamesid: 7289709
    name: "Western Region"
    names_en: 
      - "Western Region"
    names_es: ~
