--- 
geonamesid: 2186224
iso: NZ
name: "New Zealand"
names_en: 
  - "New Zealand"
names_es: 
  - "Nueva Zelanda"
regions: 
  - 
    abbr: WGN
    ascii_name: Wellington
    cities: 
      - 
        alternate_names: 
          - Ouellinkton
          - Vellington
          - Wellington
          - Ουέλλιγκτον
        ascii_name: Wellington
        geonamesid: 2179537
        latitude: -41.28664
        longitude: 174.77557
        name: Wellington
        names_en: 
          - Wellington
        names_es: 
          - Wellington
        population: 381900
        timezone: Pacific/Auckland
      - 
        alternate_names: ~
        ascii_name: Otaki
        geonamesid: 2206372
        latitude: -40.75833
        longitude: 175.15
        name: Otaki
        names_en: ~
        names_es: ~
        population: 6086
        timezone: Pacific/Auckland
      - 
        alternate_names: ~
        ascii_name: Waipawa
        geonamesid: 2206874
        latitude: -41.41222
        longitude: 175.51528
        name: Waipawa
        names_en: ~
        names_es: ~
        population: 1899
        timezone: Pacific/Auckland
      - 
        alternate_names: 
          - Masterton
          - Мастертон
        ascii_name: Masterton
        geonamesid: 2206890
        latitude: -40.95972
        longitude: 175.6575
        name: Masterton
        names_en: ~
        names_es: ~
        population: 20698
        timezone: Pacific/Auckland
      - 
        alternate_names: ~
        ascii_name: "Upper Hutt"
        geonamesid: 6244895
        latitude: -41.13827
        longitude: 175.0502
        name: "Upper Hutt"
        names_en: ~
        names_es: ~
        population: 38400
        timezone: Pacific/Auckland
    geonamesid: 2179538
    name: Wellington
    names_en: 
      - Wellington
    names_es: 
      - Wellington
  - 
    abbr: MWT
    ascii_name: Manawatu-Wanganui
    cities: 
      - 
        alternate_names: 
          - Vanganui
          - Вангануи
        ascii_name: Wanganui
        geonamesid: 2179670
        latitude: -39.93333
        longitude: 175.05
        name: Wanganui
        names_en: ~
        names_es: ~
        population: 40268
        timezone: Pacific/Auckland
      - 
        alternate_names: 
          - "Palmerston North"
          - "Palmerston North City"
          - Palmerston-Nort
          - "Te Papa-i-oea"
        ascii_name: "Palmerston North"
        geonamesid: 2185018
        latitude: -40.35
        longitude: 175.61667
        name: "Palmerston North"
        names_en: 
          - "Palmerston North"
        names_es: 
          - "Palmerston North"
        population: 75996
        timezone: Pacific/Auckland
    geonamesid: 2179671
    name: Manawatu-Wanganui
    names_en: ~
    names_es: ~
  - 
    abbr: WKO
    ascii_name: Waikato
    cities: 
      - 
        alternate_names: 
          - "Waiuku Town District"
        ascii_name: Waiuku
        geonamesid: 2179756
        latitude: -37.25
        longitude: 174.75
        name: Waiuku
        names_en: ~
        names_es: ~
        population: 7555
        timezone: Pacific/Auckland
      - 
        alternate_names: 
          - Kauwhata
          - "Te Kaiwhata"
          - "Te Kauwhata Town District"
        ascii_name: "Te Kauwhata"
        geonamesid: 2181511
        latitude: -37.4
        longitude: 175.15
        name: "Te Kauwhata"
        names_en: ~
        names_es: ~
        population: 1174
        timezone: Pacific/Auckland
      - 
        alternate_names: 
          - Taupo
          - "Taupo Town District"
          - Taupo-nui-a-Tia
          - Taupō-nui-a-Tia
        ascii_name: Taupo
        geonamesid: 2181742
        latitude: -38.68333
        longitude: 176.08333
        name: Taupo
        names_en: 
          - Taupo
        names_es: ~
        population: 22469
        timezone: Pacific/Auckland
      - 
        alternate_names: ~
        ascii_name: Raglan
        geonamesid: 2183854
        latitude: -37.8
        longitude: 174.88333
        name: Raglan
        names_en: ~
        names_es: ~
        population: 2863
        timezone: Pacific/Auckland
      - 
        alternate_names: ~
        ascii_name: Ngatea
        geonamesid: 2186152
        latitude: -37.28333
        longitude: 175.5
        name: Ngatea
        names_en: ~
        names_es: ~
        population: 1151
        timezone: Pacific/Auckland
      - 
        alternate_names: 
          - Gamil'ton
          - Hamilton
          - "Hamilton City"
          - Khamilt"n
        ascii_name: Hamilton
        geonamesid: 2190324
        latitude: -37.78333
        longitude: 175.28333
        name: Hamilton
        names_en: 
          - Hamilton
        names_es: 
          - Hamilton
        population: 152641
        timezone: Pacific/Auckland
      - 
        alternate_names: ~
        ascii_name: Cambridge
        geonamesid: 6240770
        latitude: -37.87822
        longitude: 175.4402
        name: Cambridge
        names_en: ~
        names_es: ~
        population: 15192
        timezone: Pacific/Auckland
    geonamesid: 2180293
    name: Waikato
    names_en: ~
    names_es: ~
  - 
    ascii_name: Tasman
    cities: 
      - 
        alternate_names: 
          - "Richmond Borough"
        ascii_name: Richmond
        geonamesid: 2183472
        latitude: -41.33333
        longitude: 173.18333
        name: Richmond
        names_en: ~
        names_es: ~
        population: 14000
        timezone: Pacific/Auckland
    geonamesid: 2181818
    name: Tasman
    names_en: ~
    names_es: ~
  - 
    abbr: TKI
    ascii_name: Taranaki
    cities: 
      - 
        alternate_names: 
          - "Aberplymm Nowydh"
          - N'ju-Plimut
          - "New Plymouth"
          - "New Plymouth City"
        ascii_name: "New Plymouth"
        geonamesid: 2186239
        latitude: -39.06667
        longitude: 174.08333
        name: "New Plymouth"
        names_en: 
          - "New Plymouth"
        names_es: 
          - "Nueva Plymouth"
        population: 49168
        timezone: Pacific/Auckland
      - 
        alternate_names: ~
        ascii_name: Eltham
        geonamesid: 2206358
        latitude: -39.42917
        longitude: 174.3
        name: Eltham
        names_en: ~
        names_es: ~
        population: 2235
        timezone: Pacific/Auckland
      - 
        alternate_names: ~
        ascii_name: Hawera
        geonamesid: 2206359
        latitude: -39.59167
        longitude: 174.28333
        name: Hawera
        names_en: ~
        names_es: ~
        population: 11068
        timezone: Pacific/Auckland
      - 
        alternate_names: ~
        ascii_name: Patea
        geonamesid: 2206361
        latitude: -39.75833
        longitude: 174.48333
        name: Patea
        names_en: ~
        names_es: ~
        population: 1286
        timezone: Pacific/Auckland
    geonamesid: 2181872
    name: Taranaki
    names_en: ~
    names_es: ~
  - 
    abbr: STL
    ascii_name: Southland
    cities: 
      - 
        alternate_names: ~
        ascii_name: "Te Anau"
        geonamesid: 2181625
        latitude: -45.41667
        longitude: 167.71667
        name: "Te Anau"
        names_en: ~
        names_es: ~
        population: 2074
        timezone: Pacific/Auckland
      - 
        alternate_names: 
          - Invercargill
          - Inverkargill
          - Waihopai
          - Инверкаргилл
        ascii_name: Invercargill
        geonamesid: 2189529
        latitude: -46.4
        longitude: 168.35
        name: Invercargill
        names_en: 
          - Invercargill
        names_es: 
          - Invercargill
        population: 47287
        timezone: Pacific/Auckland
      - 
        alternate_names: ~
        ascii_name: Gore
        geonamesid: 6201424
        latitude: -46.10282
        longitude: 168.94357
        name: Gore
        names_en: ~
        names_es: ~
        population: 12108
        timezone: Pacific/Auckland
    geonamesid: 2182501
    name: Southland
    names_en: ~
    names_es: ~
  - 
    abbr: BOP
    ascii_name: "Bay of Plenty"
    cities: 
      - 
        alternate_names: 
          - Tauranga
          - Tauranga-moana
          - tauranga
          - Тауранга
        ascii_name: Tauranga
        geonamesid: 2208032
        latitude: -37.68611
        longitude: 176.16667
        name: Tauranga
        names_en: 
          - Tauranga
        names_es: 
          - Tauranga
        population: 110338
        timezone: Pacific/Auckland
      - 
        alternate_names: 
          - Rotorua
          - Rotorua-nui-a-Kahu
          - "luo tuo lu ya"
          - Роторуа
        ascii_name: Rotorua
        geonamesid: 6241325
        latitude: -38.13874
        longitude: 176.24516
        name: Rotorua
        names_en: 
          - Rotorua
        names_es: 
          - Rotorua
        population: 65901
        timezone: Pacific/Auckland
    geonamesid: 2182560
    name: "Bay of Plenty"
    names_en: ~
    names_es: ~
  - 
    abbr: NTL
    ascii_name: Northland
    cities: 
      - 
        alternate_names: ~
        ascii_name: Paihia
        geonamesid: 2185081
        latitude: -35.2822
        longitude: 174.09116
        name: Paihia
        names_en: ~
        names_es: ~
        population: 1944
        timezone: Pacific/Auckland
      - 
        alternate_names: 
          - Vangarei
          - Whangarei
          - Вангареи
        ascii_name: Whangarei
        geonamesid: 6230919
        latitude: -35.73167
        longitude: 174.32391
        name: Whangarei
        names_en: 
          - Whangarei
        names_es: 
          - Whangarei
        population: 50900
        timezone: Pacific/Auckland
    geonamesid: 2185978
    name: Northland
    names_en: ~
    names_es: ~
  - 
    ascii_name: Marlborough
    cities: 
      - 
        alternate_names: 
          - Picton
          - Pikton
          - Пиктон
        ascii_name: Picton
        geonamesid: 6243776
        latitude: -41.28827
        longitude: 174.01018
        name: Picton
        names_en: 
          - Picton
        names_es: ~
        population: 3000
        timezone: Pacific/Auckland
      - 
        alternate_names: 
          - Blenkhejm
          - Waiharakeke
          - Бленхейм
        ascii_name: Blenheim
        geonamesid: 6243926
        latitude: -41.51603
        longitude: 173.9528
        name: Blenheim
        names_en: ~
        names_es: ~
        population: 26550
        timezone: Pacific/Auckland
    geonamesid: 2187304
    name: Marlborough
    names_en: ~
    names_es: ~
  - 
    abbr: HKB
    ascii_name: "Hawke's Bay"
    cities: 
      - 
        alternate_names: 
          - "Napier City"
          - Nejpir
          - Нейпир
        ascii_name: Napier
        geonamesid: 2186313
        latitude: -39.48333
        longitude: 176.91667
        name: Napier
        names_en: ~
        names_es: ~
        population: 56787
        timezone: Pacific/Auckland
      - 
        alternate_names: 
          - Khejstings
          - Хейстингс
        ascii_name: Hastings
        geonamesid: 2190224
        latitude: -39.6381
        longitude: 176.84918
        name: Hastings
        names_en: ~
        names_es: ~
        population: 61696
        timezone: Pacific/Auckland
    geonamesid: 2190146
    name: "Hawke's Bay"
    names_en: ~
    names_es: ~
  - 
    ascii_name: Gisborne
    cities: 
      - 
        alternate_names: 
          - "East Cape"
          - Gisborn
          - Gisborne
          - Turanga-nui-a-Kiwa
        ascii_name: Gisborne
        geonamesid: 2206854
        latitude: -38.65333
        longitude: 178.00417
        name: Gisborne
        names_en: 
          - Gisborne
        names_es: ~
        population: 34274
        timezone: Pacific/Auckland
    geonamesid: 2190767
    name: Gisborne
    names_en: ~
    names_es: ~
  - 
    abbr: CAN
    ascii_name: Canterbury
    cities: 
      - 
        alternate_names: 
          - "Te Tihi-o-Maru"
          - Timaru
          - "Timaru City"
          - Timaru-Distrikt
        ascii_name: Timaru
        geonamesid: 2181133
        latitude: -44.4
        longitude: 171.25
        name: Timaru
        names_en: 
          - Timaru
        names_es: ~
        population: 28007
        timezone: Pacific/Auckland
      - 
        alternate_names: 
          - Christchurch
          - Krajstchjorch
          - Otautahi
          - "ji du cheng"
        ascii_name: Christchurch
        geonamesid: 2192362
        latitude: -43.53333
        longitude: 172.63333
        name: Christchurch
        names_en: 
          - Christchurch
        names_es: 
          - Christchurch
        population: 363926
        timezone: Pacific/Auckland
      - 
        alternate_names: ~
        ascii_name: Kaiapoi
        geonamesid: 6220587
        latitude: -43.37832
        longitude: 172.64013
        name: Kaiapoi
        names_en: ~
        names_es: ~
        population: 10200
        timezone: Pacific/Auckland
    geonamesid: 2192628
    name: Canterbury
    names_en: ~
    names_es: ~
  - 
    abbr: AUK
    ascii_name: Auckland
    cities: 
      - 
        alternate_names: 
          - Manukau
        ascii_name: "Manukau City"
        geonamesid: 2187404
        latitude: -36.99282
        longitude: 174.87986
        name: "Manukau City"
        names_en: 
          - Manukau
        names_es: ~
        population: 362000
        timezone: Pacific/Auckland
      - 
        alternate_names: ~
        ascii_name: Mangere
        geonamesid: 2187454
        latitude: -36.96807
        longitude: 174.79875
        name: Mangere
        names_en: ~
        names_es: ~
        population: 55266
        timezone: Pacific/Auckland
      - 
        alternate_names: 
          - Oklend
          - Окленд
        ascii_name: Auckland
        geonamesid: 2193733
        latitude: -36.86667
        longitude: 174.76667
        name: Auckland
        names_en: ~
        names_es: ~
        population: 417910
        timezone: Pacific/Auckland
      - 
        alternate_names: ~
        ascii_name: Papakura
        geonamesid: 2208329
        latitude: -37.06572
        longitude: 174.94393
        name: Papakura
        names_en: ~
        names_es: ~
        population: 28010
        timezone: Pacific/Auckland
      - 
        alternate_names: ~
        ascii_name: Takanini
        geonamesid: 6231568
        latitude: -37.0482
        longitude: 174.90019
        name: Takanini
        names_en: ~
        names_es: ~
        population: 10870
        timezone: Pacific/Auckland
      - 
        alternate_names: ~
        ascii_name: Pakuranga
        geonamesid: 6232082
        latitude: -36.88333
        longitude: 174.91667
        name: Pakuranga
        names_en: ~
        names_es: ~
        population: 8907
        timezone: Pacific/Auckland
      - 
        alternate_names: ~
        ascii_name: Matamata
        geonamesid: 6235764
        latitude: -37.8106
        longitude: 175.76237
        name: Matamata
        names_en: ~
        names_es: ~
        population: 6306
        timezone: Pacific/Auckland
      - 
        alternate_names: ~
        ascii_name: Ngaruawahia
        geonamesid: 6247826
        latitude: -37.66738
        longitude: 175.15554
        name: Ngaruawahia
        names_en: ~
        names_es: ~
        population: 5106
        timezone: Pacific/Auckland
      - 
        alternate_names: ~
        ascii_name: Waitakere
        geonamesid: 7302484
        latitude: -36.91754
        longitude: 174.65773
        name: Waitakere
        names_en: ~
        names_es: ~
        population: 204500
        timezone: Pacific/Auckland
    geonamesid: 2193734
    name: Auckland
    names_en: 
      - Auckland
    names_es: 
      - Auckland
  - 
    ascii_name: "Chatham Islands"
    cities: 
      - 
        alternate_names: ~
        ascii_name: Waitangi
        geonamesid: 4032804
        latitude: -43.95
        longitude: -176.53333
        name: Waitangi
        names_en: ~
        names_es: ~
        population: 6288
        timezone: Pacific/Chatham
    geonamesid: 4033013
    name: "Chatham Islands"
    names_en: 
      - "Chatham Islands"
    names_es: ~
  - 
    ascii_name: Nelson
    cities: 
      - 
        alternate_names: 
          - Nel'son
          - "Nelson City"
          - Whakatu
          - Нельсон
        ascii_name: Nelson
        geonamesid: 2186280
        latitude: -41.28333
        longitude: 173.28333
        name: Nelson
        names_en: ~
        names_es: ~
        population: 59200
        timezone: Pacific/Auckland
    geonamesid: 6612108
    name: Nelson
    names_en: ~
    names_es: ~
  - 
    abbr: OTA
    ascii_name: Otago
    cities: 
      - 
        alternate_names: 
          - Pembroke
          - Wanaka
        ascii_name: Wanaka
        geonamesid: 2184707
        latitude: -44.7
        longitude: 169.15
        name: Wanaka
        names_en: 
          - Pembroke
          - Wanaka
        names_es: ~
        population: 4428
        timezone: Pacific/Auckland
      - 
        alternate_names: 
          - Dunedin
          - Dunidin
          - Otepoti
          - Taieri
        ascii_name: Dunedin
        geonamesid: 2191562
        latitude: -45.87416
        longitude: 170.50361
        name: Dunedin
        names_en: 
          - Dunedin
        names_es: 
          - Dunedin
        population: 114347
        timezone: Pacific/Auckland
      - 
        alternate_names: 
          - Kvinstaun
          - Queenstown
          - "huang hou zhen"
          - kuinzutaun
        ascii_name: Queenstown
        geonamesid: 6204696
        latitude: -45.03023
        longitude: 168.66271
        name: Queenstown
        names_en: 
          - Queenstown
        names_es: ~
        population: 10442
        timezone: Pacific/Auckland
      - 
        alternate_names: 
          - Ehrroutaun
          - Эрроутаун
        ascii_name: Arrowtown
        geonamesid: 6206253
        latitude: -44.93837
        longitude: 168.81007
        name: Arrowtown
        names_en: ~
        names_es: ~
        population: 2151
        timezone: Pacific/Auckland
      - 
        alternate_names: ~
        ascii_name: Oamaru
        geonamesid: 6215045
        latitude: -45.07836
        longitude: 170.98009
        name: Oamaru
        names_en: ~
        names_es: ~
        population: 13000
        timezone: Pacific/Auckland
    geonamesid: 6612109
    name: Otago
    names_en: ~
    names_es: ~
  - 
    abbr: WTC
    ascii_name: "West Coast"
    cities: 
      - 
        alternate_names: ~
        ascii_name: Greymouth
        geonamesid: 2206895
        latitude: -42.46667
        longitude: 171.2
        name: Greymouth
        names_en: ~
        names_es: ~
        population: 9419
        timezone: Pacific/Auckland
    geonamesid: 6612113
    name: "West Coast"
    names_en: ~
    names_es: ~
