--- 
geonamesid: 3703430
iso: PA
name: Panama
names_en: 
  - Panama
  - "Republic of Panama"
names_es: 
  - Panamá
  - "República de Panamá"
regions: 
  - 
    ascii_name: "Provincia de Veraguas"
    cities: 
      - 
        alternate_names: ~
        ascii_name: Sona
        geonamesid: 3700888
        latitude: 8.01667
        longitude: -81.31667
        name: Soná
        names_en: ~
        names_es: ~
        population: 7400
        timezone: America/Panama
      - 
        alternate_names: ~
        ascii_name: "Santiago de Veraguas"
        geonamesid: 3701117
        latitude: 8.1
        longitude: -80.98333
        name: "Santiago de Veraguas"
        names_en: ~
        names_es: ~
        population: 45355
        timezone: America/Panama
      - 
        alternate_names: ~
        ascii_name: "San Francisco"
        geonamesid: 3701484
        latitude: 8.06667
        longitude: -81.36667
        name: "San Francisco"
        names_en: ~
        names_es: ~
        population: 1898
        timezone: America/Panama
      - 
        alternate_names: ~
        ascii_name: "Rio de Jesus"
        geonamesid: 3701882
        latitude: 7.98444
        longitude: -81.16306
        name: "Río de Jesús"
        names_en: ~
        names_es: ~
        population: 1180
        timezone: America/Panama
      - 
        alternate_names: ~
        ascii_name: Montijo
        geonamesid: 3704123
        latitude: 7.99222
        longitude: -81.05444
        name: Montijo
        names_en: ~
        names_es: ~
        population: 1873
        timezone: America/Panama
      - 
        alternate_names: 
          - Boquerones
          - "Los Boquerones"
        ascii_name: "Los Boquerones"
        geonamesid: 3705493
        latitude: 8.08333
        longitude: -80.85
        name: "Los Boquerones"
        names_en: ~
        names_es: ~
        population: 1038
        timezone: America/Panama
      - 
        alternate_names: ~
        ascii_name: "Los Algarrobos"
        geonamesid: 3705563
        latitude: 8.11667
        longitude: -81.01667
        name: "Los Algarrobos"
        names_en: ~
        names_es: ~
        population: 1611
        timezone: America/Panama
      - 
        alternate_names: ~
        ascii_name: "Las Palmas"
        geonamesid: 3706292
        latitude: 8.13333
        longitude: -81.45
        name: "Las Palmas"
        names_en: ~
        names_es: ~
        population: 1489
        timezone: America/Panama
      - 
        alternate_names: ~
        ascii_name: "La Pena"
        geonamesid: 3706974
        latitude: 8.13333
        longitude: -81.03333
        name: "La Peña"
        names_en: ~
        names_es: ~
        population: 2274
        timezone: America/Panama
      - 
        alternate_names: 
          - "La Mesa"
          - "Las Mesa"
        ascii_name: "La Mesa"
        geonamesid: 3707227
        latitude: 8.15
        longitude: -81.18333
        name: "La Mesa"
        names_en: ~
        names_es: ~
        population: 2228
        timezone: America/Panama
      - 
        alternate_names: ~
        ascii_name: "La Colorada"
        geonamesid: 3707921
        latitude: 8.01667
        longitude: -80.98333
        name: "La Colorada"
        names_en: ~
        names_es: ~
        population: 1246
        timezone: America/Panama
      - 
        alternate_names: 
          - "El Espino"
          - "El Espino de Santa Rosa"
          - Espino
        ascii_name: "El Espino de Santa Rosa"
        geonamesid: 3710864
        latitude: 8.1
        longitude: -80.81667
        name: "El Espino de Santa Rosa"
        names_en: ~
        names_es: ~
        population: 1048
        timezone: America/Panama
      - 
        alternate_names: ~
        ascii_name: Canazas
        geonamesid: 3713196
        latitude: 8.31667
        longitude: -81.21667
        name: Cañazas
        names_en: ~
        names_es: ~
        population: 2963
        timezone: America/Panama
      - 
        alternate_names: ~
        ascii_name: Atalaya
        geonamesid: 3714598
        latitude: 8.05
        longitude: -80.93333
        name: Atalaya
        names_en: ~
        names_es: ~
        population: 2856
        timezone: America/Panama
    geonamesid: 3700159
    name: Veraguas
    names_en: ~
    names_es: ~
  - 
    ascii_name: "Kuna Yala"
    cities: 
      - 
        alternate_names: 
          - Concepcion
          - Concepción
          - Ustupo
          - "Ustupo Ogobsucun"
        ascii_name: Ustupo
        geonamesid: 3700269
        latitude: 9.13333
        longitude: -77.93333
        name: Ustupo
        names_en: ~
        names_es: ~
        population: 2514
        timezone: America/Panama
      - 
        alternate_names: 
          - Tubuala
          - "Tubuala Numero Dos"
          - Tubualá
          - "Tubualá Número Dos"
        ascii_name: Tubuala
        geonamesid: 3700393
        latitude: 9.51667
        longitude: -79.03333
        name: Tubualá
        names_en: ~
        names_es: ~
        population: 1061
        timezone: America/Panama
      - 
        alternate_names: ~
        ascii_name: "San Ignacio de Tupile"
        geonamesid: 3701466
        latitude: 9.28333
        longitude: -78.15
        name: "San Ignacio de Tupile"
        names_en: ~
        names_es: ~
        population: 1429
        timezone: America/Panama
      - 
        alternate_names: ~
        ascii_name: "Playon Chico"
        geonamesid: 3702647
        latitude: 9.3
        longitude: -78.23333
        name: "Playón Chico"
        names_en: ~
        names_es: ~
        population: 2042
        timezone: America/Panama
      - 
        alternate_names: 
          - Nargana
          - Narganá
          - "Rio Diablo"
          - "Rio Diablo Village"
        ascii_name: Nargana
        geonamesid: 3703946
        latitude: 9.44278
        longitude: -78.59056
        name: Narganá
        names_en: ~
        names_es: ~
        population: 1090
        timezone: America/Panama
      - 
        alternate_names: 
          - Gallinazo
          - "Isla Gallinazo"
          - Mulatupo
          - "Mulatupo Sasardi"
        ascii_name: "Mulatupo Sasardi"
        geonamesid: 3704029
        latitude: 8.94921
        longitude: -77.76518
        name: "Mulatupo Sasardí"
        names_en: ~
        names_es: ~
        population: 1303
        timezone: America/Panama
      - 
        alternate_names: 
          - "El Porvenir"
        ascii_name: "El Porvenir"
        geonamesid: 3710114
        latitude: 9.56528
        longitude: -78.95333
        name: "El Porvenir"
        names_en: ~
        names_es: ~
        population: 10
        timezone: America/Panama
      - 
        alternate_names: 
          - "Carti Suitupo"
          - "Carti Sutupo"
          - "Cartí Suitupo"
          - "Cartí Sutupo"
        ascii_name: "Carti Suitupo"
        geonamesid: 3712951
        latitude: 9.47417
        longitude: -78.96667
        name: "Cartí Suitupo"
        names_en: ~
        names_es: ~
        population: 1050
        timezone: America/Panama
      - 
        alternate_names: 
          - Ailigandi
          - Ailigandí
          - Ailingandi
          - Ailingandí
        ascii_name: Ailigandi
        geonamesid: 3714956
        latitude: 9.23333
        longitude: -78.01667
        name: Ailigandí
        names_en: ~
        names_es: ~
        population: 1652
        timezone: America/Panama
      - 
        alternate_names: 
          - Achutupo
          - "Achutupo Numero 2"
          - "Achutupo Numero Dos"
          - "Achutupo Número 2"
        ascii_name: "Achutupo Numero Dos"
        geonamesid: 3715156
        latitude: 9.2
        longitude: -77.98333
        name: "Achutupo Número Dos"
        names_en: ~
        names_es: ~
        population: 1753
        timezone: America/Panama
    geonamesid: 3701537
    name: "Kuna Yala"
    names_en: ~
    names_es: ~
  - 
    ascii_name: "Provincia de Panama"
    cities: 
      - 
        alternate_names: ~
        ascii_name: "Vista Alegre"
        geonamesid: 3700038
        latitude: 8.93333
        longitude: -79.7
        name: "Vista Alegre"
        names_en: ~
        names_es: ~
        population: 41786
        timezone: America/Panama
      - 
        alternate_names: ~
        ascii_name: "Villa Rosario"
        geonamesid: 3700070
        latitude: 8.78333
        longitude: -79.86667
        name: "Villa Rosario"
        names_en: ~
        names_es: ~
        population: 2947
        timezone: America/Panama
      - 
        alternate_names: ~
        ascii_name: "Villa Carmen"
        geonamesid: 3700080
        latitude: 8.8
        longitude: -79.86667
        name: "Villa Carmen"
        names_en: ~
        names_es: ~
        population: 1256
        timezone: America/Panama
      - 
        alternate_names: 
          - Camaron
          - Camarón
          - Cameron
          - Camerón
        ascii_name: Veracruz
        geonamesid: 3700164
        latitude: 8.88333
        longitude: -79.63333
        name: Veracruz
        names_en: ~
        names_es: ~
        population: 16172
        timezone: America/Panama
      - 
        alternate_names: 
          - Tocumen
          - Tokumen
          - Токумен
        ascii_name: Tocumen
        geonamesid: 3700563
        latitude: 9.08333
        longitude: -79.38333
        name: Tocumen
        names_en: ~
        names_es: ~
        population: 88543
        timezone: America/Panama
      - 
        alternate_names: ~
        ascii_name: "San Vicente de Bique"
        geonamesid: 3701088
        latitude: 8.91667
        longitude: -79.68333
        name: "San Vicente de Bique"
        names_en: ~
        names_es: ~
        population: 1784
        timezone: America/Panama
      - 
        alternate_names: ~
        ascii_name: "Santa Clara"
        geonamesid: 3701239
        latitude: 9.03528
        longitude: -79.75222
        name: "Santa Clara"
        names_en: ~
        names_es: ~
        population: 1410
        timezone: America/Panama
      - 
        alternate_names: 
          - "San Miguel"
          - "San Miguelito"
        ascii_name: "San Miguelito"
        geonamesid: 3701329
        latitude: 9.03333
        longitude: -79.5
        name: "San Miguelito"
        names_en: ~
        names_es: ~
        population: 321501
        timezone: America/Panama
      - 
        alternate_names: 
          - "Chorrera Landing"
          - "Port of La Chorrera"
          - "Puerto Caimito"
          - "Puerto Chorrera"
        ascii_name: "Puerto Caimito"
        geonamesid: 3702427
        latitude: 8.86667
        longitude: -79.71667
        name: "Puerto Caimito"
        names_en: ~
        names_es: ~
        population: 1674
        timezone: America/Panama
      - 
        alternate_names: ~
        ascii_name: "Potrero Grande"
        geonamesid: 3702538
        latitude: 8.88444
        longitude: -79.82944
        name: "Potrero Grande"
        names_en: ~
        names_es: ~
        population: 4044
        timezone: America/Panama
      - 
        alternate_names: ~
        ascii_name: "Paso Blanco"
        geonamesid: 3703327
        latitude: 9.13333
        longitude: -79.23333
        name: "Paso Blanco"
        names_en: ~
        names_es: ~
        population: 2735
        timezone: America/Panama
      - 
        alternate_names: ~
        ascii_name: Paraiso
        geonamesid: 3703373
        latitude: 9.03333
        longitude: -79.63333
        name: Paraíso
        names_en: ~
        names_es: ~
        population: 1177
        timezone: America/Panama
      - 
        alternate_names: 
          - "Ciudad de Panama"
          - "Ciudad de Panamá"
          - "Ciutat de Panama"
          - "Ciutat de Panamà"
        ascii_name: Panama
        geonamesid: 3703443
        latitude: 8.9936
        longitude: -79.51973
        name: Panamá
        names_en: 
          - "Panama City"
        names_es: 
          - "Ciudad de Panamá"
        population: 408168
        timezone: America/Panama
      - 
        alternate_names: ~
        ascii_name: Pacora
        geonamesid: 3703647
        latitude: 9.08333
        longitude: -79.28333
        name: Pacora
        names_en: ~
        names_es: ~
        population: 55530
        timezone: America/Panama
      - 
        alternate_names: 
          - "Nuevo Emperador"
          - Paja
        ascii_name: "Nuevo Emperador"
        geonamesid: 3703828
        latitude: 8.99889
        longitude: -79.72722
        name: "Nuevo Emperador"
        names_en: ~
        names_es: ~
        population: 1723
        timezone: America/Panama
      - 
        alternate_names: ~
        ascii_name: "Nuevo Arraijan"
        geonamesid: 3703833
        latitude: 8.91667
        longitude: -79.71667
        name: "Nuevo Arraiján"
        names_en: ~
        names_es: ~
        population: 23594
        timezone: America/Panama
      - 
        alternate_names: 
          - Gorgona
          - "Nueva Gorgona"
        ascii_name: "Nueva Gorgona"
        geonamesid: 3703839
        latitude: 8.55
        longitude: -79.86667
        name: "Nueva Gorgona"
        names_en: ~
        names_es: ~
        population: 1517
        timezone: America/Panama
      - 
        alternate_names: ~
        ascii_name: "Los Lotes"
        geonamesid: 3705229
        latitude: 9.13333
        longitude: -79.3
        name: "Los Lotes"
        names_en: ~
        names_es: ~
        population: 1319
        timezone: America/Panama
      - 
        alternate_names: ~
        ascii_name: Lidice
        geonamesid: 3705894
        latitude: 8.75
        longitude: -79.9
        name: Lídice
        names_en: ~
        names_es: ~
        population: 4059
        timezone: America/Panama
      - 
        alternate_names: ~
        ascii_name: "Las Cumbres"
        geonamesid: 3706567
        latitude: 9.08333
        longitude: -79.53333
        name: "Las Cumbres"
        names_en: ~
        names_es: ~
        population: 69102
        timezone: America/Panama
      - 
        alternate_names: ~
        ascii_name: "Las Colinas"
        geonamesid: 3706590
        latitude: 8.55
        longitude: -80.08333
        name: "Las Colinas"
        names_en: ~
        names_es: ~
        population: 1447
        timezone: America/Panama
      - 
        alternate_names: ~
        ascii_name: "La Mitra"
        geonamesid: 3707150
        latitude: 8.84222
        longitude: -79.78667
        name: "La Mitra"
        names_en: ~
        names_es: ~
        population: 4778
        timezone: America/Panama
      - 
        alternate_names: ~
        ascii_name: "La Mesa"
        geonamesid: 3707220
        latitude: 9.18333
        longitude: -79.26667
        name: "La Mesa"
        names_en: ~
        names_es: ~
        population: 1127
        timezone: America/Panama
      - 
        alternate_names: ~
        ascii_name: "La Herradura"
        geonamesid: 3707568
        latitude: 8.85222
        longitude: -79.80722
        name: "La Herradura"
        names_en: ~
        names_es: ~
        population: 3347
        timezone: America/Panama
      - 
        alternate_names: 
          - Chorrera
          - "La Chorrera"
        ascii_name: "La Chorrera"
        geonamesid: 3707961
        latitude: 8.88028
        longitude: -79.78333
        name: "La Chorrera"
        names_en: ~
        names_es: ~
        population: 61232
        timezone: America/Panama
      - 
        alternate_names: 
          - "La Cabima"
          - "La Cabina"
        ascii_name: "La Cabima"
        geonamesid: 3708066
        latitude: 9.13333
        longitude: -79.53333
        name: "La Cabima"
        names_en: ~
        names_es: ~
        population: 17544
        timezone: America/Panama
      - 
        alternate_names: 
          - Guadalupe
          - "La Laguna"
        ascii_name: Guadalupe
        geonamesid: 3708954
        latitude: 8.85583
        longitude: -79.81333
        name: Guadalupe
        names_en: ~
        names_es: ~
        population: 8408
        timezone: America/Panama
      - 
        alternate_names: ~
        ascii_name: "El Progreso"
        geonamesid: 3710087
        latitude: 9.26667
        longitude: -79.11667
        name: "El Progreso"
        names_en: ~
        names_es: ~
        population: 4292
        timezone: America/Panama
      - 
        alternate_names: ~
        ascii_name: "El Espino"
        geonamesid: 3710875
        latitude: 8.83944
        longitude: -79.85
        name: "El Espino"
        names_en: ~
        names_es: ~
        population: 1717
        timezone: America/Panama
      - 
        alternate_names: 
          - Coco
          - "El Coco"
        ascii_name: "El Coco"
        geonamesid: 3711056
        latitude: 8.87028
        longitude: -79.815
        name: "El Coco"
        names_en: ~
        names_es: ~
        population: 12124
        timezone: America/Panama
      - 
        alternate_names: ~
        ascii_name: Chilibre
        geonamesid: 3712455
        latitude: 9.15
        longitude: -79.61667
        name: Chilibre
        names_en: ~
        names_es: ~
        population: 33536
        timezone: America/Panama
      - 
        alternate_names: ~
        ascii_name: Chepo
        geonamesid: 3712505
        latitude: 9.16667
        longitude: -79.1
        name: Chepo
        names_en: ~
        names_es: ~
        population: 15335
        timezone: America/Panama
      - 
        alternate_names: ~
        ascii_name: Chame
        geonamesid: 3712579
        latitude: 8.58333
        longitude: -79.88333
        name: Chame
        names_en: ~
        names_es: ~
        population: 2313
        timezone: America/Panama
      - 
        alternate_names: ~
        ascii_name: "Cerro Cama"
        geonamesid: 3712765
        latitude: 9.03
        longitude: -79.905
        name: "Cerro Cama"
        names_en: ~
        names_es: ~
        population: 1274
        timezone: America/Panama
      - 
        alternate_names: ~
        ascii_name: "Cerro Azul"
        geonamesid: 3712786
        latitude: 9.16667
        longitude: -79.41667
        name: "Cerro Azul"
        names_en: ~
        names_es: ~
        population: 1287
        timezone: America/Panama
      - 
        alternate_names: ~
        ascii_name: Capira
        geonamesid: 3713047
        latitude: 8.75
        longitude: -79.88333
        name: Capira
        names_en: ~
        names_es: ~
        population: 3376
        timezone: America/Panama
      - 
        alternate_names: 
          - Canita
          - Cañita
          - Tumaganti
          - Tumagantí
        ascii_name: Canita
        geonamesid: 3713131
        latitude: 9.20972
        longitude: -78.88111
        name: Cañita
        names_en: ~
        names_es: ~
        population: 1258
        timezone: America/Panama
      - 
        alternate_names: 
          - "Calzada Larga"
          - "Casa Larga"
        ascii_name: "Calzada Larga"
        geonamesid: 3713381
        latitude: 9.16667
        longitude: -79.56667
        name: "Calzada Larga"
        names_en: ~
        names_es: ~
        population: 1427
        timezone: America/Panama
      - 
        alternate_names: ~
        ascii_name: Caimitillo
        geonamesid: 3713499
        latitude: 9.15
        longitude: -79.53333
        name: Caimitillo
        names_en: ~
        names_es: ~
        population: 1101
        timezone: America/Panama
      - 
        alternate_names: ~
        ascii_name: Cabra
        geonamesid: 3713588
        latitude: 9.11667
        longitude: -79.31667
        name: Cabra
        names_en: ~
        names_es: ~
        population: 1415
        timezone: America/Panama
      - 
        alternate_names: ~
        ascii_name: Bejuco
        geonamesid: 3714201
        latitude: 8.6
        longitude: -79.88333
        name: Bejuco
        names_en: ~
        names_es: ~
        population: 3420
        timezone: America/Panama
      - 
        alternate_names: ~
        ascii_name: Arraijan
        geonamesid: 3714637
        latitude: 8.95
        longitude: -79.65
        name: Arraiján
        names_en: ~
        names_es: ~
        population: 76815
        timezone: America/Panama
      - 
        alternate_names: ~
        ascii_name: Ancon
        geonamesid: 3714734
        latitude: 8.96667
        longitude: -79.55
        name: Ancón
        names_en: ~
        names_es: ~
        population: 9169
        timezone: America/Panama
      - 
        alternate_names: ~
        ascii_name: "Alto del Espino"
        geonamesid: 3714830
        latitude: 8.83333
        longitude: -79.85
        name: "Alto del Espino"
        names_en: ~
        names_es: ~
        population: 3672
        timezone: America/Panama
      - 
        alternate_names: 
          - Alcaldediaz
          - Alcaldedíaz
          - Penoncito
          - Peñoncito
        ascii_name: Alcaldediaz
        geonamesid: 3714932
        latitude: 9.11667
        longitude: -79.55
        name: Alcaldedíaz
        names_en: ~
        names_es: ~
        population: 19782
        timezone: America/Panama
    geonamesid: 3703433
    name: Panamá
    names_en: ~
    names_es: ~
  - 
    ascii_name: "Provincia de Los Santos"
    cities: 
      - 
        alternate_names: ~
        ascii_name: Tonosi
        geonamesid: 3700538
        latitude: 7.4
        longitude: -80.45
        name: Tonosí
        names_en: ~
        names_es: ~
        population: 1643
        timezone: America/Panama
      - 
        alternate_names: ~
        ascii_name: "Santo Domingo"
        geonamesid: 3701103
        latitude: 7.75
        longitude: -80.25
        name: "Santo Domingo"
        names_en: ~
        names_es: ~
        population: 1876
        timezone: America/Panama
      - 
        alternate_names: ~
        ascii_name: Pedasi
        geonamesid: 3703239
        latitude: 7.53333
        longitude: -80.03333
        name: Pedasí
        names_en: ~
        names_es: ~
        population: 1558
        timezone: America/Panama
      - 
        alternate_names: ~
        ascii_name: Macaracas
        geonamesid: 3704874
        latitude: 7.73333
        longitude: -80.55
        name: Macaracas
        names_en: ~
        names_es: ~
        population: 2192
        timezone: America/Panama
      - 
        alternate_names: ~
        ascii_name: "Los Santos"
        geonamesid: 3704964
        latitude: 7.93333
        longitude: -80.41667
        name: "Los Santos"
        names_en: ~
        names_es: ~
        population: 5970
        timezone: America/Panama
      - 
        alternate_names: ~
        ascii_name: "Llano Largo"
        geonamesid: 3705710
        latitude: 7.9
        longitude: -80.43333
        name: "Llano Largo"
        names_en: ~
        names_es: ~
        population: 1077
        timezone: America/Panama
      - 
        alternate_names: ~
        ascii_name: "Llano de Piedra"
        geonamesid: 3705743
        latitude: 7.66667
        longitude: -80.56667
        name: "Llano de Piedra"
        names_en: ~
        names_es: ~
        population: 1105
        timezone: America/Panama
      - 
        alternate_names: ~
        ascii_name: "La Tiza"
        geonamesid: 3706091
        latitude: 7.75
        longitude: -80.28333
        name: "La Tiza"
        names_en: ~
        names_es: ~
        population: 1091
        timezone: America/Panama
      - 
        alternate_names: ~
        ascii_name: "Las Tablas"
        geonamesid: 3706208
        latitude: 7.76667
        longitude: -80.28333
        name: "Las Tablas"
        names_en: ~
        names_es: ~
        population: 8570
        timezone: America/Panama
      - 
        alternate_names: ~
        ascii_name: "La Palma"
        geonamesid: 3707063
        latitude: 7.71667
        longitude: -80.38333
        name: "La Palma"
        names_en: ~
        names_es: ~
        population: 1283
        timezone: America/Panama
      - 
        alternate_names: ~
        ascii_name: "La Espigadilla"
        geonamesid: 3707752
        latitude: 7.88333
        longitude: -80.38333
        name: "La Espigadilla"
        names_en: ~
        names_es: ~
        population: 1317
        timezone: America/Panama
      - 
        alternate_names: ~
        ascii_name: Guarare
        geonamesid: 3708911
        latitude: 7.81667
        longitude: -80.28333
        name: Guararé
        names_en: ~
        names_es: ~
        population: 2104
        timezone: America/Panama
      - 
        alternate_names: 
          - Ejido
          - "El Egido"
          - "El Ejido"
        ascii_name: "El Ejido"
        geonamesid: 3710923
        latitude: 7.91667
        longitude: -80.38333
        name: "El Ejido"
        names_en: ~
        names_es: ~
        population: 1120
        timezone: America/Panama
      - 
        alternate_names: ~
        ascii_name: "Bella Vista"
        geonamesid: 3714176
        latitude: 7.75
        longitude: -80.23333
        name: "Bella Vista"
        names_en: ~
        names_es: ~
        population: 1104
        timezone: America/Panama
      - 
        alternate_names: ~
        ascii_name: "Agua Buena"
        geonamesid: 3715111
        latitude: 7.81667
        longitude: -80.4
        name: "Agua Buena"
        names_en: ~
        names_es: ~
        population: 1069
        timezone: America/Panama
    geonamesid: 3704961
    name: "Los Santos"
    names_en: ~
    names_es: ~
  - 
    ascii_name: "Provincia de Herrera"
    cities: 
      - 
        alternate_names: ~
        ascii_name: "Santa Maria"
        geonamesid: 3701174
        latitude: 8.11667
        longitude: -80.66667
        name: "Santa María"
        names_en: ~
        names_es: ~
        population: 1739
        timezone: America/Panama
      - 
        alternate_names: ~
        ascii_name: Pese
        geonamesid: 3703011
        latitude: 7.9
        longitude: -80.61667
        name: Pesé
        names_en: ~
        names_es: ~
        population: 3141
        timezone: America/Panama
      - 
        alternate_names: ~
        ascii_name: Parita
        geonamesid: 3703354
        latitude: 8.0
        longitude: -80.51667
        name: Parita
        names_en: ~
        names_es: ~
        population: 2875
        timezone: America/Panama
      - 
        alternate_names: ~
        ascii_name: Ocu
        geonamesid: 3703786
        latitude: 7.95
        longitude: -80.78333
        name: Ocú
        names_en: ~
        names_es: ~
        population: 2986
        timezone: America/Panama
      - 
        alternate_names: ~
        ascii_name: "Las Minas"
        geonamesid: 3706347
        latitude: 7.8
        longitude: -80.75
        name: "Las Minas"
        names_en: ~
        names_es: ~
        population: 1076
        timezone: America/Panama
      - 
        alternate_names: ~
        ascii_name: "El Rincon"
        geonamesid: 3710040
        latitude: 8.11667
        longitude: -80.61667
        name: "El Rincón"
        names_en: ~
        names_es: ~
        population: 1364
        timezone: America/Panama
      - 
        alternate_names: 
          - Chitre
          - Chitré
        ascii_name: Chitre
        geonamesid: 3712384
        latitude: 7.96667
        longitude: -80.43333
        name: Chitré
        names_en: 
          - Chitré
        names_es: ~
        population: 43966
        timezone: America/Panama
      - 
        alternate_names: ~
        ascii_name: "Boca de Parita"
        geonamesid: 3714000
        latitude: 8.01667
        longitude: -80.45
        name: "Boca de Parita"
        names_en: ~
        names_es: ~
        population: 1047
        timezone: America/Panama
    geonamesid: 3708710
    name: Herrera
    names_en: ~
    names_es: ~
  - 
    ascii_name: "Provincia del Darien"
    cities: 
      - 
        alternate_names: 
          - Yavisa
          - Yaviza
        ascii_name: Yaviza
        geonamesid: 3699980
        latitude: 8.1537
        longitude: -77.69308
        name: Yaviza
        names_en: ~
        names_es: ~
        population: 1611
        timezone: America/Panama
      - 
        alternate_names: ~
        ascii_name: "Santa Fe"
        geonamesid: 3701195
        latitude: 8.65194
        longitude: -78.14917
        name: "Santa Fé"
        names_en: ~
        names_es: ~
        population: 1234
        timezone: America/Panama
      - 
        alternate_names: 
          - Meteti
          - Metety
          - Metetí
        ascii_name: Meteti
        geonamesid: 3704327
        latitude: 8.4983
        longitude: -77.9786
        name: Metetí
        names_en: ~
        names_es: ~
        population: 1347
        timezone: America/Panama
      - 
        alternate_names: ~
        ascii_name: "La Palma"
        geonamesid: 3707058
        latitude: 8.40278
        longitude: -78.14528
        name: "La Palma"
        names_en: ~
        names_es: ~
        population: 1845
        timezone: America/Panama
      - 
        alternate_names: 
          - Jague
          - Jagué
          - Jaque
          - Jaqué
        ascii_name: Jaque
        geonamesid: 3708432
        latitude: 7.5175
        longitude: -78.17028
        name: Jaqué
        names_en: ~
        names_es: ~
        population: 1357
        timezone: America/Panama
      - 
        alternate_names: ~
        ascii_name: Garachine
        geonamesid: 3709361
        latitude: 8.06472
        longitude: -78.36278
        name: Garachiné
        names_en: ~
        names_es: ~
        population: 1350
        timezone: America/Panama
    geonamesid: 3711671
    name: Darién
    names_en: ~
    names_es: ~
  - 
    ascii_name: "Provincia de Colon"
    cities: 
      - 
        alternate_names: 
          - Sabanita
          - Sabanitas
        ascii_name: Sabanitas
        geonamesid: 3701682
        latitude: 9.34222
        longitude: -79.80111
        name: Sabanitas
        names_en: ~
        names_es: ~
        population: 12871
        timezone: America/Panama
      - 
        alternate_names: ~
        ascii_name: "Rio Rita"
        geonamesid: 3701816
        latitude: 9.30389
        longitude: -79.79444
        name: "Río Rita"
        names_en: ~
        names_es: ~
        population: 1216
        timezone: America/Panama
      - 
        alternate_names: 
          - Gatun
          - "Rio Gatun"
          - "Río Gatún"
        ascii_name: "Rio Gatun"
        geonamesid: 3701870
        latitude: 9.29167
        longitude: -79.76889
        name: "Río Gatún"
        names_en: ~
        names_es: ~
        population: 1553
        timezone: America/Panama
      - 
        alternate_names: ~
        ascii_name: "Rio Duque"
        geonamesid: 3701874
        latitude: 9.26667
        longitude: -79.68333
        name: "Río Duque"
        names_en: ~
        names_es: ~
        population: 1166
        timezone: America/Panama
      - 
        alternate_names: ~
        ascii_name: "Rio Alejandro"
        geonamesid: 3701914
        latitude: 9.37639
        longitude: -79.79111
        name: "Río Alejandro"
        names_en: ~
        names_es: ~
        population: 3632
        timezone: America/Panama
      - 
        alternate_names: ~
        ascii_name: "Quebrada Bonita Adentro"
        geonamesid: 3702276
        latitude: 9.3
        longitude: -79.7
        name: "Quebrada Bonita Adentro"
        names_en: ~
        names_es: ~
        population: 1807
        timezone: America/Panama
      - 
        alternate_names: ~
        ascii_name: "Puerto Pilon"
        geonamesid: 3702384
        latitude: 9.36444
        longitude: -79.79333
        name: "Puerto Pilón"
        names_en: ~
        names_es: ~
        population: 5688
        timezone: America/Panama
      - 
        alternate_names: ~
        ascii_name: "Puerto Escondido"
        geonamesid: 3702412
        latitude: 9.19333
        longitude: -80.08833
        name: "Puerto Escondido"
        names_en: ~
        names_es: ~
        population: 12371
        timezone: America/Panama
      - 
        alternate_names: 
          - Portobello
          - Portobelo
          - "Puerto Bello"
        ascii_name: Portobelo
        geonamesid: 3702577
        latitude: 9.55
        longitude: -79.65
        name: Portobelo
        names_en: ~
        names_es: ~
        population: 1274
        timezone: America/Panama
      - 
        alternate_names: 
          - Lagarto
          - "Palmas Bellas"
        ascii_name: "Palmas Bellas"
        geonamesid: 3703523
        latitude: 9.23194
        longitude: -80.08667
        name: "Palmas Bellas"
        names_en: ~
        names_es: ~
        population: 1274
        timezone: America/Panama
      - 
        alternate_names: 
          - "Nuevo Vigia"
          - "Nuevo Vigía"
          - Vigia
        ascii_name: "Nuevo Vigia"
        geonamesid: 3703818
        latitude: 9.24472
        longitude: -79.60861
        name: "Nuevo Vigía"
        names_en: ~
        names_es: ~
        population: 2163
        timezone: America/Panama
      - 
        alternate_names: ~
        ascii_name: "Nuevo San Juan"
        geonamesid: 3703820
        latitude: 9.22333
        longitude: -79.66194
        name: "Nuevo San Juan"
        names_en: ~
        names_es: ~
        population: 1232
        timezone: America/Panama
      - 
        alternate_names: ~
        ascii_name: "Maria Chiquita"
        geonamesid: 3704547
        latitude: 9.44306
        longitude: -79.75583
        name: "María Chiquita"
        names_en: ~
        names_es: ~
        population: 1146
        timezone: America/Panama
      - 
        alternate_names: 
          - Margarita
          - Margarita-Escondido
        ascii_name: Margarita
        geonamesid: 3704571
        latitude: 9.33139
        longitude: -79.88889
        name: Margarita
        names_en: ~
        names_es: ~
        population: 3302
        timezone: America/Panama
      - 
        alternate_names: ~
        ascii_name: Escobal
        geonamesid: 3709742
        latitude: 9.14722
        longitude: -79.96194
        name: Escobal
        names_en: ~
        names_es: ~
        population: 1790
        timezone: America/Panama
      - 
        alternate_names: 
          - "El Giral"
          - Giral
          - Jiral
        ascii_name: "El Giral"
        geonamesid: 3710808
        latitude: 9.24917
        longitude: -79.69278
        name: "El Giral"
        names_en: ~
        names_es: ~
        population: 1310
        timezone: America/Panama
      - 
        alternate_names: 
          - Aspinwall
          - "Ciudad de Colon"
          - "Ciudad de Colón"
          - Colon
        ascii_name: Colon
        geonamesid: 3712076
        latitude: 9.35917
        longitude: -79.90139
        name: Colón
        names_en: 
          - Colón
        names_es: 
          - "Ciudad de Colón"
        population: 76643
        timezone: America/Panama
      - 
        alternate_names: 
          - Cativa
          - Catival
          - Cativá
        ascii_name: Cativa
        geonamesid: 3712884
        latitude: 9.36056
        longitude: -79.84361
        name: Cativá
        names_en: ~
        names_es: ~
        population: 29607
        timezone: America/Panama
      - 
        alternate_names: ~
        ascii_name: "Buena Vista"
        geonamesid: 3713715
        latitude: 9.27472
        longitude: -79.69528
        name: "Buena Vista"
        names_en: ~
        names_es: ~
        population: 3060
        timezone: America/Panama
      - 
        alternate_names: ~
        ascii_name: "Santa Rita Arriba"
        geonamesid: 3764343
        latitude: 9.33778
        longitude: -79.78
        name: "Santa Rita Arriba"
        names_en: ~
        names_es: ~
        population: 1960
        timezone: America/Panama
    geonamesid: 3712073
    name: Colón
    names_en: ~
    names_es: ~
  - 
    ascii_name: "Provincia de Cocle"
    cities: 
      - 
        alternate_names: ~
        ascii_name: "Vista Hermosa"
        geonamesid: 3700033
        latitude: 8.53333
        longitude: -80.36667
        name: "Vista Hermosa"
        names_en: ~
        names_es: ~
        population: 2725
        timezone: America/Panama
      - 
        alternate_names: ~
        ascii_name: "Rio Hato"
        geonamesid: 3701861
        latitude: 8.38333
        longitude: -80.16667
        name: "Río Hato"
        names_en: ~
        names_es: ~
        population: 4752
        timezone: America/Panama
      - 
        alternate_names: ~
        ascii_name: "Rio Grande"
        geonamesid: 3701868
        latitude: 8.41667
        longitude: -80.48333
        name: "Río Grande"
        names_en: ~
        names_es: ~
        population: 1127
        timezone: America/Panama
      - 
        alternate_names: ~
        ascii_name: Pocri
        geonamesid: 3702631
        latitude: 8.26667
        longitude: -80.55
        name: Pocrí
        names_en: ~
        names_es: ~
        population: 11447
        timezone: America/Panama
      - 
        alternate_names: 
          - Penonome
          - Penonomé
        ascii_name: Penonome
        geonamesid: 3703068
        latitude: 8.51667
        longitude: -80.36667
        name: Penonomé
        names_en: 
          - Penonomé
        names_es: ~
        population: 12394
        timezone: America/Panama
      - 
        alternate_names: ~
        ascii_name: Nata
        geonamesid: 3703938
        latitude: 8.33333
        longitude: -80.51667
        name: Natá
        names_en: ~
        names_es: ~
        population: 5619
        timezone: America/Panama
      - 
        alternate_names: ~
        ascii_name: "Llano Marin"
        geonamesid: 3705691
        latitude: 8.5
        longitude: -80.33333
        name: "Llano Marín"
        names_en: ~
        names_es: ~
        population: 1264
        timezone: America/Panama
      - 
        alternate_names: ~
        ascii_name: "Las Lomas"
        geonamesid: 3706409
        latitude: 8.5
        longitude: -80.38333
        name: "Las Lomas"
        names_en: ~
        names_es: ~
        population: 1062
        timezone: America/Panama
      - 
        alternate_names: ~
        ascii_name: "La Pintada"
        geonamesid: 3706931
        latitude: 8.6
        longitude: -80.45
        name: "La Pintada"
        names_en: ~
        names_es: ~
        population: 1938
        timezone: America/Panama
      - 
        alternate_names: ~
        ascii_name: "La Loma"
        geonamesid: 3707311
        latitude: 8.16667
        longitude: -80.63333
        name: "La Loma"
        names_en: ~
        names_es: ~
        population: 1654
        timezone: America/Panama
      - 
        alternate_names: ~
        ascii_name: "Juan Diaz"
        geonamesid: 3708307
        latitude: 8.46667
        longitude: -80.28333
        name: "Juan Díaz"
        names_en: ~
        names_es: ~
        population: 1348
        timezone: America/Panama
      - 
        alternate_names: ~
        ascii_name: "El Roble"
        geonamesid: 3710026
        latitude: 8.16667
        longitude: -80.65
        name: "El Roble"
        names_en: ~
        names_es: ~
        population: 1610
        timezone: America/Panama
      - 
        alternate_names: 
          - "El Entradero"
          - "El Entradero Marica"
        ascii_name: "El Entradero"
        geonamesid: 3710910
        latitude: 8.56667
        longitude: -80.21667
        name: "El Entradero"
        names_en: ~
        names_es: ~
        population: 1006
        timezone: America/Panama
      - 
        alternate_names: ~
        ascii_name: "El Cristo"
        geonamesid: 3710961
        latitude: 8.25
        longitude: -80.61667
        name: "El Cristo"
        names_en: ~
        names_es: ~
        population: 1096
        timezone: America/Panama
      - 
        alternate_names: 
          - Cortezo
          - "El Cortezo"
        ascii_name: "El Cortezo"
        geonamesid: 3710978
        latitude: 8.35
        longitude: -80.6
        name: "El Cortezo"
        names_en: ~
        names_es: ~
        population: 1103
        timezone: America/Panama
      - 
        alternate_names: 
          - Cope
          - Copé
          - "El Cope"
          - "El Copé"
        ascii_name: "El Cope"
        geonamesid: 3711009
        latitude: 8.61667
        longitude: -80.6
        name: "El Copé"
        names_en: ~
        names_es: ~
        population: 1179
        timezone: America/Panama
      - 
        alternate_names: ~
        ascii_name: "El Coco"
        geonamesid: 3711059
        latitude: 8.4
        longitude: -80.35
        name: "El Coco"
        names_en: ~
        names_es: ~
        population: 1078
        timezone: America/Panama
      - 
        alternate_names: ~
        ascii_name: "El Cano"
        geonamesid: 3711240
        latitude: 8.4
        longitude: -80.51667
        name: "El Caño"
        names_en: ~
        names_es: ~
        population: 1247
        timezone: America/Panama
      - 
        alternate_names: ~
        ascii_name: Cocle
        geonamesid: 3712164
        latitude: 8.45
        longitude: -80.43333
        name: Coclé
        names_en: ~
        names_es: ~
        population: 1226
        timezone: America/Panama
      - 
        alternate_names: 
          - "Churiquita Grande"
          - "Churuquita Grande"
        ascii_name: "Churuquita Grande"
        geonamesid: 3712280
        latitude: 8.6
        longitude: -80.26667
        name: "Churuquita Grande"
        names_en: ~
        names_es: ~
        population: 1685
        timezone: America/Panama
      - 
        alternate_names: 
          - Chiquita
          - "Churiquita Chiquita"
          - Churuquita
          - "Churuquita Chiquita"
        ascii_name: "Churuquita Chiquita"
        geonamesid: 3712281
        latitude: 8.56667
        longitude: -80.28333
        name: "Churuquita Chiquita"
        names_en: ~
        names_es: ~
        population: 1142
        timezone: America/Panama
      - 
        alternate_names: 
          - Chicore
          - Chigore
          - Chigoré
        ascii_name: Chigore
        geonamesid: 3712462
        latitude: 8.53333
        longitude: -80.35
        name: Chigoré
        names_en: ~
        names_es: ~
        population: 2212
        timezone: America/Panama
      - 
        alternate_names: 
          - Capellania
          - Capellanía
          - "Las Guabas"
        ascii_name: Capellania
        geonamesid: 3713051
        latitude: 8.3
        longitude: -80.55
        name: Capellanía
        names_en: ~
        names_es: ~
        population: 2252
        timezone: America/Panama
      - 
        alternate_names: ~
        ascii_name: Anton
        geonamesid: 3714710
        latitude: 8.4
        longitude: -80.26667
        name: Antón
        names_en: ~
        names_es: ~
        population: 13851
        timezone: America/Panama
      - 
        alternate_names: 
          - "Alto de la Estancia"
          - "Cabecera de Sofre"
        ascii_name: "Alto de la Estancia"
        geonamesid: 3714849
        latitude: 8.6
        longitude: -80.16667
        name: "Alto de la Estancia"
        names_en: ~
        names_es: ~
        population: 1081
        timezone: America/Panama
      - 
        alternate_names: ~
        ascii_name: Aguadulce
        geonamesid: 3715042
        latitude: 8.25
        longitude: -80.55
        name: Aguadulce
        names_en: ~
        names_es: ~
        population: 17237
        timezone: America/Panama
    geonamesid: 3712162
    name: Coclé
    names_en: ~
    names_es: ~
  - 
    ascii_name: "Provincia de Chiriqui"
    cities: 
      - 
        alternate_names: 
          - "El Hato"
          - "El Hato del Volcan"
          - "El Hato del Volcán"
          - "El Volcan"
        ascii_name: Volcan
        geonamesid: 3700017
        latitude: 8.76667
        longitude: -82.63333
        name: Volcán
        names_en: ~
        names_es: ~
        population: 11245
        timezone: America/Panama
      - 
        alternate_names: 
          - Tijera
          - Tijeras
        ascii_name: Tijera
        geonamesid: 3700620
        latitude: 8.46667
        longitude: -82.55
        name: Tijera
        names_en: ~
        names_es: ~
        population: 1148
        timezone: America/Panama
      - 
        alternate_names: 
          - Sortoua
          - Sortova
          - Sortová
        ascii_name: Sortova
        geonamesid: 3700871
        latitude: 8.55
        longitude: -82.65
        name: Sortová
        names_en: ~
        names_es: ~
        population: 1678
        timezone: America/Panama
      - 
        alternate_names: ~
        ascii_name: "Siogui Arriba"
        geonamesid: 3700931
        latitude: 8.53333
        longitude: -82.68333
        name: "Sioguí Arriba"
        names_en: ~
        names_es: ~
        population: 1102
        timezone: America/Panama
      - 
        alternate_names: ~
        ascii_name: "Siogui Abajo"
        geonamesid: 3700933
        latitude: 8.5
        longitude: -82.66667
        name: "Sioguí Abajo"
        names_en: ~
        names_es: ~
        population: 2675
        timezone: America/Panama
      - 
        alternate_names: ~
        ascii_name: "Santo Domingo"
        geonamesid: 3701101
        latitude: 8.5
        longitude: -82.71667
        name: "Santo Domingo"
        names_en: ~
        names_es: ~
        population: 1172
        timezone: America/Panama
      - 
        alternate_names: ~
        ascii_name: "Santa Marta"
        geonamesid: 3701163
        latitude: 8.51667
        longitude: -82.7
        name: "Santa Marta"
        names_en: ~
        names_es: ~
        population: 1952
        timezone: America/Panama
      - 
        alternate_names: ~
        ascii_name: "San Felix"
        geonamesid: 3701491
        latitude: 8.28333
        longitude: -81.86667
        name: "San Félix"
        names_en: ~
        names_es: ~
        population: 1049
        timezone: America/Panama
      - 
        alternate_names: 
          - "San Andreas"
          - "San Andres"
          - "San Andrés"
        ascii_name: "San Andres"
        geonamesid: 3701578
        latitude: 8.6
        longitude: -82.73333
        name: "San Andrés"
        names_en: ~
        names_es: ~
        population: 1242
        timezone: America/Panama
      - 
        alternate_names: 
          - "Rio Sereno"
          - "Río Sereno"
          - Sereno
        ascii_name: "Rio Sereno"
        geonamesid: 3701810
        latitude: 8.81667
        longitude: -82.86667
        name: "Río Sereno"
        names_en: ~
        names_es: ~
        population: 1908
        timezone: America/Panama
      - 
        alternate_names: 
          - Canoa
          - "Quebrada Canoa"
        ascii_name: "Quebrada Canoa"
        geonamesid: 3702269
        latitude: 8.43333
        longitude: -81.78333
        name: "Quebrada Canoa"
        names_en: ~
        names_es: ~
        population: 3061
        timezone: America/Panama
      - 
        alternate_names: 
          - Burica
          - "Punta de Burica"
        ascii_name: "Punta de Burica"
        geonamesid: 3702342
        latitude: 8.03333
        longitude: -82.86667
        name: "Punta de Burica"
        names_en: ~
        names_es: ~
        population: 1360
        timezone: America/Panama
      - 
        alternate_names: 
          - Armuelles
          - "Puerto Armuelles"
          - "Rabo de Puerco"
        ascii_name: "Puerto Armuelles"
        geonamesid: 3702431
        latitude: 8.28333
        longitude: -82.86667
        name: "Puerto Armuelles"
        names_en: ~
        names_es: ~
        population: 18795
        timezone: America/Panama
      - 
        alternate_names: ~
        ascii_name: "Pueblo Viejo"
        geonamesid: 3702448
        latitude: 8.25
        longitude: -81.66667
        name: "Pueblo Viejo"
        names_en: ~
        names_es: ~
        population: 1042
        timezone: America/Panama
      - 
        alternate_names: ~
        ascii_name: "Pueblo Nuevo"
        geonamesid: 3702464
        latitude: 8.56667
        longitude: -82.41667
        name: "Pueblo Nuevo"
        names_en: ~
        names_es: ~
        population: 1169
        timezone: America/Panama
      - 
        alternate_names: ~
        ascii_name: Progreso
        geonamesid: 3702509
        latitude: 8.45
        longitude: -82.83333
        name: Progreso
        names_en: ~
        names_es: ~
        population: 2107
        timezone: America/Panama
      - 
        alternate_names: ~
        ascii_name: "Potrerillos Arriba"
        geonamesid: 3702548
        latitude: 8.68333
        longitude: -82.5
        name: "Potrerillos Arriba"
        names_en: ~
        names_es: ~
        population: 1045
        timezone: America/Panama
      - 
        alternate_names: 
          - Potrerillos
          - "Potrerillos Abajo"
          - "Potrreillo Abajo"
        ascii_name: "Potrerillos Abajo"
        geonamesid: 3702550
        latitude: 8.65
        longitude: -82.48333
        name: "Potrerillos Abajo"
        names_en: ~
        names_es: ~
        population: 1182
        timezone: America/Panama
      - 
        alternate_names: ~
        ascii_name: "Plaza de Caisan"
        geonamesid: 3702637
        latitude: 8.73333
        longitude: -82.81667
        name: "Plaza de Caisán"
        names_en: ~
        names_es: ~
        population: 1121
        timezone: America/Panama
      - 
        alternate_names: 
          - Pedregal
          - "Puerto Pedregal"
        ascii_name: Pedregal
        geonamesid: 3703229
        latitude: 8.36667
        longitude: -82.43333
        name: Pedregal
        names_en: ~
        names_es: ~
        population: 16285
        timezone: America/Panama
      - 
        alternate_names: ~
        ascii_name: Palmira
        geonamesid: 3703505
        latitude: 8.71667
        longitude: -82.45
        name: Palmira
        names_en: ~
        names_es: ~
        population: 1144
        timezone: America/Panama
      - 
        alternate_names: ~
        ascii_name: "Monte Lirio"
        geonamesid: 3704138
        latitude: 8.78333
        longitude: -82.83333
        name: "Monte Lirio"
        names_en: ~
        names_es: ~
        population: 2823
        timezone: America/Panama
      - 
        alternate_names: ~
        ascii_name: "Mata del Nance"
        geonamesid: 3704460
        latitude: 8.45
        longitude: -82.4
        name: "Mata del Nance"
        names_en: ~
        names_es: ~
        population: 1051
        timezone: America/Panama
      - 
        alternate_names: ~
        ascii_name: "Los Anastacios"
        geonamesid: 3705549
        latitude: 8.53333
        longitude: -82.41667
        name: "Los Anastacios"
        names_en: ~
        names_es: ~
        population: 1123
        timezone: America/Panama
      - 
        alternate_names: 
          - Algarrabo
          - Algarrobo
          - "Los Algarrobos"
        ascii_name: "Los Algarrobos"
        geonamesid: 3705562
        latitude: 8.5
        longitude: -82.43333
        name: "Los Algarrobos"
        names_en: ~
        names_es: ~
        population: 2028
        timezone: America/Panama
      - 
        alternate_names: ~
        ascii_name: "La Victoria"
        geonamesid: 3705989
        latitude: 8.45
        longitude: -82.25
        name: "La Victoria"
        names_en: ~
        names_es: ~
        population: 1163
        timezone: America/Panama
      - 
        alternate_names: 
          - "Las Lomas"
          - "Llano del Medio"
        ascii_name: "Las Lomas"
        geonamesid: 3706410
        latitude: 8.43333
        longitude: -82.4
        name: "Las Lomas"
        names_en: ~
        names_es: ~
        population: 11726
        timezone: America/Panama
      - 
        alternate_names: ~
        ascii_name: "La Esperanza"
        geonamesid: 3707758
        latitude: 8.4
        longitude: -82.8
        name: "La Esperanza"
        names_en: ~
        names_es: ~
        population: 1952
        timezone: America/Panama
      - 
        alternate_names: 
          - Concepcion
          - Concepción
          - "La Concepcion"
          - "La Concepción"
        ascii_name: "La Concepcion"
        geonamesid: 3707899
        latitude: 8.51667
        longitude: -82.61667
        name: "La Concepción"
        names_en: ~
        names_es: ~
        population: 16910
        timezone: America/Panama
      - 
        alternate_names: ~
        ascii_name: Guarumal
        geonamesid: 3708892
        latitude: 8.35
        longitude: -82.53333
        name: Guarumal
        names_en: ~
        names_es: ~
        population: 1526
        timezone: America/Panama
      - 
        alternate_names: ~
        ascii_name: Gualaca
        geonamesid: 3708948
        latitude: 8.53333
        longitude: -82.3
        name: Gualaca
        names_en: ~
        names_es: ~
        population: 2753
        timezone: America/Panama
      - 
        alternate_names: 
          - Gomez
          - "Gomez Arriba"
          - Gómez
          - "Gómez Arriba"
        ascii_name: Gomez
        geonamesid: 3709228
        latitude: 8.56667
        longitude: -82.73333
        name: Gómez
        names_en: ~
        names_es: ~
        population: 1186
        timezone: America/Panama
      - 
        alternate_names: 
          - Corredor
          - "Finca Corredor"
        ascii_name: "Finca Corredor"
        geonamesid: 3709561
        latitude: 8.35
        longitude: -82.85
        name: "Finca Corredor"
        names_en: ~
        names_es: ~
        population: 1372
        timezone: America/Panama
      - 
        alternate_names: 
          - Blanco
          - "Finca Blanco"
          - "Finca Blanco Numero Uno"
          - "Finca Blanco Número Uno"
        ascii_name: "Finca Blanco Numero Uno"
        geonamesid: 3709569
        latitude: 8.38333
        longitude: -82.86667
        name: "Finca Blanco Número Uno"
        names_en: ~
        names_es: ~
        population: 1618
        timezone: America/Panama
      - 
        alternate_names: 
          - "El Quiteno"
          - "El Quiteño"
          - Quiteno
        ascii_name: "El Quiteno"
        geonamesid: 3710066
        latitude: 8.46667
        longitude: -82.4
        name: "El Quiteño"
        names_en: ~
        names_es: ~
        population: 1146
        timezone: America/Panama
      - 
        alternate_names: ~
        ascii_name: Dolega
        geonamesid: 3711618
        latitude: 8.56667
        longitude: -82.41667
        name: Dolega
        names_en: ~
        names_es: ~
        population: 1653
        timezone: America/Panama
      - 
        alternate_names: 
          - Davala
          - Davalá
          - Divala
          - Divalá
        ascii_name: Divala
        geonamesid: 3711631
        latitude: 8.41667
        longitude: -82.71667
        name: Divalá
        names_en: ~
        names_es: ~
        population: 2493
        timezone: America/Panama
      - 
        alternate_names: 
          - "Ciudad de David"
          - David
          - Dehvid
          - Дэвид
        ascii_name: David
        geonamesid: 3711668
        latitude: 8.42729
        longitude: -82.43085
        name: David
        names_en: 
          - David
        names_es: 
          - David
        population: 82859
        timezone: America/Panama
      - 
        alternate_names: ~
        ascii_name: Chiriqui
        geonamesid: 3712419
        latitude: 8.4
        longitude: -82.31667
        name: Chiriquí
        names_en: ~
        names_es: ~
        population: 2431
        timezone: America/Panama
      - 
        alternate_names: 
          - "Cerro Punta"
        ascii_name: "Cerro Punta"
        geonamesid: 3712636
        latitude: 8.85
        longitude: -82.56667
        name: "Cerro Punta"
        names_en: ~
        names_es: ~
        population: 2957
        timezone: America/Panama
      - 
        alternate_names: ~
        ascii_name: Bugaba
        geonamesid: 3713667
        latitude: 8.48333
        longitude: -82.61667
        name: Bugaba
        names_en: ~
        names_es: ~
        population: 2582
        timezone: America/Panama
      - 
        alternate_names: 
          - "Bajo Boquete"
          - Boquete
        ascii_name: Boquete
        geonamesid: 3713860
        latitude: 8.78333
        longitude: -82.43333
        name: Boquete
        names_en: ~
        names_es: ~
        population: 6123
        timezone: America/Panama
      - 
        alternate_names: ~
        ascii_name: Boqueron
        geonamesid: 3713873
        latitude: 8.5
        longitude: -82.56667
        name: Boquerón
        names_en: ~
        names_es: ~
        population: 1345
        timezone: America/Panama
      - 
        alternate_names: 
          - Aserria
          - Aserrio
          - "Aserrio de Gariche"
          - Aserrío
        ascii_name: "Aserrio de Gariche"
        geonamesid: 3714611
        latitude: 8.48333
        longitude: -82.8
        name: "Aserrío de Gariché"
        names_en: ~
        names_es: ~
        population: 1658
        timezone: America/Panama
      - 
        alternate_names: ~
        ascii_name: Alanje
        geonamesid: 3714939
        latitude: 8.4
        longitude: -82.55
        name: Alanje
        names_en: ~
        names_es: ~
        population: 1361
        timezone: America/Panama
    geonamesid: 3712410
    name: Chiriquí
    names_en: ~
    names_es: ~
  - 
    ascii_name: "Provincia de Bocas del Toro"
    cities: 
      - 
        alternate_names: ~
        ascii_name: Guabito
        geonamesid: 3708989
        latitude: 9.5
        longitude: -82.61667
        name: Guabito
        names_en: ~
        names_es: ~
        population: 5988
        timezone: America/Panama
      - 
        alternate_names: ~
        ascii_name: Cusapin
        geonamesid: 3711694
        latitude: 9.18333
        longitude: -81.9
        name: Cusapín
        names_en: ~
        names_es: ~
        population: 1288
        timezone: America/Panama
      - 
        alternate_names: ~
        ascii_name: "Chiriqui Grande"
        geonamesid: 3712401
        latitude: 8.95
        longitude: -82.11667
        name: "Chiriquí Grande"
        names_en: ~
        names_es: ~
        population: 1429
        timezone: America/Panama
      - 
        alternate_names: ~
        ascii_name: Changuinola
        geonamesid: 3712560
        latitude: 9.43333
        longitude: -82.51667
        name: Changuinola
        names_en: ~
        names_es: ~
        population: 22900
        timezone: America/Panama
      - 
        alternate_names: 
          - Bokas-del'-Toro
          - Бокас-дель-Торо
        ascii_name: "Bocas del Toro"
        geonamesid: 3713959
        latitude: 9.33333
        longitude: -82.25
        name: "Bocas del Toro"
        names_en: ~
        names_es: ~
        population: 9883
        timezone: America/Panama
      - 
        alternate_names: 
          - "Isla Provision"
          - "Isla Provisión"
          - "Isla de Bastimentos"
          - "Old Bank Island"
        ascii_name: "Isla Bastimentos"
        geonamesid: 3714260
        latitude: 9.3
        longitude: -82.13333
        name: "Isla Bastimentos"
        names_en: ~
        names_es: ~
        population: 1500
        timezone: America/Panama
      - 
        alternate_names: 
          - Barranco
          - Riverside
        ascii_name: Barranco
        geonamesid: 3714336
        latitude: 9.51667
        longitude: -82.7
        name: Barranco
        names_en: ~
        names_es: ~
        population: 1398
        timezone: America/Panama
      - 
        alternate_names: ~
        ascii_name: Almirante
        geonamesid: 3714896
        latitude: 9.3
        longitude: -82.4
        name: Almirante
        names_en: ~
        names_es: ~
        population: 8114
        timezone: America/Panama
    geonamesid: 3713954
    name: "Bocas del Toro"
    names_en: ~
    names_es: ~
  - 
    ascii_name: Embera-Wounaan
    cities: []
    geonamesid: 7303686
    name: Emberá
    names_en: ~
    names_es: ~
  - 
    ascii_name: Ngoebe-Bugle
    cities: []
    geonamesid: 7303688
    name: Ngöbe-Buglé
    names_en: ~
    names_es: ~
