--- 
geonamesid: 3932488
iso: PE
name: Peru
names_en: 
  - Peru
  - "Republic of Peru"
names_es: 
  - Perú
regions: 
  - 
    ascii_name: "Departamento de Ucayali"
    cities: 
      - 
        alternate_names: 
          - Callaria
          - Pucallpa
          - Pucalpa
          - Pukal'pa
        ascii_name: Pucallpa
        geonamesid: 3693345
        latitude: -8.37915
        longitude: -74.55387
        name: Pucallpa
        names_en: 
          - Pucallpa
        names_es: 
          - Pucallpa
        population: 310750
        timezone: America/Lima
      - 
        alternate_names: 
          - Campoverde
        ascii_name: Campoverde
        geonamesid: 3733380
        latitude: -8.47528
        longitude: -74.80583
        name: Campoverde
        names_en: ~
        names_es: 
          - Campoverde
        population: 8945
        timezone: America/Lima
    geonamesid: 3691099
    name: Ucayali
    names_en: ~
    names_es: ~
  - 
    ascii_name: "Departamento de Tumbes"
    cities: 
      - 
        alternate_names: 
          - "Puerto Villar"
          - Zorritos
        ascii_name: Zorritos
        geonamesid: 3690608
        latitude: -3.66667
        longitude: -80.66667
        name: Zorritos
        names_en: ~
        names_es: ~
        population: 12261
        timezone: America/Lima
      - 
        alternate_names: 
          - Tumbes
          - Tumbez
          - Tumpiurbo
          - Tunpis
        ascii_name: Tumbes
        geonamesid: 3691148
        latitude: -3.56667
        longitude: -80.44139
        name: Tumbes
        names_en: 
          - Tumbes
        names_es: ~
        population: 109223
        timezone: America/Lima
      - 
        alternate_names: ~
        ascii_name: "Aguas Verdes"
        geonamesid: 3699832
        latitude: -3.48139
        longitude: -80.245
        name: "Aguas Verdes"
        names_en: ~
        names_es: ~
        population: 9106
        timezone: America/Lima
      - 
        alternate_names: ~
        ascii_name: Papayal
        geonamesid: 3814639
        latitude: -4.07611
        longitude: -80.73611
        name: Papayal
        names_en: ~
        names_es: ~
        population: 5484
        timezone: America/Lima
      - 
        alternate_names: ~
        ascii_name: Zarumilla
        geonamesid: 3818398
        latitude: -3.50306
        longitude: -80.27306
        name: Zarumilla
        names_en: ~
        names_es: ~
        population: 16907
        timezone: America/Lima
    geonamesid: 3691146
    name: Tumbes
    names_en: ~
    names_es: ~
  - 
    ascii_name: "Departamento de San Martin"
    cities: 
      - 
        alternate_names: 
          - Uchisa
          - Uchiza
        ascii_name: Uchiza
        geonamesid: 3691094
        latitude: -8.45917
        longitude: -76.46333
        name: Uchiza
        names_en: ~
        names_es: ~
        population: 17742
        timezone: America/Lima
      - 
        alternate_names: 
          - "San Juan de Tocache"
          - Tocache
          - "Tocache Nuevo"
        ascii_name: "Tocache Nuevo"
        geonamesid: 3691324
        latitude: -8.18417
        longitude: -76.5125
        name: "Tocache Nuevo"
        names_en: ~
        names_es: ~
        population: 29029
        timezone: America/Lima
      - 
        alternate_names: ~
        ascii_name: Tabalosos
        geonamesid: 3691638
        latitude: -6.35
        longitude: -76.68333
        name: Tabalosos
        names_en: ~
        names_es: ~
        population: 14744
        timezone: America/Lima
      - 
        alternate_names: ~
        ascii_name: Soritor
        geonamesid: 3691712
        latitude: -6.13917
        longitude: -77.10389
        name: Soritor
        names_en: ~
        names_es: ~
        population: 10858
        timezone: America/Lima
      - 
        alternate_names: ~
        ascii_name: Saposoa
        geonamesid: 3692029
        latitude: -6.93395
        longitude: -76.77158
        name: Saposoa
        names_en: ~
        names_es: ~
        population: 14894
        timezone: America/Lima
      - 
        alternate_names: 
          - "San Jose de Sisa"
          - "San José de Sisa"
          - Sisa
        ascii_name: "San Jose de Sisa"
        geonamesid: 3692464
        latitude: -6.61674
        longitude: -76.69146
        name: "San José de Sisa"
        names_en: ~
        names_es: ~
        population: 9477
        timezone: America/Lima
      - 
        alternate_names: ~
        ascii_name: Rioja
        geonamesid: 3692863
        latitude: -6.05861
        longitude: -77.165
        name: Rioja
        names_en: ~
        names_es: ~
        population: 25057
        timezone: America/Lima
      - 
        alternate_names: ~
        ascii_name: Picota
        geonamesid: 3693646
        latitude: -6.91969
        longitude: -76.33037
        name: Picota
        names_en: ~
        names_es: ~
        population: 6697
        timezone: America/Lima
      - 
        alternate_names: 
          - Moiobamba
          - Mojobamba
          - Moyobamba
          - Мойобамба
        ascii_name: Moyobamba
        geonamesid: 3694564
        latitude: -6.05
        longitude: -76.96667
        name: Moyobamba
        names_en: 
          - Moyobamba
        names_es: 
          - Moyobamba
        population: 44276
        timezone: America/Lima
      - 
        alternate_names: ~
        ascii_name: Lamas
        geonamesid: 3695757
        latitude: -6.41667
        longitude: -76.53333
        name: Lamas
        names_en: ~
        names_es: ~
        population: 13693
        timezone: America/Lima
      - 
        alternate_names: ~
        ascii_name: Juanjui
        geonamesid: 3696057
        latitude: -7.17785
        longitude: -76.73135
        name: Juanjuí
        names_en: ~
        names_es: ~
        population: 37715
        timezone: America/Lima
      - 
        alternate_names: 
          - Jepelacio
          - Jepelecio
        ascii_name: Jepelacio
        geonamesid: 3696096
        latitude: -6.11667
        longitude: -76.95
        name: Jepelacio
        names_en: ~
        names_es: ~
        population: 7150
        timezone: America/Lima
      - 
        alternate_names: ~
        ascii_name: Huicungo
        geonamesid: 3696267
        latitude: -7.28333
        longitude: -76.8
        name: Huicungo
        names_en: ~
        names_es: ~
        population: 6757
        timezone: America/Lima
      - 
        alternate_names: 
          - Chasuta
          - Chazuta
        ascii_name: Chazuta
        geonamesid: 3698414
        latitude: -6.57417
        longitude: -76.13667
        name: Chazuta
        names_en: ~
        names_es: ~
        population: 8029
        timezone: America/Lima
      - 
        alternate_names: ~
        ascii_name: Bellavista
        geonamesid: 3699364
        latitude: -7.05614
        longitude: -76.5911
        name: Bellavista
        names_en: ~
        names_es: ~
        population: 15231
        timezone: America/Lima
    geonamesid: 3692385
    name: "San Martín"
    names_en: ~
    names_es: ~
  - 
    ascii_name: "Departamento de Piura"
    cities: 
      - 
        alternate_names: ~
        ascii_name: Vice
        geonamesid: 3690935
        latitude: -5.41667
        longitude: -80.78333
        name: Vice
        names_en: ~
        names_es: ~
        population: 12915
        timezone: America/Lima
      - 
        alternate_names: ~
        ascii_name: "Tambo Grande"
        geonamesid: 3691530
        latitude: -4.92694
        longitude: -80.34472
        name: "Tambo Grande"
        names_en: ~
        names_es: ~
        population: 30033
        timezone: America/Lima
      - 
        alternate_names: 
          - "Puerto Talara"
          - Talara
          - Талара
        ascii_name: Talara
        geonamesid: 3691582
        latitude: -4.57722
        longitude: -81.27194
        name: Talara
        names_en: 
          - Talara
        names_es: 
          - Talara
        population: 99074
        timezone: America/Lima
      - 
        alternate_names: 
          - Sul'jana
          - Sullana
          - Сульяна
        ascii_name: Sullana
        geonamesid: 3691674
        latitude: -4.90389
        longitude: -80.68528
        name: Sullana
        names_en: 
          - Sullana
        names_es: ~
        population: 160789
        timezone: America/Lima
      - 
        alternate_names: 
          - Sechura
        ascii_name: Sechura
        geonamesid: 3691954
        latitude: -5.55694
        longitude: -80.82222
        name: Sechura
        names_en: ~
        names_es: ~
        population: 23020
        timezone: America/Lima
      - 
        alternate_names: ~
        ascii_name: Salitral
        geonamesid: 3692727
        latitude: -4.85722
        longitude: -80.68111
        name: Salitral
        names_en: ~
        names_es: ~
        population: 5385
        timezone: America/Lima
      - 
        alternate_names: ~
        ascii_name: "Salinera Colan"
        geonamesid: 3692729
        latitude: -5.03333
        longitude: -81.06667
        name: "Salinera Colán"
        names_en: ~
        names_es: ~
        population: 14210
        timezone: America/Lima
      - 
        alternate_names: ~
        ascii_name: Querecotillo
        geonamesid: 3693057
        latitude: -4.83778
        longitude: -80.64556
        name: Querecotillo
        names_en: ~
        names_es: ~
        population: 25396
        timezone: America/Lima
      - 
        alternate_names: 
          - Piura
          - Piŭra
          - Пиура
        ascii_name: Piura
        geonamesid: 3693528
        latitude: -5.2
        longitude: -80.63333
        name: Piura
        names_en: 
          - Piura
        names_es: 
          - Piura
        population: 325466
        timezone: America/Lima
      - 
        alternate_names: 
          - Paita
          - Паита
        ascii_name: Paita
        geonamesid: 3694112
        latitude: -5.08917
        longitude: -81.11444
        name: Paita
        names_en: ~
        names_es: ~
        population: 56151
        timezone: America/Lima
      - 
        alternate_names: ~
        ascii_name: Morropon
        geonamesid: 3694582
        latitude: -5.18222
        longitude: -79.96889
        name: Morropón
        names_en: ~
        names_es: ~
        population: 12307
        timezone: America/Lima
      - 
        alternate_names: 
          - Marcavelica
          - "Marcavelica Hacienda"
        ascii_name: Marcavelica
        geonamesid: 3694939
        latitude: -4.87778
        longitude: -80.70528
        name: Marcavelica
        names_en: ~
        names_es: ~
        population: 25645
        timezone: America/Lima
      - 
        alternate_names: 
          - "Hacienda Mancora"
          - Mancora
          - "Mancora Hacienda"
          - Máncora
        ascii_name: Mancora
        geonamesid: 3695000
        latitude: -4.10778
        longitude: -81.0475
        name: Máncora
        names_en: ~
        names_es: ~
        population: 9101
        timezone: America/Lima
      - 
        alternate_names: ~
        ascii_name: "La Union"
        geonamesid: 3695466
        latitude: -5.4
        longitude: -80.75
        name: "La Unión"
        names_en: ~
        names_es: ~
        population: 34834
        timezone: America/Lima
      - 
        alternate_names: ~
        ascii_name: "Las Lomas"
        geonamesid: 3695552
        latitude: -4.65333
        longitude: -80.24667
        name: "Las Lomas"
        names_en: ~
        names_es: ~
        population: 9450
        timezone: America/Lima
      - 
        alternate_names: 
          - "La Huaca"
          - Lattuaca
        ascii_name: "La Huaca"
        geonamesid: 3695829
        latitude: -4.91167
        longitude: -80.96
        name: "La Huaca"
        names_en: ~
        names_es: ~
        population: 8468
        timezone: America/Lima
      - 
        alternate_names: ~
        ascii_name: Huancabamba
        geonamesid: 3696466
        latitude: -5.23861
        longitude: -79.45056
        name: Huancabamba
        names_en: ~
        names_es: ~
        population: 8553
        timezone: America/Lima
      - 
        alternate_names: ~
        ascii_name: "El Alto"
        geonamesid: 3697441
        latitude: -4.27139
        longitude: -81.21472
        name: "El Alto"
        names_en: ~
        names_es: ~
        population: 9303
        timezone: America/Lima
      - 
        alternate_names: 
          - Chulucana
          - Chulucanas
          - Chulukanasa
          - Чулуканаса
        ascii_name: Chulucanas
        geonamesid: 3698105
        latitude: -5.0925
        longitude: -80.1625
        name: Chulucanas
        names_en: 
          - Chulucanas
        names_es: 
          - Chulucanas
        population: 68835
        timezone: America/Lima
      - 
        alternate_names: 
          - Catacaos
        ascii_name: Catacaos
        geonamesid: 3698658
        latitude: -5.26667
        longitude: -80.68333
        name: Catacaos
        names_en: ~
        names_es: ~
        population: 57304
        timezone: America/Lima
      - 
        alternate_names: 
          - "Buenos Aires"
          - "Buenos Aires Hacienda"
        ascii_name: "Buenos Aires"
        geonamesid: 3699223
        latitude: -5.26083
        longitude: -79.96417
        name: "Buenos Aires"
        names_en: ~
        names_es: ~
        population: 7932
        timezone: America/Lima
      - 
        alternate_names: ~
        ascii_name: Bernal
        geonamesid: 3699350
        latitude: -5.45
        longitude: -80.75
        name: Bernal
        names_en: ~
        names_es: ~
        population: 5916
        timezone: America/Lima
      - 
        alternate_names: ~
        ascii_name: Ayabaca
        geonamesid: 3699502
        latitude: -4.63983
        longitude: -79.71491
        name: Ayabaca
        names_en: ~
        names_es: ~
        population: 5270
        timezone: America/Lima
      - 
        alternate_names: 
          - "La Brea"
          - "La Breita"
        ascii_name: "La Breita"
        geonamesid: 3814568
        latitude: -4.26083
        longitude: -80.8875
        name: "La Breita"
        names_en: ~
        names_es: ~
        population: 17693
        timezone: America/Lima
    geonamesid: 3693525
    name: Piura
    names_en: ~
    names_es: ~
  - 
    ascii_name: "Departamento de Loreto"
    cities: 
      - 
        alternate_names: 
          - Jurimaguas
          - Yurimaguas
          - Yurimahuas
          - Юримагуас
        ascii_name: Yurimaguas
        geonamesid: 3690654
        latitude: -5.9
        longitude: -76.08333
        name: Yurimaguas
        names_en: ~
        names_es: ~
        population: 41827
        timezone: America/Lima
      - 
        alternate_names: ~
        ascii_name: Saquena
        geonamesid: 3692020
        latitude: -4.66667
        longitude: -73.51667
        name: Saquena
        names_en: ~
        names_es: ~
        population: 4362
        timezone: America/Lima
      - 
        alternate_names: ~
        ascii_name: "Ramon Castilla"
        geonamesid: 3692953
        latitude: -4.25694
        longitude: -69.95944
        name: "Ramón Castilla"
        names_en: ~
        names_es: ~
        population: 5495
        timezone: America/Lima
      - 
        alternate_names: 
          - "La Laguna"
          - Lagunas
          - "San Antonio de la Laguna"
        ascii_name: Lagunas
        geonamesid: 3695844
        latitude: -5.22694
        longitude: -75.67528
        name: Lagunas
        names_en: ~
        names_es: ~
        population: 9197
        timezone: America/Lima
      - 
        alternate_names: 
          - Ikitos
          - Ikitosas
          - Iquitos
          - Iquitum
        ascii_name: Iquitos
        geonamesid: 3696183
        latitude: -3.74806
        longitude: -73.24722
        name: Iquitos
        names_en: 
          - Iquitos
        names_es: 
          - Iquitos
        population: 437620
        timezone: America/Lima
      - 
        alternate_names: 
          - Contamana
          - Contamena
        ascii_name: Contamana
        geonamesid: 3697838
        latitude: -7.33333
        longitude: -75.01667
        name: Contamana
        names_en: ~
        names_es: ~
        population: 13885
        timezone: America/Lima
      - 
        alternate_names: ~
        ascii_name: Barranca
        geonamesid: 3699427
        latitude: -4.83333
        longitude: -76.7
        name: Barranca
        names_en: ~
        names_es: ~
        population: 5779
        timezone: America/Lima
    geonamesid: 3695238
    name: Loreto
    names_en: ~
    names_es: ~
  - 
    ascii_name: "Departamento de Lambayeque"
    cities: 
      - 
        alternate_names: 
          - Tucume
          - Tucumo
          - Túcume
        ascii_name: Tucume
        geonamesid: 3691161
        latitude: -6.51
        longitude: -79.85833
        name: Túcume
        names_en: ~
        names_es: ~
        population: 7043
        timezone: America/Lima
      - 
        alternate_names: 
          - "Santa Rosa"
          - "Santa Rosa Hacienda"
        ascii_name: "Santa Rosa"
        geonamesid: 3692116
        latitude: -6.76667
        longitude: -79.83333
        name: "Santa Rosa"
        names_en: ~
        names_es: ~
        population: 10625
        timezone: America/Lima
      - 
        alternate_names: ~
        ascii_name: "San Jose"
        geonamesid: 3692482
        latitude: -6.7425
        longitude: -79.82917
        name: "San José"
        names_en: ~
        names_es: ~
        population: 7434
        timezone: America/Lima
      - 
        alternate_names: 
          - Sana
          - Saña
          - Zana
          - Zaña
        ascii_name: Zana
        geonamesid: 3692667
        latitude: -6.92222
        longitude: -79.58417
        name: Zaña
        names_en: ~
        names_es: ~
        population: 39200
        timezone: America/Lima
      - 
        alternate_names: 
          - Reque
          - "Tranca de Reque"
        ascii_name: Reque
        geonamesid: 3692900
        latitude: -6.86556
        longitude: -79.81778
        name: Reque
        names_en: ~
        names_es: ~
        population: 9808
        timezone: America/Lima
      - 
        alternate_names: ~
        ascii_name: "Pueblo Nuevo"
        geonamesid: 3693305
        latitude: -5.71667
        longitude: -79.88333
        name: "Pueblo Nuevo"
        names_en: ~
        names_es: ~
        population: 12471
        timezone: America/Lima
      - 
        alternate_names: ~
        ascii_name: Pimentel
        geonamesid: 3693584
        latitude: -6.83667
        longitude: -79.93417
        name: Pimentel
        names_en: ~
        names_es: ~
        population: 15552
        timezone: America/Lima
      - 
        alternate_names: 
          - Picsi
          - Piksi
          - Pisci
          - Pixi
        ascii_name: Picsi
        geonamesid: 3693645
        latitude: -6.71778
        longitude: -79.76972
        name: Picsi
        names_en: ~
        names_es: ~
        population: 43610
        timezone: America/Lima
      - 
        alternate_names: 
          - Oyontun
          - Oyontún
          - Oyotun
          - Oyotún
        ascii_name: Oyotun
        geonamesid: 3694197
        latitude: -6.85194
        longitude: -79.30361
        name: Oyotún
        names_en: ~
        names_es: ~
        population: 6330
        timezone: America/Lima
      - 
        alternate_names: ~
        ascii_name: Olmos
        geonamesid: 3694256
        latitude: -5.98472
        longitude: -79.74528
        name: Olmos
        names_en: ~
        names_es: ~
        population: 9800
        timezone: America/Lima
      - 
        alternate_names: ~
        ascii_name: Motupe
        geonamesid: 3694569
        latitude: -6.15194
        longitude: -79.71417
        name: Motupe
        names_en: ~
        names_es: ~
        population: 13681
        timezone: America/Lima
      - 
        alternate_names: ~
        ascii_name: Morrope
        geonamesid: 3694586
        latitude: -6.54167
        longitude: -80.01111
        name: Mórrope
        names_en: ~
        names_es: ~
        population: 6662
        timezone: America/Lima
      - 
        alternate_names: ~
        ascii_name: Monsefu
        geonamesid: 3694666
        latitude: -6.87806
        longitude: -79.87222
        name: Monsefú
        names_en: ~
        names_es: ~
        population: 25707
        timezone: America/Lima
      - 
        alternate_names: 
          - Mochumi
          - Mochumí
          - Muchumi
        ascii_name: Mochumi
        geonamesid: 3694720
        latitude: -6.54694
        longitude: -79.86306
        name: Mochumí
        names_en: ~
        names_es: ~
        population: 7460
        timezone: America/Lima
      - 
        alternate_names: 
          - Lambajeke
          - Lambayeque
          - Ламбайеке
        ascii_name: Lambayeque
        geonamesid: 3695754
        latitude: -6.70111
        longitude: -79.90611
        name: Lambayeque
        names_en: ~
        names_es: ~
        population: 43710
        timezone: America/Lima
      - 
        alternate_names: ~
        ascii_name: Jayanca
        geonamesid: 3696104
        latitude: -6.39083
        longitude: -79.82194
        name: Jayanca
        names_en: ~
        names_es: ~
        population: 6126
        timezone: America/Lima
      - 
        alternate_names: 
          - Ferrenafe
          - Ferreñafe
          - Terrenafe
          - Terreñafe
        ascii_name: Ferrenafe
        geonamesid: 3697033
        latitude: -6.63889
        longitude: -79.78889
        name: Ferreñafe
        names_en: ~
        names_es: ~
        population: 34357
        timezone: America/Lima
      - 
        alternate_names: 
          - Eten
          - "Villa Eten"
        ascii_name: Eten
        geonamesid: 3697083
        latitude: -6.90806
        longitude: -79.86417
        name: Eten
        names_en: ~
        names_es: ~
        population: 13693
        timezone: America/Lima
      - 
        alternate_names: ~
        ascii_name: Chongoyape
        geonamesid: 3698176
        latitude: -6.64056
        longitude: -79.38917
        name: Chongoyape
        names_en: ~
        names_es: ~
        population: 16061
        timezone: America/Lima
      - 
        alternate_names: 
          - Chiclayo
          - Chiklajo
          - Chiklayu
          - Ciclaium
        ascii_name: Chiclayo
        geonamesid: 3698350
        latitude: -6.77361
        longitude: -79.84167
        name: Chiclayo
        names_en: 
          - Chiclayo
        names_es: 
          - Chiclayo
        population: 577375
        timezone: America/Lima
    geonamesid: 3695753
    name: Lambayeque
    names_en: ~
    names_es: ~
  - 
    ascii_name: "Departamento de La Libertad"
    cities: 
      - 
        alternate_names: ~
        ascii_name: Viru
        geonamesid: 3690875
        latitude: -8.41667
        longitude: -78.75
        name: Virú
        names_en: ~
        names_es: ~
        population: 20774
        timezone: America/Lima
      - 
        alternate_names: 
          - Trujillo
          - Trukhil'o
          - Трухильо
        ascii_name: Trujillo
        geonamesid: 3691175
        latitude: -8.11599
        longitude: -79.02998
        name: Trujillo
        names_en: ~
        names_es: 
          - Trujillo
        population: 747450
        timezone: America/Lima
      - 
        alternate_names: ~
        ascii_name: "Santiago de Chuco"
        geonamesid: 3692072
        latitude: -8.15
        longitude: -78.18333
        name: "Santiago de Chuco"
        names_en: ~
        names_es: ~
        population: 6759
        timezone: America/Lima
      - 
        alternate_names: ~
        ascii_name: "Santiago de Cao"
        geonamesid: 3692073
        latitude: -7.95889
        longitude: -79.23917
        name: "Santiago de Cao"
        names_en: ~
        names_es: ~
        population: 21982
        timezone: America/Lima
      - 
        alternate_names: 
          - "San Pedro"
          - "San Pedro de Lloc"
        ascii_name: "San Pedro de Lloc"
        geonamesid: 3692310
        latitude: -7.43278
        longitude: -79.50583
        name: "San Pedro de Lloc"
        names_en: ~
        names_es: ~
        population: 16250
        timezone: America/Lima
      - 
        alternate_names: 
          - "Puerto de Salaverry"
          - Salaverry
        ascii_name: Salaverry
        geonamesid: 3692747
        latitude: -8.23333
        longitude: -78.96667
        name: Salaverry
        names_en: ~
        names_es: ~
        population: 10066
        timezone: America/Lima
      - 
        alternate_names: 
          - Ouiruvilca
          - Quiruvilca
        ascii_name: Quiruvilca
        geonamesid: 3692994
        latitude: -7.96667
        longitude: -78.2
        name: Quiruvilca
        names_en: ~
        names_es: ~
        population: 9226
        timezone: America/Lima
      - 
        alternate_names: 
          - "Pueblo Nuevo"
          - "Pueblo Nuevo de Ildefonso"
          - "Pueblo Nuevo de San Ildefonso"
        ascii_name: "Pueblo Nuevo"
        geonamesid: 3693302
        latitude: -7.18806
        longitude: -79.51528
        name: "Pueblo Nuevo"
        names_en: ~
        names_es: ~
        population: 5766
        timezone: America/Lima
      - 
        alternate_names: ~
        ascii_name: Paijan
        geonamesid: 3694119
        latitude: -7.73333
        longitude: -79.30222
        name: Paiján
        names_en: ~
        names_es: ~
        population: 21128
        timezone: America/Lima
      - 
        alternate_names: 
          - Pacasmayo
          - "Puerto de Pacasmayo"
        ascii_name: Pacasmayo
        geonamesid: 3694178
        latitude: -7.40056
        longitude: -79.57139
        name: Pacasmayo
        names_en: ~
        names_es: ~
        population: 29165
        timezone: America/Lima
      - 
        alternate_names: 
          - Pacahoa
          - Pacanga
        ascii_name: Pacanga
        geonamesid: 3694183
        latitude: -7.16667
        longitude: -79.5
        name: Pacanga
        names_en: ~
        names_es: ~
        population: 8750
        timezone: America/Lima
      - 
        alternate_names: 
          - Otuzco
        ascii_name: Otuzco
        geonamesid: 3694212
        latitude: -7.9
        longitude: -78.58333
        name: Otuzco
        names_en: ~
        names_es: ~
        population: 10134
        timezone: America/Lima
      - 
        alternate_names: ~
        ascii_name: Moche
        geonamesid: 3694725
        latitude: -8.17111
        longitude: -79.00917
        name: Moche
        names_en: ~
        names_es: ~
        population: 22581
        timezone: America/Lima
      - 
        alternate_names: 
          - Laredo
          - "Laredo Hacienda"
          - Ларедо
        ascii_name: Laredo
        geonamesid: 3695617
        latitude: -8.1
        longitude: -78.95
        name: Laredo
        names_en: ~
        names_es: ~
        population: 24691
        timezone: America/Lima
      - 
        alternate_names: ~
        ascii_name: Huamachuco
        geonamesid: 3696509
        latitude: -7.8
        longitude: -78.06667
        name: Huamachuco
        names_en: ~
        names_es: ~
        population: 21768
        timezone: America/Lima
      - 
        alternate_names: ~
        ascii_name: Guadalupe
        geonamesid: 3696847
        latitude: -7.25
        longitude: -79.48333
        name: Guadalupe
        names_en: ~
        names_es: ~
        population: 25376
        timezone: America/Lima
      - 
        alternate_names: ~
        ascii_name: Chocope
        geonamesid: 3698194
        latitude: -7.79139
        longitude: -79.22167
        name: Chocope
        names_en: ~
        names_es: ~
        population: 32370
        timezone: America/Lima
      - 
        alternate_names: ~
        ascii_name: Chicama
        geonamesid: 3698359
        latitude: -7.84472
        longitude: -79.14694
        name: Chicama
        names_en: ~
        names_es: ~
        population: 14915
        timezone: America/Lima
      - 
        alternate_names: ~
        ascii_name: Chepen
        geonamesid: 3698390
        latitude: -7.21667
        longitude: -79.45
        name: Chepén
        names_en: ~
        names_es: ~
        population: 41992
        timezone: America/Lima
      - 
        alternate_names: ~
        ascii_name: Ascope
        geonamesid: 3699544
        latitude: -7.71444
        longitude: -79.10778
        name: Ascope
        names_en: ~
        names_es: ~
        population: 14015
        timezone: America/Lima
    geonamesid: 3695781
    name: "La Libertad"
    names_en: ~
    names_es: ~
  - 
    ascii_name: "Departamento de Huanuco"
    cities: 
      - 
        alternate_names: 
          - "Leoncio Prado"
          - "Tingo Maria"
          - "Tingo María"
        ascii_name: "Tingo Maria"
        geonamesid: 3691348
        latitude: -9.28951
        longitude: -76.00876
        name: "Tingo María"
        names_en: ~
        names_es: ~
        population: 53177
        timezone: America/Lima
      - 
        alternate_names: ~
        ascii_name: Llata
        geonamesid: 3695320
        latitude: -9.41667
        longitude: -76.78333
        name: Llata
        names_en: ~
        names_es: ~
        population: 4585
        timezone: America/Lima
      - 
        alternate_names: ~
        ascii_name: "La Union"
        geonamesid: 3695465
        latitude: -9.82907
        longitude: -76.8018
        name: "La Unión"
        names_en: ~
        names_es: ~
        population: 4788
        timezone: America/Lima
      - 
        alternate_names: 
          - Huanuco
          - Huanucum
          - Huánuco
          - Uanuko
        ascii_name: Huanuco
        geonamesid: 3696417
        latitude: -9.9329
        longitude: -76.24153
        name: Huánuco
        names_en: 
          - Huánuco
        names_es: 
          - Huánuco
        population: 147959
        timezone: America/Lima
      - 
        alternate_names: 
          - Yanacancha
          - Yanacocha
        ascii_name: Yanacancha
        geonamesid: 3925863
        latitude: -10.24111
        longitude: -76.64556
        name: Yanacancha
        names_en: ~
        names_es: ~
        population: 23175
        timezone: America/Lima
      - 
        alternate_names: ~
        ascii_name: "San Miguel de Cauri"
        geonamesid: 3929389
        latitude: -10.1
        longitude: -76.58333
        name: "San Miguel de Cauri"
        names_en: ~
        names_es: ~
        population: 5326
        timezone: America/Lima
      - 
        alternate_names: ~
        ascii_name: Ambo
        geonamesid: 3947956
        latitude: -10.13083
        longitude: -76.20472
        name: Ambo
        names_en: ~
        names_es: ~
        population: 6865
        timezone: America/Lima
    geonamesid: 3696416
    name: Huanuco
    names_en: ~
    names_es: ~
  - 
    ascii_name: "Departamento de Cajamarca"
    cities: 
      - 
        alternate_names: ~
        ascii_name: "San Ignacio"
        geonamesid: 3692529
        latitude: -5.14583
        longitude: -79.00139
        name: "San Ignacio"
        names_en: ~
        names_es: ~
        population: 7912
        timezone: America/Lima
      - 
        alternate_names: 
          - Jaen
          - Jaén
          - Khaehn
          - Хаэн
        ascii_name: Jaen
        geonamesid: 3696150
        latitude: -5.70806
        longitude: -78.80472
        name: Jaén
        names_en: ~
        names_es: ~
        population: 52493
        timezone: America/Lima
      - 
        alternate_names: ~
        ascii_name: Chota
        geonamesid: 3698141
        latitude: -6.55
        longitude: -78.65
        name: Chota
        names_en: ~
        names_es: ~
        population: 14240
        timezone: America/Lima
      - 
        alternate_names: 
          - Celendin
          - Celendín
        ascii_name: Celendin
        geonamesid: 3698608
        latitude: -6.87028
        longitude: -78.15167
        name: Celendín
        names_en: ~
        names_es: ~
        population: 14660
        timezone: America/Lima
      - 
        alternate_names: ~
        ascii_name: Cascas
        geonamesid: 3698705
        latitude: -7.48333
        longitude: -78.81667
        name: Cascas
        names_en: ~
        names_es: ~
        population: 4299
        timezone: America/Lima
      - 
        alternate_names: 
          - Cajamarca
          - Caxamarca
          - Kachamarka
          - Kakhamarka
        ascii_name: Cajamarca
        geonamesid: 3699088
        latitude: -7.16378
        longitude: -78.50027
        name: Cajamarca
        names_en: 
          - Cajamarca
        names_es: 
          - Cajamarca
        population: 135000
        timezone: America/Lima
      - 
        alternate_names: ~
        ascii_name: Cajabamba
        geonamesid: 3699095
        latitude: -7.61667
        longitude: -78.05
        name: Cajabamba
        names_en: ~
        names_es: ~
        population: 13486
        timezone: America/Lima
      - 
        alternate_names: ~
        ascii_name: Bellavista
        geonamesid: 3699366
        latitude: -5.66417
        longitude: -78.67722
        name: Bellavista
        names_en: ~
        names_es: ~
        population: 6320
        timezone: America/Lima
      - 
        alternate_names: ~
        ascii_name: Bambamarca
        geonamesid: 3699456
        latitude: -6.68333
        longitude: -78.53333
        name: Bambamarca
        names_en: ~
        names_es: ~
        population: 13351
        timezone: America/Lima
    geonamesid: 3699087
    name: Cajamarca
    names_en: ~
    names_es: ~
  - 
    ascii_name: "Departamento de Ancash"
    cities: 
      - 
        alternate_names: 
          - Yungay
        ascii_name: Yungay
        geonamesid: 3690673
        latitude: -9.13833
        longitude: -77.74361
        name: Yungay
        names_en: ~
        names_es: ~
        population: 5269
        timezone: America/Lima
      - 
        alternate_names: ~
        ascii_name: Yauya
        geonamesid: 3690733
        latitude: -8.98333
        longitude: -77.3
        name: Yauya
        names_en: ~
        names_es: ~
        population: 9092
        timezone: America/Lima
      - 
        alternate_names: ~
        ascii_name: "Puerto Santa"
        geonamesid: 3693191
        latitude: -8.99056
        longitude: -78.64556
        name: "Puerto Santa"
        names_en: ~
        names_es: ~
        population: 14066
        timezone: America/Lima
      - 
        alternate_names: 
          - Pamabamba
          - Pomabamba
        ascii_name: Pomabamba
        geonamesid: 3693468
        latitude: -8.83333
        longitude: -77.46667
        name: Pomabamba
        names_en: ~
        names_es: ~
        population: 4453
        timezone: America/Lima
      - 
        alternate_names: 
          - Huaras
          - Huaraz
          - Uaras
          - Waras
        ascii_name: Huaraz
        geonamesid: 3696378
        latitude: -9.53333
        longitude: -77.53333
        name: Huaraz
        names_en: 
          - Huaraz
        names_es: 
          - Huaraz
        population: 86934
        timezone: America/Lima
      - 
        alternate_names: 
          - Coisco
          - Coishco
          - Coshco
        ascii_name: Coishco
        geonamesid: 3697990
        latitude: -9.02306
        longitude: -78.61556
        name: Coishco
        names_en: ~
        names_es: ~
        population: 15083
        timezone: America/Lima
      - 
        alternate_names: 
          - Chimbote
          - Чимботе
        ascii_name: Chimbote
        geonamesid: 3698304
        latitude: -9.08528
        longitude: -78.57833
        name: Chimbote
        names_en: 
          - Chimbote
        names_es: 
          - Chimbote
        population: 316966
        timezone: America/Lima
      - 
        alternate_names: 
          - Carhuaz
        ascii_name: Carhuaz
        geonamesid: 3698814
        latitude: -9.28194
        longitude: -77.64472
        name: Carhuaz
        names_en: ~
        names_es: ~
        population: 5044
        timezone: America/Lima
      - 
        alternate_names: 
          - Caras
          - Caraz
          - Carás
          - Cavas
        ascii_name: Caras
        geonamesid: 3698841
        latitude: -9.04667
        longitude: -77.81139
        name: Carás
        names_en: ~
        names_es: ~
        population: 10926
        timezone: America/Lima
      - 
        alternate_names: 
          - Huarmei
          - Huarmey
          - "Puerto de Huarmey"
        ascii_name: Huarmey
        geonamesid: 3939168
        latitude: -10.06806
        longitude: -78.15222
        name: Huarmey
        names_en: ~
        names_es: ~
        population: 16172
        timezone: America/Lima
    geonamesid: 3699674
    name: Ancash
    names_en: ~
    names_es: 
      - Ancash
  - 
    ascii_name: "Departamento de Amazonas"
    cities: 
      - 
        alternate_names: 
          - "La Peca"
          - "La Peca Nueva"
        ascii_name: "La Peca"
        geonamesid: 3695675
        latitude: -5.61111
        longitude: -78.435
        name: "La Peca"
        names_en: ~
        names_es: ~
        population: 27045
        timezone: America/Lima
      - 
        alternate_names: 
          - Chachapoias
          - Chachapoyas
          - Chachapuyas
        ascii_name: Chachapoyas
        geonamesid: 3698540
        latitude: -6.23169
        longitude: -77.86903
        name: Chachapoyas
        names_en: 
          - Chachapoyas
        names_es: 
          - Chachapoyas
        population: 20279
        timezone: America/Lima
      - 
        alternate_names: 
          - Cajarura
          - Cajaruro
        ascii_name: Cajaruro
        geonamesid: 3699078
        latitude: -5.73639
        longitude: -78.42556
        name: Cajaruro
        names_en: ~
        names_es: ~
        population: 7281
        timezone: America/Lima
      - 
        alternate_names: ~
        ascii_name: "Bagua Grande"
        geonamesid: 3699484
        latitude: -5.75611
        longitude: -78.44111
        name: "Bagua Grande"
        names_en: ~
        names_es: ~
        population: 20382
        timezone: America/Lima
    geonamesid: 3699699
    name: Amazonas
    names_en: ~
    names_es: ~
  - 
    ascii_name: "Departamento de Tacna"
    cities: 
      - 
        alternate_names: ~
        ascii_name: Totoral
        geonamesid: 3927023
        latitude: -17.40528
        longitude: -70.365
        name: Totoral
        names_en: ~
        names_es: ~
        population: 1976
        timezone: America/Lima
      - 
        alternate_names: ~
        ascii_name: Tarata
        geonamesid: 3927774
        latitude: -17.47444
        longitude: -70.03278
        name: Tarata
        names_en: ~
        names_es: ~
        population: 3052
        timezone: America/Lima
      - 
        alternate_names: 
          - Tacna
          - Takna
          - Taqna
          - Такна
        ascii_name: Tacna
        geonamesid: 3928128
        latitude: -18.00556
        longitude: -70.24833
        name: Tacna
        names_en: 
          - Tacna
        names_es: 
          - Tacna
        population: 280098
        timezone: America/Lima
      - 
        alternate_names: ~
        ascii_name: Quilahuani
        geonamesid: 3930871
        latitude: -17.31778
        longitude: -70.25806
        name: Quilahuani
        names_en: ~
        names_es: ~
        population: 3176
        timezone: America/Lima
      - 
        alternate_names: ~
        ascii_name: Pujocucho
        geonamesid: 3931427
        latitude: -17.15778
        longitude: -70.35222
        name: Pujocucho
        names_en: ~
        names_es: ~
        population: 4120
        timezone: America/Lima
      - 
        alternate_names: ~
        ascii_name: Ilabaya
        geonamesid: 3938455
        latitude: -17.42083
        longitude: -70.51333
        name: Ilabaya
        names_en: ~
        names_es: ~
        population: 9492
        timezone: America/Lima
      - 
        alternate_names: ~
        ascii_name: Chipispaya
        geonamesid: 3943699
        latitude: -17.49722
        longitude: -70.21611
        name: Chipispaya
        names_en: ~
        names_es: ~
        population: 1932
        timezone: America/Lima
      - 
        alternate_names: 
          - Candarave
        ascii_name: Candarave
        geonamesid: 3945808
        latitude: -17.26778
        longitude: -70.24944
        name: Candarave
        names_en: ~
        names_es: ~
        population: 3415
        timezone: America/Lima
      - 
        alternate_names: ~
        ascii_name: Chuquitira
        geonamesid: 3952372
        latitude: -17.28778
        longitude: -70.045
        name: Chuquitira
        names_en: ~
        names_es: ~
        population: 4220
        timezone: America/Lima
    geonamesid: 3928127
    name: Tacna
    names_en: ~
    names_es: ~
  - 
    ascii_name: "Departamento de Puno"
    cities: 
      - 
        alternate_names: ~
        ascii_name: Yunguyo
        geonamesid: 3925476
        latitude: -16.25
        longitude: -69.08333
        name: Yunguyo
        names_en: ~
        names_es: ~
        population: 16140
        timezone: America/Lima
      - 
        alternate_names: 
          - Intika
          - "Isla de Taquili"
          - Taquila
          - Taquile
        ascii_name: Taquile
        geonamesid: 3927803
        latitude: -15.76667
        longitude: -69.68333
        name: Taquile
        names_en: 
          - Taquile
        names_es: 
          - "Isla de Taquili"
        population: 2000
        timezone: America/Lima
      - 
        alternate_names: ~
        ascii_name: "Santa Lucia"
        geonamesid: 3929188
        latitude: -15.7
        longitude: -70.60528
        name: "Santa Lucía"
        names_en: ~
        names_es: ~
        population: 4320
        timezone: America/Lima
      - 
        alternate_names: ~
        ascii_name: Putina
        geonamesid: 3931137
        latitude: -15.46667
        longitude: -69.43333
        name: Putina
        names_en: ~
        names_es: ~
        population: 8118
        timezone: America/Lima
      - 
        alternate_names: 
          - Punas
          - Puno
          - Punum
          - puno
        ascii_name: Puno
        geonamesid: 3931276
        latitude: -15.83333
        longitude: -70.03333
        name: Puno
        names_en: 
          - Puno
        names_es: 
          - Puno
        population: 116552
        timezone: America/Lima
      - 
        alternate_names: ~
        ascii_name: Nunoa
        geonamesid: 3934233
        latitude: -14.48
        longitude: -70.64111
        name: Ñuñoa
        names_en: ~
        names_es: ~
        population: 4271
        timezone: America/Lima
      - 
        alternate_names: ~
        ascii_name: Macusani
        geonamesid: 3935624
        latitude: -14.08333
        longitude: -70.43333
        name: Macusani
        names_en: ~
        names_es: ~
        population: 6044
        timezone: America/Lima
      - 
        alternate_names: ~
        ascii_name: Lampa
        geonamesid: 3936996
        latitude: -15.35
        longitude: -70.36667
        name: Lampa
        names_en: ~
        names_es: ~
        population: 4780
        timezone: America/Lima
      - 
        alternate_names: 
          - Juliaca
        ascii_name: Juliaca
        geonamesid: 3937513
        latitude: -15.5
        longitude: -70.13333
        name: Juliaca
        names_en: ~
        names_es: ~
        population: 245675
        timezone: America/Lima
      - 
        alternate_names: 
          - Juli
          - Juliaca
        ascii_name: Juli
        geonamesid: 3937516
        latitude: -16.21667
        longitude: -69.45
        name: Juli
        names_en: ~
        names_es: ~
        population: 7309
        timezone: America/Lima
      - 
        alternate_names: 
          - Ilave
          - Ylave
        ascii_name: Ilave
        geonamesid: 3938451
        latitude: -16.08333
        longitude: -69.66667
        name: Ilave
        names_en: ~
        names_es: ~
        population: 16033
        timezone: America/Lima
      - 
        alternate_names: 
          - "Hacienda Huancane"
          - "Huancane Hacienda"
        ascii_name: "Hacienda Huancane"
        geonamesid: 3939531
        latitude: -15.82222
        longitude: -70.88556
        name: "Hacienda Huancane"
        names_en: ~
        names_es: ~
        population: 7831
        timezone: America/Lima
      - 
        alternate_names: ~
        ascii_name: Desaguadero
        geonamesid: 3941492
        latitude: -16.56556
        longitude: -69.04167
        name: Desaguadero
        names_en: ~
        names_es: ~
        population: 5329
        timezone: America/Lima
      - 
        alternate_names: 
          - Asangaro
          - Asángaro
          - Azangaro
          - Azángaro
        ascii_name: Azangaro
        geonamesid: 3946937
        latitude: -14.91667
        longitude: -70.21667
        name: Azángaro
        names_en: ~
        names_es: ~
        population: 13290
        timezone: America/Lima
      - 
        alternate_names: ~
        ascii_name: Ayaviri
        geonamesid: 3946985
        latitude: -14.88639
        longitude: -70.58889
        name: Ayaviri
        names_en: ~
        names_es: ~
        population: 19310
        timezone: America/Lima
      - 
        alternate_names: ~
        ascii_name: Atuncolla
        geonamesid: 3947110
        latitude: -15.68333
        longitude: -70.15
        name: Atuncolla
        names_en: ~
        names_es: ~
        population: 12654
        timezone: America/Lima
      - 
        alternate_names: ~
        ascii_name: "La Rinconada"
        geonamesid: 7626291
        latitude: -14.63126
        longitude: -69.44638
        name: "La Rinconada"
        names_en: ~
        names_es: ~
        population: 29678
        timezone: America/Lima
    geonamesid: 3931275
    name: Puno
    names_en: ~
    names_es: ~
  - 
    ascii_name: "Departamento de Pasco"
    cities: 
      - 
        alternate_names: ~
        ascii_name: Yanahuanca
        geonamesid: 3925809
        latitude: -10.51667
        longitude: -76.49861
        name: Yanahuanca
        names_en: ~
        names_es: ~
        population: 5992
        timezone: America/Lima
      - 
        alternate_names: ~
        ascii_name: "Villa Rica"
        geonamesid: 3926120
        latitude: -10.73944
        longitude: -75.26972
        name: "Villa Rica"
        names_en: ~
        names_es: ~
        population: 7448
        timezone: America/Lima
      - 
        alternate_names: 
          - "Fundicion de Tinyahuarco"
          - "Fundición de Tinyahuarco"
          - "La Fundicion"
          - "La Fundición"
        ascii_name: Tinyahuarco
        geonamesid: 3927420
        latitude: -10.75
        longitude: -76.3
        name: Tinyahuarco
        names_en: ~
        names_es: ~
        population: 5066
        timezone: America/Lima
      - 
        alternate_names: ~
        ascii_name: Oxapampa
        geonamesid: 3933874
        latitude: -10.5775
        longitude: -75.40167
        name: Oxapampa
        names_en: ~
        names_es: ~
        population: 7743
        timezone: America/Lima
      - 
        alternate_names: ~
        ascii_name: Chaupimarca
        geonamesid: 3944179
        latitude: -10.43333
        longitude: -76.53333
        name: Chaupimarca
        names_en: ~
        names_es: ~
        population: 28666
        timezone: America/Lima
      - 
        alternate_names: 
          - "Cerro de Pasco"
          - "Collis Pasca"
          - Serro-de-Pasko
          - Серро-де-Паско
        ascii_name: "Cerro de Pasco"
        geonamesid: 3944797
        latitude: -10.68333
        longitude: -76.26667
        name: "Cerro de Pasco"
        names_en: 
          - "Cerro de Pasco"
        names_es: 
          - "Cerro de Pasco"
        population: 78910
        timezone: America/Lima
    geonamesid: 3932834
    name: Pasco
    names_en: ~
    names_es: ~
  - 
    ascii_name: "Departamento de Moquegua"
    cities: 
      - 
        alternate_names: ~
        ascii_name: Torata
        geonamesid: 3927158
        latitude: -17.07694
        longitude: -70.84333
        name: Torata
        names_en: ~
        names_es: ~
        population: 7054
        timezone: America/Lima
      - 
        alternate_names: 
          - Pacoch
          - Pacocha
        ascii_name: Pacocha
        geonamesid: 3933659
        latitude: -17.58333
        longitude: -71.33333
        name: Pacocha
        names_en: ~
        names_es: ~
        population: 7588
        timezone: America/Lima
      - 
        alternate_names: 
          - Mokegua
          - Moquegua
          - Мокегуа
        ascii_name: Moquegua
        geonamesid: 3934608
        latitude: -17.19556
        longitude: -70.93528
        name: Moquegua
        names_en: 
          - Moquegua
        names_es: 
          - Moquegua
        population: 54517
        timezone: America/Lima
      - 
        alternate_names: 
          - Ilo
          - "New Ilo"
          - Pacocha
          - Ило
        ascii_name: Ilo
        geonamesid: 3938415
        latitude: -17.63944
        longitude: -71.3375
        name: Ilo
        names_en: ~
        names_es: ~
        population: 53476
        timezone: America/Lima
    geonamesid: 3934607
    name: Moquegua
    names_en: ~
    names_es: ~
  - 
    ascii_name: "Departamento de Madre de Dios"
    cities: 
      - 
        alternate_names: ~
        ascii_name: Tambopata
        geonamesid: 3927942
        latitude: -12.73333
        longitude: -69.18333
        name: Tambopata
        names_en: ~
        names_es: ~
        population: 38966
        timezone: America/Lima
      - 
        alternate_names: 
          - Maldonado
          - "Portus Maldonatus"
          - Puehrto-Mal'donado
          - "Puerto Maldonado"
        ascii_name: "Puerto Maldonado"
        geonamesid: 3931470
        latitude: -12.6
        longitude: -69.18333
        name: "Puerto Maldonado"
        names_en: 
          - "Puerto Maldonado"
        names_es: 
          - "Puerto Maldonado"
        population: 37543
        timezone: America/Lima
      - 
        alternate_names: ~
        ascii_name: Iberia
        geonamesid: 3938531
        latitude: -11.35
        longitude: -69.58333
        name: Iberia
        names_en: ~
        names_es: ~
        population: 4386
        timezone: America/Lima
    geonamesid: 3935619
    name: "Madre de Dios"
    names_en: ~
    names_es: ~
  - 
    ascii_name: "Provincia de Lima"
    cities: 
      - 
        alternate_names: 
          - Lima
          - Limo
          - Líma
          - "li ma"
        ascii_name: Lima
        geonamesid: 3936456
        latitude: -12.04318
        longitude: -77.02824
        name: Lima
        names_en: 
          - Lima
        names_es: 
          - Lima
        population: 7737002
        timezone: America/Lima
    geonamesid: 3936451
    name: Lima
    names_en: ~
    names_es: ~
  - 
    ascii_name: "Departamento de Lima"
    cities: 
      - 
        alternate_names: ~
        ascii_name: Vegueta
        geonamesid: 3926328
        latitude: -11.02306
        longitude: -77.64306
        name: Végueta
        names_en: ~
        names_es: ~
        population: 6219
        timezone: America/Lima
      - 
        alternate_names: ~
        ascii_name: Supe
        geonamesid: 3928274
        latitude: -10.8
        longitude: -77.73333
        name: Supe
        names_en: ~
        names_es: ~
        population: 13719
        timezone: America/Lima
      - 
        alternate_names: 
          - "San Jeronimo de Sayan"
          - Sayan
          - Sayán
        ascii_name: Sayan
        geonamesid: 3928867
        latitude: -11.13611
        longitude: -77.19333
        name: Sayán
        names_en: ~
        names_es: ~
        population: 6196
        timezone: America/Lima
      - 
        alternate_names: 
          - Canete
          - Cañete
          - "Pueblo Nuevo"
          - "San Vicente de Canete"
        ascii_name: "San Vicente de Canete"
        geonamesid: 3928993
        latitude: -13.07512
        longitude: -76.38352
        name: "San Vicente de Cañete"
        names_en: ~
        names_es: ~
        population: 25517
        timezone: America/Lima
      - 
        alternate_names: ~
        ascii_name: "Santa Maria"
        geonamesid: 3929172
        latitude: -12.0
        longitude: -76.9
        name: "Santa Maria"
        names_en: ~
        names_es: ~
        population: 14853
        timezone: America/Lima
      - 
        alternate_names: ~
        ascii_name: "Santa Eulalia"
        geonamesid: 3929213
        latitude: -11.85
        longitude: -76.68333
        name: "Santa Eulalia"
        names_en: ~
        names_es: ~
        population: 6406
        timezone: America/Lima
      - 
        alternate_names: ~
        ascii_name: "San Isidro"
        geonamesid: 3929631
        latitude: -12.11667
        longitude: -77.05
        name: "San Isidro"
        names_en: ~
        names_es: ~
        population: 68309
        timezone: America/Lima
      - 
        alternate_names: 
          - "San Bartolo"
          - "Сан Бартоло"
        ascii_name: "San Bartolo"
        geonamesid: 3929805
        latitude: -12.38333
        longitude: -76.78333
        name: "San Bartolo"
        names_en: ~
        names_es: ~
        population: 5733
        timezone: America/Lima
      - 
        alternate_names: ~
        ascii_name: "Ricardo Palma"
        geonamesid: 3930382
        latitude: -11.91806
        longitude: -76.66639
        name: "Ricardo Palma"
        names_en: ~
        names_es: ~
        population: 4842
        timezone: America/Lima
      - 
        alternate_names: 
          - Quillmana
          - Quilmana
          - Quilmaná
        ascii_name: Quilmana
        geonamesid: 3930817
        latitude: -12.95
        longitude: -76.38333
        name: Quilmaná
        names_en: ~
        names_es: ~
        population: 6442
        timezone: America/Lima
      - 
        alternate_names: 
          - "Puerto Supe"
        ascii_name: "Puerto Supe"
        geonamesid: 3931453
        latitude: -10.81667
        longitude: -77.75
        name: "Puerto Supe"
        names_en: ~
        names_es: ~
        population: 11450
        timezone: America/Lima
      - 
        alternate_names: ~
        ascii_name: Pativilca
        geonamesid: 3932687
        latitude: -10.7
        longitude: -77.78333
        name: Pativilca
        names_en: ~
        names_es: ~
        population: 13583
        timezone: America/Lima
      - 
        alternate_names: 
          - "Hacienda Paramonga"
          - Paramonga
          - "Paramonga Hacienda"
          - Parmonga
        ascii_name: Paramonga
        geonamesid: 3933024
        latitude: -10.66667
        longitude: -77.83333
        name: Paramonga
        names_en: ~
        names_es: ~
        population: 27631
        timezone: America/Lima
      - 
        alternate_names: ~
        ascii_name: Oyon
        geonamesid: 3933867
        latitude: -10.66806
        longitude: -76.77306
        name: Oyón
        names_en: ~
        names_es: ~
        population: 6276
        timezone: America/Lima
      - 
        alternate_names: ~
        ascii_name: "Nuevo Imperial"
        geonamesid: 3934239
        latitude: -13.07541
        longitude: -76.31719
        name: "Nuevo Imperial"
        names_en: ~
        names_es: ~
        population: 32344
        timezone: America/Lima
      - 
        alternate_names: ~
        ascii_name: "Nicolas de Pierola"
        geonamesid: 3934290
        latitude: -11.95
        longitude: -76.7
        name: "Nicolas de Pierola"
        names_en: ~
        names_es: ~
        population: 5800
        timezone: America/Lima
      - 
        alternate_names: 
          - Matucana
        ascii_name: Matucana
        geonamesid: 3935155
        latitude: -11.85
        longitude: -76.4
        name: Matucana
        names_en: ~
        names_es: ~
        population: 4517
        timezone: America/Lima
      - 
        alternate_names: ~
        ascii_name: Mala
        geonamesid: 3935572
        latitude: -12.65806
        longitude: -76.63083
        name: Mala
        names_en: ~
        names_es: ~
        population: 17260
        timezone: America/Lima
      - 
        alternate_names: ~
        ascii_name: Imperial
        geonamesid: 3938396
        latitude: -13.05927
        longitude: -76.35269
        name: Imperial
        names_en: ~
        names_es: ~
        population: 32344
        timezone: America/Lima
      - 
        alternate_names: ~
        ascii_name: Huaura
        geonamesid: 3939023
        latitude: -11.07
        longitude: -77.59944
        name: Huaura
        names_en: ~
        names_es: ~
        population: 20723
        timezone: America/Lima
      - 
        alternate_names: ~
        ascii_name: Huaral
        geonamesid: 3939285
        latitude: -11.495
        longitude: -77.20778
        name: Huaral
        names_en: ~
        names_es: ~
        population: 62174
        timezone: America/Lima
      - 
        alternate_names: ~
        ascii_name: Hualmay
        geonamesid: 3939761
        latitude: -11.09639
        longitude: -77.61389
        name: Hualmay
        names_en: ~
        names_es: ~
        population: 26658
        timezone: America/Lima
      - 
        alternate_names: 
          - Huacho
          - Uacho
          - Уачо
        ascii_name: Huacho
        geonamesid: 3940002
        latitude: -11.10667
        longitude: -77.605
        name: Huacho
        names_en: ~
        names_es: ~
        population: 54545
        timezone: America/Lima
      - 
        alternate_names: 
          - Chosica
          - "Nueva Chosica"
        ascii_name: Chosica
        geonamesid: 3943423
        latitude: -11.94306
        longitude: -76.70944
        name: Chosica
        names_en: ~
        names_es: ~
        population: 88606
        timezone: America/Lima
      - 
        alternate_names: 
          - Chilca
          - Salinas
        ascii_name: Chilca
        geonamesid: 3943957
        latitude: -12.52111
        longitude: -76.73722
        name: Chilca
        names_en: ~
        names_es: ~
        population: 12884
        timezone: America/Lima
      - 
        alternate_names: ~
        ascii_name: Chancay
        geonamesid: 3944399
        latitude: -11.57139
        longitude: -77.26722
        name: Chancay
        names_en: ~
        names_es: ~
        population: 26958
        timezone: America/Lima
      - 
        alternate_names: 
          - Carquin
          - Carquín
        ascii_name: "Caleta de Carquin"
        geonamesid: 3946147
        latitude: -11.0925
        longitude: -77.62667
        name: "Caleta de Carquín"
        names_en: ~
        names_es: ~
        population: 5514
        timezone: America/Lima
      - 
        alternate_names: ~
        ascii_name: Barranca
        geonamesid: 3946820
        latitude: -10.75
        longitude: -77.76667
        name: Barranca
        names_en: ~
        names_es: ~
        population: 46290
        timezone: America/Lima
    geonamesid: 3936452
    name: Lima
    names_en: ~
    names_es: ~
  - 
    ascii_name: "Departamento de Junin"
    cities: 
      - 
        alternate_names: 
          - Tarma
          - Тарма
        ascii_name: Tarma
        geonamesid: 3927758
        latitude: -11.41972
        longitude: -75.69083
        name: Tarma
        names_en: ~
        names_es: ~
        population: 51350
        timezone: America/Lima
      - 
        alternate_names: ~
        ascii_name: Sicaya
        geonamesid: 3928691
        latitude: -12.03333
        longitude: -75.28333
        name: Sicaya
        names_en: ~
        names_es: ~
        population: 6842
        timezone: America/Lima
      - 
        alternate_names: 
          - "San Francisco de Satipo"
          - Satipo
        ascii_name: Satipo
        geonamesid: 3928924
        latitude: -11.25222
        longitude: -74.63861
        name: Satipo
        names_en: ~
        names_es: ~
        population: 15532
        timezone: America/Lima
      - 
        alternate_names: 
          - "San Ramon"
          - "San Ramón"
          - "San Roman"
        ascii_name: "San Ramon"
        geonamesid: 3929314
        latitude: -11.12139
        longitude: -75.35306
        name: "San Ramón"
        names_en: ~
        names_es: ~
        population: 14708
        timezone: America/Lima
      - 
        alternate_names: 
          - Cajas
          - "San Pedro de Cacas"
          - "San Pedro de Cajas"
        ascii_name: "San Pedro de Cajas"
        geonamesid: 3929335
        latitude: -11.25111
        longitude: -75.86167
        name: "San Pedro de Cajas"
        names_en: ~
        names_es: ~
        population: 5758
        timezone: America/Lima
      - 
        alternate_names: 
          - "San Geronimo"
          - "San Gerónimo"
          - "San Jeronimo"
          - "San Jeronimo de Tunan"
        ascii_name: "San Jeronimo"
        geonamesid: 3929611
        latitude: -11.94717
        longitude: -75.28293
        name: "San Jerónimo"
        names_en: ~
        names_es: ~
        population: 8772
        timezone: America/Lima
      - 
        alternate_names: 
          - "San Agustin"
          - "San Agustin de Cajas"
          - "San Agustín"
          - "San Agustín de Cajas"
        ascii_name: "San Agustin"
        geonamesid: 3929888
        latitude: -11.99219
        longitude: -75.24528
        name: "San Agustin"
        names_en: ~
        names_es: ~
        population: 5998
        timezone: America/Lima
      - 
        alternate_names: 
          - Pilcomay
          - Pilcomayo
        ascii_name: Pilcomay
        geonamesid: 3932282
        latitude: -12.05
        longitude: -75.26667
        name: Pilcomay
        names_en: ~
        names_es: ~
        population: 8169
        timezone: America/Lima
      - 
        alternate_names: 
          - "Hacienda Perene"
          - "Hacienda Perené"
          - Perene
          - Perené
        ascii_name: Perene
        geonamesid: 3932502
        latitude: -10.94917
        longitude: -75.22611
        name: Perené
        names_en: ~
        names_es: ~
        population: 6844
        timezone: America/Lima
      - 
        alternate_names: ~
        ascii_name: Orcotuna
        geonamesid: 3933981
        latitude: -11.96667
        longitude: -75.33333
        name: Orcotuna
        names_en: ~
        names_es: ~
        population: 4199
        timezone: America/Lima
      - 
        alternate_names: ~
        ascii_name: Morococha
        geonamesid: 3934586
        latitude: -11.59972
        longitude: -76.14111
        name: Morococha
        names_en: ~
        names_es: ~
        population: 7890
        timezone: America/Lima
      - 
        alternate_names: 
          - Mazamani
          - Mazamari
        ascii_name: Mazamari
        geonamesid: 3935102
        latitude: -11.32583
        longitude: -74.53083
        name: Mazamari
        names_en: ~
        names_es: ~
        population: 6826
        timezone: America/Lima
      - 
        alternate_names: 
          - "La Oroya"
          - La-Oroja
          - Oroya
          - Ла-Оройа
        ascii_name: "La Oroya"
        geonamesid: 3936952
        latitude: -11.51893
        longitude: -75.89935
        name: "La Oroya"
        names_en: ~
        names_es: ~
        population: 33345
        timezone: America/Lima
      - 
        alternate_names: ~
        ascii_name: Junin
        geonamesid: 3937486
        latitude: -11.15889
        longitude: -75.99306
        name: Junín
        names_en: ~
        names_es: ~
        population: 15320
        timezone: America/Lima
      - 
        alternate_names: 
          - Jauja
          - Khaukha
          - Хауха
        ascii_name: Jauja
        geonamesid: 3937733
        latitude: -11.77584
        longitude: -75.49656
        name: Jauja
        names_en: ~
        names_es: ~
        population: 21057
        timezone: America/Lima
      - 
        alternate_names: ~
        ascii_name: Huayucachi
        geonamesid: 3938819
        latitude: -12.13333
        longitude: -75.23333
        name: Huayucachi
        names_en: ~
        names_es: ~
        population: 5827
        timezone: America/Lima
      - 
        alternate_names: ~
        ascii_name: Huasahuasi
        geonamesid: 3939123
        latitude: -11.31667
        longitude: -75.61667
        name: Huasahuasi
        names_en: ~
        names_es: ~
        population: 5146
        timezone: America/Lima
      - 
        alternate_names: 
          - Huancaium
          - Huancaya
          - Huancayo
          - Uankajo
        ascii_name: Huancayo
        geonamesid: 3939459
        latitude: -12.06667
        longitude: -75.23333
        name: Huancayo
        names_en: 
          - Huancayo
        names_es: 
          - Huancayo
        population: 376657
        timezone: America/Lima
      - 
        alternate_names: ~
        ascii_name: Concepcion
        geonamesid: 3942548
        latitude: -11.91811
        longitude: -75.31173
        name: Concepción
        names_en: ~
        names_es: ~
        population: 11330
        timezone: America/Lima
      - 
        alternate_names: ~
        ascii_name: Chupaca
        geonamesid: 3943186
        latitude: -12.06667
        longitude: -75.28333
        name: Chupaca
        names_en: ~
        names_es: ~
        population: 9877
        timezone: America/Lima
      - 
        alternate_names: ~
        ascii_name: Carhuamayo
        geonamesid: 3945466
        latitude: -10.91667
        longitude: -76.03333
        name: Carhuamayo
        names_en: ~
        names_es: ~
        population: 9122
        timezone: America/Lima
      - 
        alternate_names: ~
        ascii_name: Acolla
        geonamesid: 3948448
        latitude: -11.73193
        longitude: -75.54634
        name: Acolla
        names_en: ~
        names_es: ~
        population: 6805
        timezone: America/Lima
    geonamesid: 3937485
    name: Junín
    names_en: ~
    names_es: ~
  - 
    ascii_name: "Departamento de Ica"
    cities: 
      - 
        alternate_names: ~
        ascii_name: "Villa Tupac Amaru"
        geonamesid: 3926119
        latitude: -13.7
        longitude: -76.15
        name: "Villa Tupac Amaru"
        names_en: ~
        names_es: ~
        population: 11159
        timezone: America/Lima
      - 
        alternate_names: ~
        ascii_name: Subtanjalla
        geonamesid: 3928365
        latitude: -14.01889
        longitude: -75.75806
        name: Subtanjalla
        names_en: ~
        names_es: ~
        population: 9096
        timezone: America/Lima
      - 
        alternate_names: ~
        ascii_name: Santiago
        geonamesid: 3929051
        latitude: -14.18861
        longitude: -75.71417
        name: Santiago
        names_en: ~
        names_es: ~
        population: 10449
        timezone: America/Lima
      - 
        alternate_names: 
          - "Juan Bautista"
          - "San Juan"
          - "San Juan Bautista"
        ascii_name: "San Juan Bautista"
        geonamesid: 3929493
        latitude: -14.01083
        longitude: -75.73583
        name: "San Juan Bautista"
        names_en: ~
        names_es: ~
        population: 6871
        timezone: America/Lima
      - 
        alternate_names: ~
        ascii_name: "San Clemente"
        geonamesid: 3929768
        latitude: -13.66667
        longitude: -76.15
        name: "San Clemente"
        names_en: ~
        names_es: ~
        population: 15815
        timezone: America/Lima
      - 
        alternate_names: ~
        ascii_name: "Rio Grande"
        geonamesid: 3930348
        latitude: -14.51972
        longitude: -75.20139
        name: "Río Grande"
        names_en: ~
        names_es: ~
        population: 4689
        timezone: America/Lima
      - 
        alternate_names: 
          - Pisco
          - Pisko
          - Писко
        ascii_name: Pisco
        geonamesid: 3932145
        latitude: -13.7
        longitude: -76.21667
        name: Pisco
        names_en: 
          - Pisco
        names_es: 
          - Pisco
        population: 61869
        timezone: America/Lima
      - 
        alternate_names: 
          - Paracas
          - Parakas
          - Паракас
        ascii_name: Paracas
        geonamesid: 3933058
        latitude: -13.86667
        longitude: -76.26667
        name: Paracas
        names_en: ~
        names_es: ~
        population: 1196
        timezone: America/Lima
      - 
        alternate_names: ~
        ascii_name: Palpa
        geonamesid: 3933345
        latitude: -14.53361
        longitude: -75.18556
        name: Palpa
        names_en: ~
        names_es: ~
        population: 5883
        timezone: America/Lima
      - 
        alternate_names: 
          - Nasca
          - Naska
          - Nazca
          - "Placa de Nazca"
        ascii_name: Nazca
        geonamesid: 3934356
        latitude: -14.83333
        longitude: -74.95
        name: Nazca
        names_en: 
          - Nazca
        names_es: 
          - "Provincia de Nazca"
        population: 23556
        timezone: America/Lima
      - 
        alternate_names: 
          - Marcona
          - "Mina Marcona"
          - "Minas de Marcona"
        ascii_name: "Minas de Marcona"
        geonamesid: 3935288
        latitude: -15.21194
        longitude: -75.11028
        name: "Minas de Marcona"
        names_en: ~
        names_es: ~
        population: 15478
        timezone: America/Lima
      - 
        alternate_names: ~
        ascii_name: "Los Aquijes"
        geonamesid: 3935969
        latitude: -14.09667
        longitude: -75.69083
        name: "Los Aquijes"
        names_en: ~
        names_es: ~
        population: 7848
        timezone: America/Lima
      - 
        alternate_names: 
          - Ica
          - Ika
          - Ика
        ascii_name: Ica
        geonamesid: 3938527
        latitude: -14.06528
        longitude: -75.73083
        name: Ica
        names_en: 
          - Ica
        names_es: 
          - Ica
        population: 246844
        timezone: America/Lima
      - 
        alternate_names: 
          - "Chincha Alta"
        ascii_name: "Chincha Alta"
        geonamesid: 3943789
        latitude: -13.40985
        longitude: -76.13235
        name: "Chincha Alta"
        names_en: ~
        names_es: ~
        population: 153076
        timezone: America/Lima
    geonamesid: 3938526
    name: Ica
    names_en: ~
    names_es: ~
  - 
    ascii_name: "Departamento de Huancavelica"
    cities: 
      - 
        alternate_names: 
          - Pampas
        ascii_name: Pampas
        geonamesid: 3933185
        latitude: -12.4
        longitude: -74.9
        name: Pampas
        names_en: ~
        names_es: ~
        population: 5521
        timezone: America/Lima
      - 
        alternate_names: 
          - Huancavelica
          - Uankavelika
          - Wankawillka
          - Уанкавелика
        ascii_name: Huancavelica
        geonamesid: 3939470
        latitude: -12.76667
        longitude: -74.98333
        name: Huancavelica
        names_en: 
          - Huancavelica
        names_es: 
          - Huancavelica
        population: 41576
        timezone: America/Lima
    geonamesid: 3939467
    name: Huancavelica
    names_en: ~
    names_es: ~
  - 
    ascii_name: "Departamento de Cusco"
    cities: 
      - 
        alternate_names: ~
        ascii_name: Yanaoca
        geonamesid: 3925749
        latitude: -14.21806
        longitude: -71.43167
        name: Yanaoca
        names_en: ~
        names_es: ~
        population: 3913
        timezone: America/Lima
      - 
        alternate_names: ~
        ascii_name: Urubamba
        geonamesid: 3926438
        latitude: -13.30472
        longitude: -72.11583
        name: Urubamba
        names_en: ~
        names_es: ~
        population: 7540
        timezone: America/Lima
      - 
        alternate_names: ~
        ascii_name: Urcos
        geonamesid: 3926462
        latitude: -13.68611
        longitude: -71.62278
        name: Urcos
        names_en: ~
        names_es: ~
        population: 5479
        timezone: America/Lima
      - 
        alternate_names: ~
        ascii_name: Tungasuca
        geonamesid: 3926776
        latitude: -14.16389
        longitude: -71.47667
        name: Tungasuca
        names_en: ~
        names_es: ~
        population: 3791
        timezone: America/Lima
      - 
        alternate_names: ~
        ascii_name: Tinta
        geonamesid: 3927441
        latitude: -14.145
        longitude: -71.40694
        name: Tinta
        names_en: ~
        names_es: ~
        population: 3466
        timezone: America/Lima
      - 
        alternate_names: ~
        ascii_name: Sicuani
        geonamesid: 3928679
        latitude: -14.26944
        longitude: -71.22611
        name: Sicuani
        names_en: ~
        names_es: ~
        population: 33575
        timezone: America/Lima
      - 
        alternate_names: ~
        ascii_name: "Santa Ana"
        geonamesid: 3929295
        latitude: -12.86667
        longitude: -72.71667
        name: "Santa Ana"
        names_en: ~
        names_es: ~
        population: 25145
        timezone: America/Lima
      - 
        alternate_names: ~
        ascii_name: "San Pablo"
        geonamesid: 3929375
        latitude: -14.20278
        longitude: -71.31556
        name: "San Pablo"
        names_en: ~
        names_es: ~
        population: 3486
        timezone: America/Lima
      - 
        alternate_names: 
          - Pisac
          - Pisak
          - Писак
        ascii_name: Pisac
        geonamesid: 3932166
        latitude: -13.4225
        longitude: -71.84667
        name: Pisac
        names_en: ~
        names_es: ~
        population: 2000
        timezone: America/Lima
      - 
        alternate_names: 
          - Pangoa
          - Pangos
          - Pongos-Casa
        ascii_name: Pangoa
        geonamesid: 3933104
        latitude: -12.11667
        longitude: -73.0
        name: Pangoa
        names_en: ~
        names_es: ~
        population: 6638
        timezone: America/Lima
      - 
        alternate_names: ~
        ascii_name: Pampamarca
        geonamesid: 3933218
        latitude: -14.14639
        longitude: -71.45944
        name: Pampamarca
        names_en: ~
        names_es: ~
        population: 3811
        timezone: America/Lima
      - 
        alternate_names: ~
        ascii_name: Oropesa
        geonamesid: 3933956
        latitude: -13.59278
        longitude: -71.77194
        name: Oropesa
        names_en: ~
        names_es: ~
        population: 4022
        timezone: America/Lima
      - 
        alternate_names: 
          - Ollantaitambo
          - Ollantaytambo
          - Ullantaytampu
          - Ullantaytanpu
        ascii_name: Ollantaytambo
        geonamesid: 3934055
        latitude: -13.25722
        longitude: -72.26306
        name: Ollantaytambo
        names_en: 
          - Ollantaytambo
        names_es: 
          - Ollantaytambo
        population: 2000
        timezone: America/Lima
      - 
        alternate_names: ~
        ascii_name: Marangani
        geonamesid: 3935379
        latitude: -14.35778
        longitude: -71.16861
        name: Maranganí
        names_en: ~
        names_es: ~
        population: 3709
        timezone: America/Lima
      - 
        alternate_names: ~
        ascii_name: Layo
        geonamesid: 3936541
        latitude: -14.49361
        longitude: -71.155
        name: Layo
        names_en: ~
        names_es: ~
        population: 3978
        timezone: America/Lima
      - 
        alternate_names: ~
        ascii_name: Langui
        geonamesid: 3936963
        latitude: -14.43194
        longitude: -71.27306
        name: Langui
        names_en: ~
        names_es: ~
        population: 3969
        timezone: America/Lima
      - 
        alternate_names: 
          - "Ciudad del Cuzco"
          - Cusco
          - Cuscum
          - Cuzco
        ascii_name: Cusco
        geonamesid: 3941584
        latitude: -13.51833
        longitude: -71.97806
        name: Cusco
        names_en: 
          - Cusco
        names_es: 
          - Cusco
          - "Ciudad del Cuzco"
          - Cuzco
        population: 312140
        timezone: America/Lima
      - 
        alternate_names: ~
        ascii_name: Combapata
        geonamesid: 3942593
        latitude: -14.10111
        longitude: -71.42944
        name: Combapata
        names_en: ~
        names_es: ~
        population: 3472
        timezone: America/Lima
      - 
        alternate_names: 
          - Checa
          - Checca
        ascii_name: Checca
        geonamesid: 3944134
        latitude: -14.47278
        longitude: -71.39389
        name: Checca
        names_en: ~
        names_es: ~
        population: 3810
        timezone: America/Lima
      - 
        alternate_names: 
          - Checacupe
          - Checcacupe
        ascii_name: Checacupe
        geonamesid: 3944138
        latitude: -14.02694
        longitude: -71.45278
        name: Checacupe
        names_en: ~
        names_es: ~
        population: 3440
        timezone: America/Lima
      - 
        alternate_names: 
          - Calca
          - Colca
        ascii_name: Calca
        geonamesid: 3946177
        latitude: -13.33333
        longitude: -71.95
        name: Calca
        names_en: ~
        names_es: ~
        population: 9179
        timezone: America/Lima
      - 
        alternate_names: ~
        ascii_name: Anta
        geonamesid: 3947634
        latitude: -13.47056
        longitude: -72.14833
        name: Anta
        names_en: ~
        names_es: ~
        population: 5859
        timezone: America/Lima
      - 
        alternate_names: ~
        ascii_name: "Mosoc Llacta"
        geonamesid: 3948689
        latitude: -14.12
        longitude: -71.47278
        name: "Mosoc Llacta"
        names_en: ~
        names_es: ~
        population: 3802
        timezone: America/Lima
      - 
        alternate_names: ~
        ascii_name: "Santo Tomas"
        geonamesid: 3948917
        latitude: -14.44556
        longitude: -72.08417
        name: "Santo Tomas"
        names_en: ~
        names_es: ~
        population: 4134
        timezone: America/Lima
      - 
        alternate_names: ~
        ascii_name: Callanca
        geonamesid: 3952849
        latitude: -14.17944
        longitude: -71.14028
        name: Callanca
        names_en: ~
        names_es: ~
        population: 4046
        timezone: America/Lima
      - 
        alternate_names: ~
        ascii_name: Cullcuyre
        geonamesid: 3952867
        latitude: -14.09333
        longitude: -71.3325
        name: Cullcuyre
        names_en: ~
        names_es: ~
        population: 3593
        timezone: America/Lima
      - 
        alternate_names: ~
        ascii_name: Cahuanuyo
        geonamesid: 3953301
        latitude: -14.34111
        longitude: -71.46944
        name: Cahuanuyo
        names_en: ~
        names_es: ~
        population: 3935
        timezone: America/Lima
      - 
        alternate_names: ~
        ascii_name: Ccaquiracunca
        geonamesid: 3953343
        latitude: -14.27861
        longitude: -71.44944
        name: Ccaquiracunca
        names_en: ~
        names_es: ~
        population: 4098
        timezone: America/Lima
      - 
        alternate_names: ~
        ascii_name: Chignayhua
        geonamesid: 3953385
        latitude: -14.24306
        longitude: -71.44194
        name: Chignayhua
        names_en: ~
        names_es: ~
        population: 3912
        timezone: America/Lima
      - 
        alternate_names: ~
        ascii_name: Ccuntuma
        geonamesid: 3953594
        latitude: -14.12611
        longitude: -71.41111
        name: Ccuntuma
        names_en: ~
        names_es: ~
        population: 3511
        timezone: America/Lima
      - 
        alternate_names: ~
        ascii_name: "Lima Pampa"
        geonamesid: 3953687
        latitude: -14.08861
        longitude: -71.33722
        name: "Lima Pampa"
        names_en: ~
        names_es: ~
        population: 3569
        timezone: America/Lima
      - 
        alternate_names: ~
        ascii_name: Jayobamba
        geonamesid: 3953711
        latitude: -14.09417
        longitude: -71.33861
        name: Jayobamba
        names_en: ~
        names_es: ~
        population: 3593
        timezone: America/Lima
      - 
        alternate_names: ~
        ascii_name: Queromarca
        geonamesid: 3953732
        latitude: -14.1825
        longitude: -71.38444
        name: Queromarca
        names_en: ~
        names_es: ~
        population: 3496
        timezone: America/Lima
      - 
        alternate_names: ~
        ascii_name: Qquea
        geonamesid: 3953762
        latitude: -14.05417
        longitude: -71.38583
        name: Qquea
        names_en: ~
        names_es: ~
        population: 3482
        timezone: America/Lima
      - 
        alternate_names: ~
        ascii_name: Conchopata
        geonamesid: 3953918
        latitude: -14.47111
        longitude: -71.19806
        name: Conchopata
        names_en: ~
        names_es: ~
        population: 3977
        timezone: America/Lima
      - 
        alternate_names: ~
        ascii_name: "Mosoc Cancha"
        geonamesid: 3954288
        latitude: -14.28444
        longitude: -71.0725
        name: "Mosoc Cancha"
        names_en: ~
        names_es: ~
        population: 4450
        timezone: America/Lima
      - 
        alternate_names: ~
        ascii_name: "Huayna Alcalde"
        geonamesid: 3954291
        latitude: -14.26528
        longitude: -71.08167
        name: "Huayna Alcalde"
        names_en: ~
        names_es: ~
        population: 4298
        timezone: America/Lima
    geonamesid: 3941583
    name: Cusco
    names_en: ~
    names_es: ~
  - 
    ascii_name: "Provincia Constitucional del Callao"
    cities: 
      - 
        alternate_names: 
          - Callao
          - "El Callao"
          - Kaljao
          - Kallao
        ascii_name: Callao
        geonamesid: 3946083
        latitude: -12.06667
        longitude: -77.15
        name: Callao
        names_en: 
          - Callao
        names_es: 
          - "El Callao"
        population: 813264
        timezone: America/Lima
    geonamesid: 3946080
    name: Callao
    names_en: ~
    names_es: ~
  - 
    ascii_name: "Departamento de Ayacucho"
    cities: 
      - 
        alternate_names: ~
        ascii_name: Tambo
        geonamesid: 3927995
        latitude: -14.8
        longitude: -73.91667
        name: Tambo
        names_en: ~
        names_es: ~
        population: 5032
        timezone: America/Lima
      - 
        alternate_names: ~
        ascii_name: "San Miguel"
        geonamesid: 3929403
        latitude: -13.0125
        longitude: -73.98083
        name: "San Miguel"
        names_en: ~
        names_es: ~
        population: 6303
        timezone: America/Lima
      - 
        alternate_names: 
          - Puquio
          - Puqure
        ascii_name: Puquio
        geonamesid: 3931223
        latitude: -14.7
        longitude: -74.13333
        name: Puquio
        names_en: ~
        names_es: ~
        population: 10491
        timezone: America/Lima
      - 
        alternate_names: ~
        ascii_name: Huanta
        geonamesid: 3939386
        latitude: -12.93333
        longitude: -74.25
        name: Huanta
        names_en: ~
        names_es: ~
        population: 18627
        timezone: America/Lima
      - 
        alternate_names: ~
        ascii_name: Coracora
        geonamesid: 3942259
        latitude: -15.03333
        longitude: -73.78333
        name: Coracora
        names_en: ~
        names_es: ~
        population: 7420
        timezone: America/Lima
      - 
        alternate_names: ~
        ascii_name: Ayna
        geonamesid: 3946962
        latitude: -12.65
        longitude: -73.91667
        name: Ayna
        names_en: ~
        names_es: ~
        population: 4588
        timezone: America/Lima
      - 
        alternate_names: 
          - Ajakucho
          - Ayacucho
          - Wamanqa
          - Аякучо
        ascii_name: Ayacucho
        geonamesid: 3947019
        latitude: -13.15833
        longitude: -74.22389
        name: Ayacucho
        names_en: 
          - Ayacucho
        names_es: 
          - Ayacucho
        population: 140033
        timezone: America/Lima
    geonamesid: 3947018
    name: Ayacucho
    names_en: ~
    names_es: ~
  - 
    ascii_name: "Departamento de Arequipa"
    cities: 
      - 
        alternate_names: 
          - "Balneario de Yura"
          - Yura
        ascii_name: Yura
        geonamesid: 3925467
        latitude: -16.25223
        longitude: -71.67969
        name: Yura
        names_en: ~
        names_es: ~
        population: 5686
        timezone: America/Lima
      - 
        alternate_names: ~
        ascii_name: Vizcachane
        geonamesid: 3925955
        latitude: -15.80861
        longitude: -71.20111
        name: Vizcachane
        names_en: ~
        names_es: ~
        population: 4407
        timezone: America/Lima
      - 
        alternate_names: 
          - Bombon
          - "La Punta"
          - "Punta de Bombon"
          - "Punta de Bombón"
        ascii_name: "Punta de Bombon"
        geonamesid: 3931255
        latitude: -17.17167
        longitude: -71.79306
        name: "Punta de Bombón"
        names_en: ~
        names_es: ~
        population: 6336
        timezone: America/Lima
      - 
        alternate_names: ~
        ascii_name: Pucara
        geonamesid: 3931656
        latitude: -15.98028
        longitude: -71.46056
        name: Pucara
        names_en: ~
        names_es: ~
        population: 4335
        timezone: America/Lima
      - 
        alternate_names: ~
        ascii_name: Orcopampa
        geonamesid: 3933986
        latitude: -15.26611
        longitude: -72.34167
        name: Orcopampa
        names_en: ~
        names_es: ~
        population: 5643
        timezone: America/Lima
      - 
        alternate_names: 
          - Mol'endo
          - Mollendo
          - Мольендо
        ascii_name: Mollendo
        geonamesid: 3934707
        latitude: -17.02306
        longitude: -72.01472
        name: Mollendo
        names_en: ~
        names_es: ~
        population: 28953
        timezone: America/Lima
      - 
        alternate_names: ~
        ascii_name: Lluta
        geonamesid: 3936088
        latitude: -16.01472
        longitude: -72.01417
        name: Lluta
        names_en: ~
        names_es: ~
        population: 5998
        timezone: America/Lima
      - 
        alternate_names: ~
        ascii_name: "Jatun Orcochiri"
        geonamesid: 3937765
        latitude: -15.75
        longitude: -71.34667
        name: "Jatun Orcochiri"
        names_en: ~
        names_es: ~
        population: 4358
        timezone: America/Lima
      - 
        alternate_names: 
          - Cocachacra
          - Cocahacra
        ascii_name: Cocachacra
        geonamesid: 3942957
        latitude: -17.08833
        longitude: -71.7575
        name: Cocachacra
        names_en: ~
        names_es: ~
        population: 8799
        timezone: America/Lima
      - 
        alternate_names: 
          - Chivay
        ascii_name: Chivay
        geonamesid: 3943626
        latitude: -15.63833
        longitude: -71.60111
        name: Chivay
        names_en: ~
        names_es: ~
        population: 4543
        timezone: America/Lima
      - 
        alternate_names: 
          - Camana
          - Camaná
        ascii_name: Camana
        geonamesid: 3945985
        latitude: -16.62278
        longitude: -72.71111
        name: Camaná
        names_en: ~
        names_es: ~
        population: 16434
        timezone: America/Lima
      - 
        alternate_names: 
          - Arekipa
          - Arekipo
          - Arequipa
          - Arikipa
        ascii_name: Arequipa
        geonamesid: 3947322
        latitude: -16.39889
        longitude: -71.535
        name: Arequipa
        names_en: 
          - Arequipa
        names_es: 
          - Arequipa
        population: 841130
        timezone: America/Lima
      - 
        alternate_names: ~
        ascii_name: Acari
        geonamesid: 3948613
        latitude: -15.43111
        longitude: -74.61583
        name: Acarí
        names_en: ~
        names_es: ~
        population: 4445
        timezone: America/Lima
      - 
        alternate_names: ~
        ascii_name: Huarancante
        geonamesid: 3951506
        latitude: -15.76806
        longitude: -71.45972
        name: Huarancante
        names_en: ~
        names_es: ~
        population: 4638
        timezone: America/Lima
      - 
        alternate_names: ~
        ascii_name: Ccolo
        geonamesid: 3951550
        latitude: -15.50583
        longitude: -71.49167
        name: Ccolo
        names_en: ~
        names_es: ~
        population: 3857
        timezone: America/Lima
      - 
        alternate_names: ~
        ascii_name: Huarichancara
        geonamesid: 3951691
        latitude: -15.63972
        longitude: -71.06111
        name: Huarichancara
        names_en: ~
        names_es: ~
        population: 4445
        timezone: America/Lima
      - 
        alternate_names: ~
        ascii_name: Llongasora
        geonamesid: 3951757
        latitude: -15.63917
        longitude: -71.29972
        name: Llongasora
        names_en: ~
        names_es: ~
        population: 4753
        timezone: America/Lima
      - 
        alternate_names: ~
        ascii_name: Jayune
        geonamesid: 3951767
        latitude: -15.56333
        longitude: -71.30306
        name: Jayune
        names_en: ~
        names_es: ~
        population: 4256
        timezone: America/Lima
    geonamesid: 3947319
    name: Arequipa
    names_en: ~
    names_es: ~
  - 
    ascii_name: "Departamento de Apurimac"
    cities: 
      - 
        alternate_names: ~
        ascii_name: Talavera
        geonamesid: 3928043
        latitude: -13.65306
        longitude: -73.42917
        name: Talavera
        names_en: ~
        names_es: ~
        population: 7381
        timezone: America/Lima
      - 
        alternate_names: 
          - "San Geronimo"
          - "San Jeronimo"
          - "San Jerónimo"
        ascii_name: "San Jeronimo"
        geonamesid: 3929607
        latitude: -13.65028
        longitude: -73.365
        name: "San Jerónimo"
        names_en: ~
        names_es: ~
        population: 5609
        timezone: America/Lima
      - 
        alternate_names: 
          - Andahuailas
          - Andahuavlas
          - Andahuaylas
        ascii_name: Andahuaylas
        geonamesid: 3947740
        latitude: -13.65556
        longitude: -73.38722
        name: Andahuaylas
        names_en: ~
        names_es: ~
        population: 17444
        timezone: America/Lima
      - 
        alternate_names: 
          - Abancai
          - Abancaius
          - Abancay
          - Abankaj
        ascii_name: Abancay
        geonamesid: 3948642
        latitude: -13.63389
        longitude: -72.88139
        name: Abancay
        names_en: 
          - Abancay
        names_es: 
          - Abancay
        population: 55111
        timezone: America/Lima
      - 
        alternate_names: ~
        ascii_name: "San Pedro De Cachora"
        geonamesid: 7535952
        latitude: -13.63333
        longitude: -72.88333
        name: "San Pedro De Cachora"
        names_en: ~
        names_es: ~
        population: 0
        timezone: America/Lima
    geonamesid: 3947421
    name: Apurímac
    names_en: ~
    names_es: ~
