--- 
geonamesid: 4566966
iso: PR
name: "Puerto Rico"
names_en: 
  - "Commonwealth of Puerto Rico"
  - "Puerto Rico"
names_es: 
  - "Estado Libre Asociado de Puerto Rico"
  - Borinquen
  - "Puerto Rico"
regions: 
  - 
    ascii_name: Adjuntas
    cities: 
      - 
        alternate_names: ~
        ascii_name: Adjuntas
        geonamesid: 4562485
        latitude: 18.15849
        longitude: -66.80177
        name: Adjuntas
        names_en: ~
        names_es: ~
        population: 5080
        timezone: America/Puerto_Rico
    geonamesid: 4562487
    name: Adjuntas
    names_en: ~
    names_es: ~
  - 
    ascii_name: Aguada
    cities: 
      - 
        alternate_names: ~
        ascii_name: Aguada
        geonamesid: 4562502
        latitude: 18.37939
        longitude: -67.18824
        name: Aguada
        names_en: ~
        names_es: ~
        population: 4040
        timezone: America/Puerto_Rico
      - 
        alternate_names: ~
        ascii_name: Luyando
        geonamesid: 4566110
        latitude: 18.36439
        longitude: -67.1574
        name: Luyando
        names_en: ~
        names_es: ~
        population: 3553
        timezone: America/Puerto_Rico
    geonamesid: 4562503
    name: Aguada
    names_en: ~
    names_es: ~
  - 
    ascii_name: Aguadilla
    cities: 
      - 
        alternate_names: ~
        ascii_name: Aguadilla
        geonamesid: 4562506
        latitude: 18.42745
        longitude: -67.15407
        name: Aguadilla
        names_en: ~
        names_es: ~
        population: 16073
        timezone: America/Puerto_Rico
      - 
        alternate_names: ~
        ascii_name: Caban
        geonamesid: 4562989
        latitude: 18.44328
        longitude: -67.13601
        name: Caban
        names_en: ~
        names_es: ~
        population: 3959
        timezone: America/Puerto_Rico
      - 
        alternate_names: ~
        ascii_name: "Rafael Hernandez"
        geonamesid: 4567575
        latitude: 18.47133
        longitude: -67.07907
        name: "Rafael Hernandez"
        names_en: ~
        names_es: ~
        population: 1516
        timezone: America/Puerto_Rico
      - 
        alternate_names: ~
        ascii_name: "San Antonio"
        geonamesid: 4568069
        latitude: 18.49217
        longitude: -67.09851
        name: "San Antonio"
        names_en: ~
        names_es: ~
        population: 2300
        timezone: America/Puerto_Rico
    geonamesid: 4562512
    name: Aguadilla
    names_en: ~
    names_es: ~
  - 
    ascii_name: "Aguas Buenas"
    cities: 
      - 
        alternate_names: ~
        ascii_name: "Santa Clara"
        geonamesid: 4568200
        latitude: 18.21857
        longitude: -66.12878
        name: "Santa Clara"
        names_en: ~
        names_es: ~
        population: 1138
        timezone: America/Puerto_Rico
      - 
        alternate_names: ~
        ascii_name: Sumidero
        geonamesid: 4568353
        latitude: 18.21857
        longitude: -66.12878
        name: Sumidero
        names_en: ~
        names_es: ~
        population: 1145
        timezone: America/Puerto_Rico
    geonamesid: 4562516
    name: "Aguas Buenas"
    names_en: ~
    names_es: ~
  - 
    ascii_name: Aibonito
    cities: 
      - 
        alternate_names: ~
        ascii_name: Aibonito
        geonamesid: 4562529
        latitude: 18.13996
        longitude: -66.266
        name: Aibonito
        names_en: ~
        names_es: ~
        population: 8947
        timezone: America/Puerto_Rico
      - 
        alternate_names: ~
        ascii_name: Pastos
        geonamesid: 4566650
        latitude: 18.11774
        longitude: -66.25878
        name: Pastos
        names_en: ~
        names_es: ~
        population: 1528
        timezone: America/Puerto_Rico
    geonamesid: 4562531
    name: Aibonito
    names_en: ~
    names_es: ~
  - 
    ascii_name: Anasco
    cities: 
      - 
        alternate_names: ~
        ascii_name: Anasco
        geonamesid: 4562600
        latitude: 18.28273
        longitude: -67.13962
        name: Añasco
        names_en: ~
        names_es: ~
        population: 6136
        timezone: America/Puerto_Rico
      - 
        alternate_names: ~
        ascii_name: Espino
        geonamesid: 4564862
        latitude: 18.27634
        longitude: -67.11935
        name: Espino
        names_en: ~
        names_es: ~
        population: 1422
        timezone: America/Puerto_Rico
      - 
        alternate_names: ~
        ascii_name: "La Playa"
        geonamesid: 4565804
        latitude: 18.28745
        longitude: -67.18685
        name: "La Playa"
        names_en: ~
        names_es: ~
        population: 2139
        timezone: America/Puerto_Rico
      - 
        alternate_names: ~
        ascii_name: "Las Marias"
        geonamesid: 4565956
        latitude: 18.29328
        longitude: -67.14629
        name: "Las Marias"
        names_en: ~
        names_es: ~
        population: 1823
        timezone: America/Puerto_Rico
    geonamesid: 4562605
    name: Añasco
    names_en: ~
    names_es: ~
  - 
    ascii_name: Arecibo
    cities: 
      - 
        alternate_names: ~
        ascii_name: Animas
        geonamesid: 4562615
        latitude: 18.4455
        longitude: -66.6349
        name: Animas
        names_en: ~
        names_es: ~
        population: 1450
        timezone: America/Puerto_Rico
      - 
        alternate_names: ~
        ascii_name: Arecibo
        geonamesid: 4562635
        latitude: 18.47244
        longitude: -66.71573
        name: Arecibo
        names_en: ~
        names_es: ~
        population: 49318
        timezone: America/Puerto_Rico
      - 
        alternate_names: ~
        ascii_name: Bajadero
        geonamesid: 4562709
        latitude: 18.42661
        longitude: -66.68323
        name: Bajadero
        names_en: ~
        names_es: ~
        population: 3877
        timezone: America/Puerto_Rico
      - 
        alternate_names: ~
        ascii_name: "La Alianza"
        geonamesid: 4565731
        latitude: 18.39745
        longitude: -66.6024
        name: "La Alianza"
        names_en: ~
        names_es: ~
        population: 2139
        timezone: America/Puerto_Rico
      - 
        alternate_names: ~
        ascii_name: "Sabana Hoyos"
        geonamesid: 4568017
        latitude: 18.43384
        longitude: -66.61378
        name: "Sabana Hoyos"
        names_en: ~
        names_es: ~
        population: 1823
        timezone: America/Puerto_Rico
    geonamesid: 4562640
    name: Arecibo
    names_en: ~
    names_es: ~
  - 
    ascii_name: Arroyo
    cities: 
      - 
        alternate_names: ~
        ascii_name: Arroyo
        geonamesid: 4562681
        latitude: 17.9658
        longitude: -66.06128
        name: Arroyo
        names_en: ~
        names_es: ~
        population: 7520
        timezone: America/Puerto_Rico
      - 
        alternate_names: ~
        ascii_name: "Buena Vista"
        geonamesid: 4562972
        latitude: 17.99635
        longitude: -66.05183
        name: "Buena Vista"
        names_en: ~
        names_es: ~
        population: 2026
        timezone: America/Puerto_Rico
      - 
        alternate_names: ~
        ascii_name: Palmas
        geonamesid: 4566481
        latitude: 17.98719
        longitude: -66.02544
        name: Palmas
        names_en: ~
        names_es: ~
        population: 2829
        timezone: America/Puerto_Rico
      - 
        alternate_names: ~
        ascii_name: Yaurel
        geonamesid: 4568957
        latitude: 18.02691
        longitude: -66.05711
        name: Yaurel
        names_en: ~
        names_es: ~
        population: 1468
        timezone: America/Puerto_Rico
    geonamesid: 4562682
    name: Arroyo
    names_en: ~
    names_es: ~
  - 
    ascii_name: Barceloneta
    cities: 
      - 
        alternate_names: ~
        ascii_name: Barceloneta
        geonamesid: 4562768
        latitude: 18.4505
        longitude: -66.53851
        name: Barceloneta
        names_en: ~
        names_es: ~
        population: 4494
        timezone: America/Puerto_Rico
      - 
        alternate_names: ~
        ascii_name: Bufalo
        geonamesid: 4562983
        latitude: 18.41828
        longitude: -66.57323
        name: Bufalo
        names_en: ~
        names_es: ~
        population: 1108
        timezone: America/Puerto_Rico
      - 
        alternate_names: ~
        ascii_name: Garrochales
        geonamesid: 4565049
        latitude: 18.45356
        longitude: -66.56628
        name: Garrochales
        names_en: ~
        names_es: ~
        population: 1208
        timezone: America/Puerto_Rico
      - 
        alternate_names: ~
        ascii_name: Imbery
        geonamesid: 4565540
        latitude: 18.43689
        longitude: -66.55239
        name: Imbery
        names_en: ~
        names_es: ~
        population: 3021
        timezone: America/Puerto_Rico
    geonamesid: 4562771
    name: Barceloneta
    names_en: ~
    names_es: ~
  - 
    ascii_name: Barranquitas
    cities: 
      - 
        alternate_names: ~
        ascii_name: Barranquitas
        geonamesid: 4562778
        latitude: 18.18662
        longitude: -66.30628
        name: Barranquitas
        names_en: ~
        names_es: ~
        population: 3021
        timezone: America/Puerto_Rico
    geonamesid: 4562779
    name: Barranquitas
    names_en: ~
    names_es: ~
  - 
    ascii_name: "Bayamon Municipio"
    cities: 
      - 
        alternate_names: 
          - Bajamon
          - Bayamon
          - Bayamón
          - Баямон
        ascii_name: Bayamon
        geonamesid: 4562831
        latitude: 18.39856
        longitude: -66.15572
        name: Bayamón
        names_en: 
          - Bayamón
        names_es: 
          - Bayamón
        population: 203499
        timezone: America/Puerto_Rico
    geonamesid: 4562837
    name: Bayamón
    names_en: ~
    names_es: ~
  - 
    ascii_name: "Cabo Rojo Municipio"
    cities: 
      - 
        alternate_names: ~
        ascii_name: Boqueron
        geonamesid: 4562903
        latitude: 18.02691
        longitude: -67.16907
        name: Boquerón
        names_en: ~
        names_es: ~
        population: 2017
        timezone: America/Puerto_Rico
      - 
        alternate_names: ~
        ascii_name: "Cabo Rojo"
        geonamesid: 4562996
        latitude: 18.08663
        longitude: -67.14573
        name: "Cabo Rojo"
        names_en: ~
        names_es: ~
        population: 10839
        timezone: America/Puerto_Rico
      - 
        alternate_names: ~
        ascii_name: "Monte Grande"
        geonamesid: 4566305
        latitude: 18.08746
        longitude: -67.1074
        name: "Monte Grande"
        names_en: ~
        names_es: ~
        population: 1817
        timezone: America/Puerto_Rico
      - 
        alternate_names: ~
        ascii_name: "Pole Ojea"
        geonamesid: 4566877
        latitude: 17.97496
        longitude: -67.18518
        name: "Pole Ojea"
        names_en: ~
        names_es: ~
        population: 1829
        timezone: America/Puerto_Rico
      - 
        alternate_names: ~
        ascii_name: "Puerto Real"
        geonamesid: 4566955
        latitude: 18.07496
        longitude: -67.18712
        name: "Puerto Real"
        names_en: ~
        names_es: ~
        population: 6166
        timezone: America/Puerto_Rico
    geonamesid: 4562997
    name: "Cabo Rojo"
    names_en: ~
    names_es: ~
  - 
    ascii_name: "Caguas Municipio"
    cities: 
      - 
        alternate_names: ~
        ascii_name: Bairoa
        geonamesid: 4562705
        latitude: 18.25912
        longitude: -66.04044
        name: Bairoa
        names_en: ~
        names_es: ~
        population: 2365
        timezone: America/Puerto_Rico
      - 
        alternate_names: ~
        ascii_name: Caguas
        geonamesid: 4563008
        latitude: 18.23412
        longitude: -66.0485
        name: Caguas
        names_en: ~
        names_es: ~
        population: 86804
        timezone: America/Puerto_Rico
    geonamesid: 4563011
    name: Caguas
    names_en: ~
    names_es: ~
  - 
    ascii_name: "Camuy Municipio"
    cities: 
      - 
        alternate_names: ~
        ascii_name: Camuy
        geonamesid: 4563064
        latitude: 18.48383
        longitude: -66.8449
        name: Camuy
        names_en: ~
        names_es: ~
        population: 4240
        timezone: America/Puerto_Rico
      - 
        alternate_names: ~
        ascii_name: "Piedra Gorda"
        geonamesid: 4566723
        latitude: 18.43411
        longitude: -66.88768
        name: "Piedra Gorda"
        names_en: ~
        names_es: ~
        population: 1927
        timezone: America/Puerto_Rico
      - 
        alternate_names: ~
        ascii_name: Quebrada
        geonamesid: 4566997
        latitude: 18.35662
        longitude: -66.83212
        name: Quebrada
        names_en: ~
        names_es: ~
        population: 1130
        timezone: America/Puerto_Rico
    geonamesid: 4563065
    name: Camuy
    names_en: ~
    names_es: ~
  - 
    ascii_name: "Canovanas Municipio"
    cities: 
      - 
        alternate_names: ~
        ascii_name: Benitez
        geonamesid: 4562860
        latitude: 18.27357
        longitude: -65.87905
        name: Benitez
        names_en: ~
        names_es: ~
        population: 1334
        timezone: America/Puerto_Rico
      - 
        alternate_names: ~
        ascii_name: "Campo Rico"
        geonamesid: 4563059
        latitude: 18.33717
        longitude: -65.89794
        name: "Campo Rico"
        names_en: ~
        names_es: ~
        population: 3218
        timezone: America/Puerto_Rico
      - 
        alternate_names: ~
        ascii_name: Canovanas
        geonamesid: 4563168
        latitude: 18.37773
        longitude: -65.90628
        name: Canovanas
        names_en: ~
        names_es: ~
        population: 8437
        timezone: America/Puerto_Rico
      - 
        alternate_names: ~
        ascii_name: "San Isidro"
        geonamesid: 4568109
        latitude: 18.39217
        longitude: -65.88544
        name: "San Isidro"
        names_en: ~
        names_es: ~
        population: 8071
        timezone: America/Puerto_Rico
      - 
        alternate_names: ~
        ascii_name: "Santa Barbara"
        geonamesid: 4568194
        latitude: 18.39356
        longitude: -65.91878
        name: "Santa Barbara"
        names_en: ~
        names_es: ~
        population: 5168
        timezone: America/Puerto_Rico
    geonamesid: 4563169
    name: Canovanas
    names_en: ~
    names_es: ~
  - 
    ascii_name: "Carolina Municipio"
    cities: 
      - 
        alternate_names: ~
        ascii_name: Carolina
        geonamesid: 4563243
        latitude: 18.38078
        longitude: -65.95739
        name: Carolina
        names_en: ~
        names_es: ~
        population: 170404
        timezone: America/Puerto_Rico
    geonamesid: 4563244
    name: Carolina
    names_en: ~
    names_es: ~
  - 
    ascii_name: "Catano Municipio"
    cities: 
      - 
        alternate_names: ~
        ascii_name: Catano
        geonamesid: 4563298
        latitude: 18.44134
        longitude: -66.11822
        name: Cataño
        names_en: ~
        names_es: ~
        population: 28093
        timezone: America/Puerto_Rico
    geonamesid: 4563299
    name: Catano
    names_en: ~
    names_es: ~
  - 
    ascii_name: "Cayey Municipio"
    cities: 
      - 
        alternate_names: ~
        ascii_name: Cayey
        geonamesid: 4563308
        latitude: 18.11191
        longitude: -66.166
        name: Cayey
        names_en: ~
        names_es: ~
        population: 18494
        timezone: America/Puerto_Rico
      - 
        alternate_names: ~
        ascii_name: "G. L. Garcia"
        geonamesid: 4565032
        latitude: 18.12746
        longitude: -66.10405
        name: "G. L. Garcia"
        names_en: ~
        names_es: ~
        population: 1798
        timezone: America/Puerto_Rico
    geonamesid: 4563309
    name: Cayey
    names_en: ~
    names_es: ~
  - 
    ascii_name: "Ceiba Municipio"
    cities: 
      - 
        alternate_names: ~
        ascii_name: "Aguas Claras"
        geonamesid: 4562517
        latitude: 18.25273
        longitude: -65.6535
        name: "Aguas Claras"
        names_en: ~
        names_es: ~
        population: 3499
        timezone: America/Puerto_Rico
      - 
        alternate_names: ~
        ascii_name: Ceiba
        geonamesid: 4563378
        latitude: 18.26412
        longitude: -65.6485
        name: Ceiba
        names_en: ~
        names_es: ~
        population: 6277
        timezone: America/Puerto_Rico
    geonamesid: 4563380
    name: Ceiba
    names_en: ~
    names_es: ~
  - 
    ascii_name: "Ciales Municipio"
    cities: 
      - 
        alternate_names: ~
        ascii_name: Ciales
        geonamesid: 4563773
        latitude: 18.33606
        longitude: -66.46878
        name: Ciales
        names_en: ~
        names_es: ~
        population: 3256
        timezone: America/Puerto_Rico
    geonamesid: 4563774
    name: Ciales
    names_en: ~
    names_es: ~
  - 
    ascii_name: "Cidra Municipio"
    cities: 
      - 
        alternate_names: ~
        ascii_name: Bayamon
        geonamesid: 4562832
        latitude: 18.17774
        longitude: -66.11322
        name: Bayamon
        names_en: ~
        names_es: ~
        population: 1699
        timezone: America/Puerto_Rico
      - 
        alternate_names: ~
        ascii_name: Cidra
        geonamesid: 4563777
        latitude: 18.17579
        longitude: -66.16128
        name: Cidra
        names_en: ~
        names_es: ~
        population: 5067
        timezone: America/Puerto_Rico
      - 
        alternate_names: ~
        ascii_name: "Parcelas La Milagrosa"
        geonamesid: 4566509
        latitude: 18.17079
        longitude: -66.18822
        name: "Parcelas La Milagrosa"
        names_en: ~
        names_es: ~
        population: 1344
        timezone: America/Puerto_Rico
      - 
        alternate_names: ~
        ascii_name: "Parcelas Nuevas"
        geonamesid: 4566512
        latitude: 18.14024
        longitude: -66.17239
        name: "Parcelas Nuevas"
        names_en: ~
        names_es: ~
        population: 1628
        timezone: America/Puerto_Rico
    geonamesid: 4563778
    name: Cidra
    names_en: ~
    names_es: ~
  - 
    ascii_name: "Coamo Municipio"
    cities: 
      - 
        alternate_names: ~
        ascii_name: Coamo
        geonamesid: 4563811
        latitude: 18.07996
        longitude: -66.35795
        name: Coamo
        names_en: ~
        names_es: ~
        population: 11940
        timezone: America/Puerto_Rico
      - 
        alternate_names: ~
        ascii_name: "Los Llanos"
        geonamesid: 4566068
        latitude: 18.05524
        longitude: -66.40573
        name: "Los Llanos"
        names_en: ~
        names_es: ~
        population: 2301
        timezone: America/Puerto_Rico
      - 
        alternate_names: ~
        ascii_name: "Mariano Colon"
        geonamesid: 4566177
        latitude: 18.0233
        longitude: -66.33239
        name: "Mariano Colón"
        names_en: ~
        names_es: ~
        population: 2387
        timezone: America/Puerto_Rico
      - 
        alternate_names: ~
        ascii_name: Palmarejo
        geonamesid: 4566475
        latitude: 18.06802
        longitude: -66.32545
        name: Palmarejo
        names_en: ~
        names_es: ~
        population: 1087
        timezone: America/Puerto_Rico
    geonamesid: 4563812
    name: Coamo
    names_en: ~
    names_es: ~
  - 
    ascii_name: "Comerio Municipio"
    cities: 
      - 
        alternate_names: ~
        ascii_name: Comerio
        geonamesid: 4563919
        latitude: 18.21801
        longitude: -66.226
        name: Comerío
        names_en: ~
        names_es: ~
        population: 4649
        timezone: America/Puerto_Rico
      - 
        alternate_names: ~
        ascii_name: Palomas
        geonamesid: 4566497
        latitude: 18.23246
        longitude: -66.25628
        name: Palomas
        names_en: ~
        names_es: ~
        population: 1742
        timezone: America/Puerto_Rico
    geonamesid: 4563921
    name: Comerio
    names_en: ~
    names_es: ~
  - 
    ascii_name: "Corozal Municipio"
    cities: 
      - 
        alternate_names: ~
        ascii_name: Corozal
        geonamesid: 4564003
        latitude: 18.34106
        longitude: -66.31684
        name: Corozal
        names_en: ~
        names_es: ~
        population: 11297
        timezone: America/Puerto_Rico
    geonamesid: 4564004
    name: Corozal
    names_en: ~
    names_es: ~
  - 
    ascii_name: "Culebra Municipio"
    cities: 
      - 
        alternate_names: ~
        ascii_name: Culebra
        geonamesid: 4564070
        latitude: 18.30301
        longitude: -65.30099
        name: Culebra
        names_en: ~
        names_es: ~
        population: 1486
        timezone: America/Puerto_Rico
    geonamesid: 4564071
    name: Culebra
    names_en: ~
    names_es: ~
  - 
    ascii_name: "Dorado Municipio"
    cities: 
      - 
        alternate_names: ~
        ascii_name: Dorado
        geonamesid: 4564133
        latitude: 18.45883
        longitude: -66.26767
        name: Dorado
        names_en: ~
        names_es: ~
        population: 13117
        timezone: America/Puerto_Rico
      - 
        alternate_names: ~
        ascii_name: "Rio Lajas"
        geonamesid: 4567865
        latitude: 18.39467
        longitude: -66.26767
        name: "Río Lajas"
        names_en: ~
        names_es: ~
        population: 2349
        timezone: America/Puerto_Rico
      - 
        alternate_names: ~
        ascii_name: "San Antonio"
        geonamesid: 4568074
        latitude: 18.44884
        longitude: -66.30267
        name: "San Antonio"
        names_en: ~
        names_es: ~
        population: 6456
        timezone: America/Puerto_Rico
    geonamesid: 4564134
    name: Dorado
    names_en: ~
    names_es: ~
  - 
    ascii_name: "Fajardo Municipio"
    cities: 
      - 
        alternate_names: 
          - Fakhardo
          - Фахардо
        ascii_name: Fajardo
        geonamesid: 4564946
        latitude: 18.32579
        longitude: -65.65238
        name: Fajardo
        names_en: ~
        names_es: ~
        population: 34068
        timezone: America/Puerto_Rico
      - 
        alternate_names: ~
        ascii_name: "Luis M. Cintron"
        geonamesid: 4566098
        latitude: 18.29968
        longitude: -65.63849
        name: "Luis M. Cintron"
        names_en: ~
        names_es: ~
        population: 2634
        timezone: America/Puerto_Rico
    geonamesid: 4564949
    name: Fajardo
    names_en: ~
    names_es: ~
  - 
    ascii_name: "Florida Municipio"
    cities: 
      - 
        alternate_names: ~
        ascii_name: "Estancias de Florida"
        geonamesid: 4564901
        latitude: 18.36662
        longitude: -66.56962
        name: "Estancias de Florida"
        names_en: ~
        names_es: ~
        population: 5972
        timezone: America/Puerto_Rico
      - 
        alternate_names: ~
        ascii_name: Florida
        geonamesid: 4564991
        latitude: 18.36245
        longitude: -66.56128
        name: Florida
        names_en: ~
        names_es: ~
        population: 5652
        timezone: America/Puerto_Rico
    geonamesid: 4564993
    name: Florida
    names_en: ~
    names_es: ~
  - 
    ascii_name: "Guanica Municipio"
    cities: 
      - 
        alternate_names: ~
        ascii_name: Fuig
        geonamesid: 4565031
        latitude: 17.98774
        longitude: -66.91601
        name: Fuig
        names_en: ~
        names_es: ~
        population: 1204
        timezone: America/Puerto_Rico
      - 
        alternate_names: ~
        ascii_name: Guanica
        geonamesid: 4565090
        latitude: 17.97163
        longitude: -66.90795
        name: Guánica
        names_en: ~
        names_es: ~
        population: 9224
        timezone: America/Puerto_Rico
      - 
        alternate_names: ~
        ascii_name: "Maria Antonia"
        geonamesid: 4566171
        latitude: 17.9783
        longitude: -66.88934
        name: "Maria Antonia"
        names_en: ~
        names_es: ~
        population: 1479
        timezone: America/Puerto_Rico
    geonamesid: 4565091
    name: Guanica
    names_en: ~
    names_es: ~
  - 
    ascii_name: "Guayama Municipio"
    cities: 
      - 
        alternate_names: ~
        ascii_name: Corazon
        geonamesid: 4563990
        latitude: 17.99274
        longitude: -66.08489
        name: Corazón
        names_en: ~
        names_es: ~
        population: 2925
        timezone: America/Puerto_Rico
      - 
        alternate_names: ~
        ascii_name: Guayama
        geonamesid: 4565105
        latitude: 17.98413
        longitude: -66.11378
        name: Guayama
        names_en: ~
        names_es: ~
        population: 21575
        timezone: America/Puerto_Rico
      - 
        alternate_names: ~
        ascii_name: Jobos
        geonamesid: 4565689
        latitude: 17.95524
        longitude: -66.16544
        name: Jobos
        names_en: ~
        names_es: ~
        population: 3475
        timezone: America/Puerto_Rico
      - 
        alternate_names: ~
        ascii_name: Olimpo
        geonamesid: 4566447
        latitude: 18.00191
        longitude: -66.10822
        name: Olimpo
        names_en: ~
        names_es: ~
        population: 2493
        timezone: America/Puerto_Rico
    geonamesid: 4565107
    name: Guayama
    names_en: ~
    names_es: ~
  - 
    ascii_name: "Guayanilla Municipio"
    cities: 
      - 
        alternate_names: ~
        ascii_name: Guayanilla
        geonamesid: 4565111
        latitude: 18.01913
        longitude: -66.79184
        name: Guayanilla
        names_en: ~
        names_es: ~
        population: 5213
        timezone: America/Puerto_Rico
      - 
        alternate_names: ~
        ascii_name: Indios
        geonamesid: 4565544
        latitude: 17.99413
        longitude: -66.81934
        name: Indios
        names_en: ~
        names_es: ~
        population: 1739
        timezone: America/Puerto_Rico
      - 
        alternate_names: ~
        ascii_name: "Magas Arriba"
        geonamesid: 4566119
        latitude: 18.01746
        longitude: -66.76906
        name: "Magas Arriba"
        names_en: ~
        names_es: ~
        population: 1063
        timezone: America/Puerto_Rico
    geonamesid: 4565112
    name: Guayanilla
    names_en: ~
    names_es: ~
  - 
    ascii_name: "Guaynabo Municipio"
    cities: 
      - 
        alternate_names: ~
        ascii_name: Guaynabo
        geonamesid: 4565119
        latitude: 18.35745
        longitude: -66.111
        name: Guaynabo
        names_en: ~
        names_es: ~
        population: 81360
        timezone: America/Puerto_Rico
    geonamesid: 4565120
    name: Guaynabo
    names_en: ~
    names_es: ~
  - 
    ascii_name: "Gurabo Municipio"
    cities: 
      - 
        alternate_names: ~
        ascii_name: Celada
        geonamesid: 4563382
        latitude: 18.27162
        longitude: -65.966
        name: Celada
        names_en: ~
        names_es: ~
        population: 4435
        timezone: America/Puerto_Rico
      - 
        alternate_names: ~
        ascii_name: Gurabo
        geonamesid: 4565125
        latitude: 18.2544
        longitude: -65.97294
        name: Gurabo
        names_en: ~
        names_es: ~
        population: 8973
        timezone: America/Puerto_Rico
    geonamesid: 4565126
    name: Gurabo
    names_en: ~
    names_es: ~
  - 
    ascii_name: "Hatillo Municipio"
    cities: 
      - 
        alternate_names: ~
        ascii_name: Carrizales
        geonamesid: 4563249
        latitude: 18.48189
        longitude: -66.7899
        name: Carrizales
        names_en: ~
        names_es: ~
        population: 2556
        timezone: America/Puerto_Rico
      - 
        alternate_names: ~
        ascii_name: Corcovado
        geonamesid: 4563994
        latitude: 18.45856
        longitude: -66.77629
        name: Corcovado
        names_en: ~
        names_es: ~
        population: 1527
        timezone: America/Puerto_Rico
      - 
        alternate_names: ~
        ascii_name: Hatillo
        geonamesid: 4565346
        latitude: 18.48633
        longitude: -66.82545
        name: Hatillo
        names_en: ~
        names_es: ~
        population: 5622
        timezone: America/Puerto_Rico
      - 
        alternate_names: ~
        ascii_name: "Rafael Capo"
        geonamesid: 4567573
        latitude: 18.40717
        longitude: -66.78212
        name: "Rafael Capo"
        names_en: ~
        names_es: ~
        population: 1863
        timezone: America/Puerto_Rico
      - 
        alternate_names: ~
        ascii_name: "Rafael Gonzalez"
        geonamesid: 4567574
        latitude: 18.42745
        longitude: -66.78684
        name: "Rafael Gonzalez"
        names_en: ~
        names_es: ~
        population: 2325
        timezone: America/Puerto_Rico
    geonamesid: 4565348
    name: Hatillo
    names_en: ~
    names_es: ~
  - 
    ascii_name: "Hormigueros Municipio"
    cities: 
      - 
        alternate_names: ~
        ascii_name: Hormigueros
        geonamesid: 4565380
        latitude: 18.13968
        longitude: -67.1274
        name: Hormigueros
        names_en: ~
        names_es: ~
        population: 11934
        timezone: America/Puerto_Rico
    geonamesid: 4565381
    name: Hormigueros
    names_en: ~
    names_es: ~
  - 
    ascii_name: "Humacao Municipio"
    cities: 
      - 
        alternate_names: ~
        ascii_name: "Anton Ruiz"
        geonamesid: 4562623
        latitude: 18.18524
        longitude: -65.8085
        name: "Antón Ruiz"
        names_en: ~
        names_es: ~
        population: 1764
        timezone: America/Puerto_Rico
      - 
        alternate_names: ~
        ascii_name: Bajandas
        geonamesid: 4562710
        latitude: 18.15774
        longitude: -65.78155
        name: Bajandas
        names_en: ~
        names_es: ~
        population: 1418
        timezone: America/Puerto_Rico
      - 
        alternate_names: ~
        ascii_name: "Candelero Arriba"
        geonamesid: 4563124
        latitude: 18.10191
        longitude: -65.83683
        name: "Candelero Arriba"
        names_en: ~
        names_es: ~
        population: 1346
        timezone: America/Puerto_Rico
      - 
        alternate_names: ~
        ascii_name: Humacao
        geonamesid: 4565564
        latitude: 18.14968
        longitude: -65.82738
        name: Humacao
        names_en: ~
        names_es: ~
        population: 20387
        timezone: America/Puerto_Rico
      - 
        alternate_names: ~
        ascii_name: "Punta Santiago"
        geonamesid: 4566992
        latitude: 18.16635
        longitude: -65.74822
        name: "Punta Santiago"
        names_en: ~
        names_es: ~
        population: 5803
        timezone: America/Puerto_Rico
    geonamesid: 4565449
    name: Humacao
    names_en: ~
    names_es: ~
  - 
    ascii_name: "Municipio de Isabela"
    cities: 
      - 
        alternate_names: ~
        ascii_name: Isabela
        geonamesid: 4565577
        latitude: 18.50078
        longitude: -67.02435
        name: Isabela
        names_en: ~
        names_es: ~
        population: 12505
        timezone: America/Puerto_Rico
      - 
        alternate_names: ~
        ascii_name: Mora
        geonamesid: 4566330
        latitude: 18.463
        longitude: -67.03268
        name: Mora
        names_en: ~
        names_es: ~
        population: 1857
        timezone: America/Puerto_Rico
    geonamesid: 4565581
    name: Isabela
    names_en: ~
    names_es: ~
  - 
    ascii_name: "Municipio de Jayuya"
    cities: 
      - 
        alternate_names: ~
        ascii_name: Jayuya
        geonamesid: 4565679
        latitude: 18.21857
        longitude: -66.59156
        name: Jayuya
        names_en: ~
        names_es: ~
        population: 3587
        timezone: America/Puerto_Rico
    geonamesid: 4565684
    name: "Municipio de Jayuya"
    names_en: ~
    names_es: ~
  - 
    ascii_name: "Juana Diaz Municipio"
    cities: 
      - 
        alternate_names: ~
        ascii_name: Aguilita
        geonamesid: 4562524
        latitude: 18.0233
        longitude: -66.53462
        name: Aguilita
        names_en: ~
        names_es: ~
        population: 4922
        timezone: America/Puerto_Rico
      - 
        alternate_names: ~
        ascii_name: Capitanejo
        geonamesid: 4563220
        latitude: 17.99135
        longitude: -66.49462
        name: Capitanejo
        names_en: ~
        names_es: ~
        population: 3209
        timezone: America/Puerto_Rico
      - 
        alternate_names: ~
        ascii_name: Guayabal
        geonamesid: 4565101
        latitude: 18.08135
        longitude: -66.50128
        name: Guayabal
        names_en: ~
        names_es: ~
        population: 2377
        timezone: America/Puerto_Rico
      - 
        alternate_names: ~
        ascii_name: "Juana Diaz"
        geonamesid: 4565712
        latitude: 18.05246
        longitude: -66.50656
        name: "Juana Díaz"
        names_en: ~
        names_es: ~
        population: 9427
        timezone: America/Puerto_Rico
      - 
        alternate_names: ~
        ascii_name: "Luis Llorens Torres"
        geonamesid: 4566096
        latitude: 18.05691
        longitude: -66.52684
        name: "Luis Llorens Torres"
        names_en: ~
        names_es: ~
        population: 3328
        timezone: America/Puerto_Rico
      - 
        alternate_names: ~
        ascii_name: "Potala Pastillo"
        geonamesid: 4566900
        latitude: 17.99135
        longitude: -66.49656
        name: "Potala Pastillo"
        names_en: ~
        names_es: ~
        population: 3819
        timezone: America/Puerto_Rico
      - 
        alternate_names: ~
        ascii_name: "Rio Canas Abajo"
        geonamesid: 4567769
        latitude: 18.0383
        longitude: -66.46767
        name: "Río Cañas Abajo"
        names_en: ~
        names_es: ~
        population: 1185
        timezone: America/Puerto_Rico
    geonamesid: 4565713
    name: "Juana Diaz"
    names_en: ~
    names_es: ~
  - 
    ascii_name: "Municipio de Juncos"
    cities: 
      - 
        alternate_names: ~
        ascii_name: "El Mango"
        geonamesid: 4564206
        latitude: 18.23412
        longitude: -65.87961
        name: "El Mangó"
        names_en: ~
        names_es: ~
        population: 1979
        timezone: America/Puerto_Rico
      - 
        alternate_names: ~
        ascii_name: Juncos
        geonamesid: 4565718
        latitude: 18.22746
        longitude: -65.921
        name: Juncos
        names_en: ~
        names_es: ~
        population: 8905
        timezone: America/Puerto_Rico
    geonamesid: 4565720
    name: "Municipio de Juncos"
    names_en: ~
    names_es: ~
  - 
    ascii_name: "Lajas Municipio"
    cities: 
      - 
        alternate_names: ~
        ascii_name: "La Parguera"
        geonamesid: 4565796
        latitude: 17.97497
        longitude: -67.04657
        name: "La Parguera"
        names_en: ~
        names_es: ~
        population: 1141
        timezone: America/Puerto_Rico
      - 
        alternate_names: ~
        ascii_name: Lajas
        geonamesid: 4565898
        latitude: 18.04996
        longitude: -67.05934
        name: Lajas
        names_en: ~
        names_es: ~
        population: 5255
        timezone: America/Puerto_Rico
      - 
        alternate_names: ~
        ascii_name: Palmarejo
        geonamesid: 4566477
        latitude: 18.04024
        longitude: -67.07684
        name: Palmarejo
        names_en: ~
        names_es: ~
        population: 1169
        timezone: America/Puerto_Rico
    geonamesid: 4565900
    name: Lajas
    names_en: ~
    names_es: ~
  - 
    ascii_name: "Lares Municipio"
    cities: 
      - 
        alternate_names: ~
        ascii_name: Lares
        geonamesid: 4565908
        latitude: 18.29467
        longitude: -66.87712
        name: Lares
        names_en: ~
        names_es: ~
        population: 7184
        timezone: America/Puerto_Rico
    geonamesid: 4565910
    name: Lares
    names_en: ~
    names_es: ~
  - 
    ascii_name: "Las Marias Municipio"
    cities: 
      - 
        alternate_names: ~
        ascii_name: "Las Marias"
        geonamesid: 4565958
        latitude: 18.2519
        longitude: -66.99212
        name: "Las Marías"
        names_en: ~
        names_es: ~
        population: 1031
        timezone: America/Puerto_Rico
    geonamesid: 4565961
    name: "Las Marias"
    names_en: ~
    names_es: ~
  - 
    ascii_name: "Las Piedras Municipio"
    cities: 
      - 
        alternate_names: ~
        ascii_name: Boqueron
        geonamesid: 4562905
        latitude: 18.20746
        longitude: -65.8485
        name: Boqueron
        names_en: ~
        names_es: ~
        population: 1218
        timezone: America/Puerto_Rico
      - 
        alternate_names: ~
        ascii_name: "La Fermina"
        geonamesid: 4565760
        latitude: 18.17551
        longitude: -65.8535
        name: "La Fermina"
        names_en: ~
        names_es: ~
        population: 3177
        timezone: America/Puerto_Rico
      - 
        alternate_names: ~
        ascii_name: "Las Piedras"
        geonamesid: 4565980
        latitude: 18.18301
        longitude: -65.86627
        name: "Las Piedras"
        names_en: ~
        names_es: ~
        population: 6655
        timezone: America/Puerto_Rico
      - 
        alternate_names: ~
        ascii_name: "Pueblito del Rio"
        geonamesid: 4566913
        latitude: 18.22801
        longitude: -65.86294
        name: "Pueblito del Rio"
        names_en: ~
        names_es: ~
        population: 1481
        timezone: America/Puerto_Rico
    geonamesid: 4565981
    name: "Las Piedras"
    names_en: ~
    names_es: ~
  - 
    ascii_name: "Loiza Municipio"
    cities: 
      - 
        alternate_names: ~
        ascii_name: Loiza
        geonamesid: 4566022
        latitude: 18.43134
        longitude: -65.88016
        name: Loíza
        names_en: ~
        names_es: ~
        population: 4311
        timezone: America/Puerto_Rico
      - 
        alternate_names: ~
        ascii_name: Suarez
        geonamesid: 4568350
        latitude: 18.43022
        longitude: -65.8535
        name: Suárez
        names_en: ~
        names_es: ~
        population: 2276
        timezone: America/Puerto_Rico
      - 
        alternate_names: ~
        ascii_name: Vieques
        geonamesid: 4568570
        latitude: 18.42495
        longitude: -65.83294
        name: Vieques
        names_en: ~
        names_es: ~
        population: 4325
        timezone: America/Puerto_Rico
    geonamesid: 4566025
    name: Loiza
    names_en: ~
    names_es: ~
  - 
    ascii_name: "Luquillo Municipio"
    cities: 
      - 
        alternate_names: ~
        ascii_name: Luquillo
        geonamesid: 4566103
        latitude: 18.37245
        longitude: -65.71655
        name: Luquillo
        names_en: ~
        names_es: ~
        population: 8326
        timezone: America/Puerto_Rico
      - 
        alternate_names: ~
        ascii_name: "Playa Fortuna"
        geonamesid: 4566767
        latitude: 18.37967
        longitude: -65.74516
        name: "Playa Fortuna"
        names_en: ~
        names_es: ~
        population: 2037
        timezone: America/Puerto_Rico
      - 
        alternate_names: ~
        ascii_name: Ramos
        geonamesid: 4567586
        latitude: 18.33967
        longitude: -65.71266
        name: Ramos
        names_en: ~
        names_es: ~
        population: 2004
        timezone: America/Puerto_Rico
    geonamesid: 4566106
    name: Luquillo
    names_en: ~
    names_es: ~
  - 
    ascii_name: "Manati Municipio"
    cities: 
      - 
        alternate_names: ~
        ascii_name: "La Luisa"
        geonamesid: 4565780
        latitude: 18.44884
        longitude: -66.50989
        name: "La Luisa"
        names_en: ~
        names_es: ~
        population: 2887
        timezone: America/Puerto_Rico
      - 
        alternate_names: ~
        ascii_name: Manati
        geonamesid: 4566137
        latitude: 18.42745
        longitude: -66.49212
        name: Manatí
        names_en: ~
        names_es: ~
        population: 16092
        timezone: America/Puerto_Rico
      - 
        alternate_names: ~
        ascii_name: "Tierras Nuevas Poniente"
        geonamesid: 4568399
        latitude: 18.46189
        longitude: -66.4885
        name: "Tierras Nuevas Poniente"
        names_en: ~
        names_es: ~
        population: 2366
        timezone: America/Puerto_Rico
    geonamesid: 4566138
    name: Manati
    names_en: ~
    names_es: ~
  - 
    ascii_name: "Maricao Municipio"
    cities: 
      - 
        alternate_names: ~
        ascii_name: Maricao
        geonamesid: 4566178
        latitude: 18.18079
        longitude: -66.9799
        name: Maricao
        names_en: ~
        names_es: ~
        population: 1172
        timezone: America/Puerto_Rico
    geonamesid: 4566180
    name: Maricao
    names_en: ~
    names_es: ~
  - 
    ascii_name: "Maunabo Municipio"
    cities: 
      - 
        alternate_names: ~
        ascii_name: Emajagua
        geonamesid: 4564256
        latitude: 18.00052
        longitude: -65.88266
        name: Emajagua
        names_en: ~
        names_es: ~
        population: 3099
        timezone: America/Puerto_Rico
      - 
        alternate_names: ~
        ascii_name: Maunabo
        geonamesid: 4566208
        latitude: 18.00719
        longitude: -65.89933
        name: Maunabo
        names_en: ~
        names_es: ~
        population: 2154
        timezone: America/Puerto_Rico
      - 
        alternate_names: ~
        ascii_name: "Palo Seco"
        geonamesid: 4566492
        latitude: 18.00747
        longitude: -65.93683
        name: "Palo Seco"
        names_en: ~
        names_es: ~
        population: 1152
        timezone: America/Puerto_Rico
    geonamesid: 4566209
    name: Maunabo
    names_en: ~
    names_es: ~
  - 
    ascii_name: "Mayagueez Municipio"
    cities: 
      - 
        alternate_names: ~
        ascii_name: Mayagueez
        geonamesid: 4566385
        latitude: 18.20107
        longitude: -67.13962
        name: Mayagüez
        names_en: ~
        names_es: ~
        population: 78647
        timezone: America/Puerto_Rico
    geonamesid: 4566217
    name: Mayaguez
    names_en: ~
    names_es: ~
  - 
    ascii_name: "Moca Municipio"
    cities: 
      - 
        alternate_names: ~
        ascii_name: Aceitunas
        geonamesid: 4562483
        latitude: 18.44328
        longitude: -67.0649
        name: Aceitunas
        names_en: ~
        names_es: ~
        population: 1688
        timezone: America/Puerto_Rico
      - 
        alternate_names: ~
        ascii_name: Moca
        geonamesid: 4566270
        latitude: 18.39467
        longitude: -67.11324
        name: Moca
        names_en: ~
        names_es: ~
        population: 4964
        timezone: America/Puerto_Rico
    geonamesid: 4566272
    name: Moca
    names_en: ~
    names_es: ~
  - 
    ascii_name: "Morovis Municipio"
    cities: 
      - 
        alternate_names: ~
        ascii_name: Barahona
        geonamesid: 4562765
        latitude: 18.35134
        longitude: -66.44545
        name: Barahona
        names_en: ~
        names_es: ~
        population: 2632
        timezone: America/Puerto_Rico
      - 
        alternate_names: ~
        ascii_name: Franquez
        geonamesid: 4565018
        latitude: 18.34023
        longitude: -66.42767
        name: Franquez
        names_en: ~
        names_es: ~
        population: 2021
        timezone: America/Puerto_Rico
      - 
        alternate_names: ~
        ascii_name: Morovis
        geonamesid: 4566333
        latitude: 18.32578
        longitude: -66.40656
        name: Morovis
        names_en: ~
        names_es: ~
        population: 2414
        timezone: America/Puerto_Rico
    geonamesid: 4566334
    name: Morovis
    names_en: ~
    names_es: ~
  - 
    ascii_name: "Naguabo Municipio"
    cities: 
      - 
        alternate_names: ~
        ascii_name: Daguao
        geonamesid: 4564085
        latitude: 18.22635
        longitude: -65.68322
        name: Daguao
        names_en: ~
        names_es: ~
        population: 1488
        timezone: America/Puerto_Rico
      - 
        alternate_names: ~
        ascii_name: Duque
        geonamesid: 4564149
        latitude: 18.2394
        longitude: -65.75044
        name: Duque
        names_en: ~
        names_es: ~
        population: 1529
        timezone: America/Puerto_Rico
      - 
        alternate_names: ~
        ascii_name: Naguabo
        geonamesid: 4566396
        latitude: 18.21162
        longitude: -65.73488
        name: Naguabo
        names_en: ~
        names_es: ~
        population: 4643
        timezone: America/Puerto_Rico
      - 
        alternate_names: ~
        ascii_name: "Pena Pobre"
        geonamesid: 4566674
        latitude: 18.21551
        longitude: -65.82211
        name: "Peña Pobre"
        names_en: ~
        names_es: ~
        population: 1024
        timezone: America/Puerto_Rico
      - 
        alternate_names: ~
        ascii_name: "Rio Blanco"
        geonamesid: 4567745
        latitude: 18.21829
        longitude: -65.7885
        name: "Río Blanco"
        names_en: ~
        names_es: ~
        population: 1406
        timezone: America/Puerto_Rico
    geonamesid: 4566397
    name: Naguabo
    names_en: ~
    names_es: ~
  - 
    ascii_name: "Naranjito Municipio"
    cities: 
      - 
        alternate_names: ~
        ascii_name: Naranjito
        geonamesid: 4566402
        latitude: 18.30079
        longitude: -66.24489
        name: Naranjito
        names_en: ~
        names_es: ~
        population: 2005
        timezone: America/Puerto_Rico
    geonamesid: 4566403
    name: Naranjito
    names_en: ~
    names_es: ~
  - 
    ascii_name: "Orocovis Municipio"
    cities: []
    geonamesid: 4566456
    name: Orocovis
    names_en: ~
    names_es: ~
  - 
    ascii_name: "Patillas Municipio"
    cities: 
      - 
        alternate_names: ~
        ascii_name: Lamboglia
        geonamesid: 4565904
        latitude: 17.98136
        longitude: -65.98572
        name: Lamboglia
        names_en: ~
        names_es: ~
        population: 1121
        timezone: America/Puerto_Rico
      - 
        alternate_names: ~
        ascii_name: Patillas
        geonamesid: 4566652
        latitude: 18.00635
        longitude: -66.01572
        name: Patillas
        names_en: ~
        names_es: ~
        population: 4247
        timezone: America/Puerto_Rico
    geonamesid: 4566654
    name: Patillas
    names_en: ~
    names_es: ~
  - 
    ascii_name: "Penuelas Municipio"
    cities: 
      - 
        alternate_names: ~
        ascii_name: Penuelas
        geonamesid: 4566687
        latitude: 18.05635
        longitude: -66.72156
        name: Peñuelas
        names_en: ~
        names_es: ~
        population: 6847
        timezone: America/Puerto_Rico
      - 
        alternate_names: ~
        ascii_name: "Santo Domingo"
        geonamesid: 4568253
        latitude: 18.0633
        longitude: -66.7524
        name: "Santo Domingo"
        names_en: ~
        names_es: ~
        population: 3633
        timezone: America/Puerto_Rico
      - 
        alternate_names: ~
        ascii_name: Tallaboa
        geonamesid: 4568367
        latitude: 17.99497
        longitude: -66.71629
        name: Tallaboa
        names_en: ~
        names_es: ~
        population: 1150
        timezone: America/Puerto_Rico
      - 
        alternate_names: ~
        ascii_name: "Tallaboa Alta"
        geonamesid: 4568368
        latitude: 18.05107
        longitude: -66.70017
        name: "Tallaboa Alta"
        names_en: ~
        names_es: ~
        population: 2243
        timezone: America/Puerto_Rico
    geonamesid: 4566689
    name: Penuelas
    names_en: ~
    names_es: ~
  - 
    ascii_name: "Ponce Municipio"
    cities: 
      - 
        alternate_names: ~
        ascii_name: "Coto Laurel"
        geonamesid: 4564026
        latitude: 18.04969
        longitude: -66.55128
        name: "Coto Laurel"
        names_en: ~
        names_es: ~
        population: 3606
        timezone: America/Puerto_Rico
      - 
        alternate_names: 
          - Ponce
          - Ponse
          - Понсе
        ascii_name: Ponce
        geonamesid: 4566880
        latitude: 18.01108
        longitude: -66.61406
        name: Ponce
        names_en: 
          - Ponce
        names_es: 
          - Ponce
        population: 152634
        timezone: America/Puerto_Rico
    geonamesid: 4566886
    name: Ponce
    names_en: ~
    names_es: ~
  - 
    ascii_name: "Rincon Municipio"
    cities: 
      - 
        alternate_names: 
          - Rincon
        ascii_name: Rincon
        geonamesid: 4567723
        latitude: 18.34023
        longitude: -67.2499
        name: Rincón
        names_en: 
          - Rincon
        names_es: ~
        population: 1499
        timezone: America/Puerto_Rico
      - 
        alternate_names: ~
        ascii_name: Stella
        geonamesid: 4568347
        latitude: 18.32189
        longitude: -67.24685
        name: Stella
        names_en: ~
        names_es: ~
        population: 1293
        timezone: America/Puerto_Rico
    geonamesid: 4567727
    name: Rincon
    names_en: ~
    names_es: ~
  - 
    ascii_name: "Quebradillas Municipio"
    cities: 
      - 
        alternate_names: ~
        ascii_name: Cacao
        geonamesid: 4563003
        latitude: 18.43661
        longitude: -66.93712
        name: Cacao
        names_en: ~
        names_es: ~
        population: 2068
        timezone: America/Puerto_Rico
      - 
        alternate_names: ~
        ascii_name: Quebradillas
        geonamesid: 4567552
        latitude: 18.47383
        longitude: -66.93851
        name: Quebradillas
        names_en: ~
        names_es: ~
        population: 5620
        timezone: America/Puerto_Rico
      - 
        alternate_names: ~
        ascii_name: "San Antonio"
        geonamesid: 4568077
        latitude: 18.45161
        longitude: -66.94962
        name: "San Antonio"
        names_en: ~
        names_es: ~
        population: 1203
        timezone: America/Puerto_Rico
    geonamesid: 4567734
    name: Quebradillas
    names_en: ~
    names_es: ~
  - 
    ascii_name: "Rio Grande Municipio"
    cities: 
      - 
        alternate_names: ~
        ascii_name: Bartolo
        geonamesid: 4562812
        latitude: 18.36134
        longitude: -65.8385
        name: Bartolo
        names_en: ~
        names_es: ~
        population: 1260
        timezone: America/Puerto_Rico
      - 
        alternate_names: ~
        ascii_name: "Hato Candal"
        geonamesid: 4565353
        latitude: 18.37439
        longitude: -65.78711
        name: "Hato Candal"
        names_en: ~
        names_es: ~
        population: 2453
        timezone: America/Puerto_Rico
      - 
        alternate_names: ~
        ascii_name: "La Dolores"
        geonamesid: 4565755
        latitude: 18.3755
        longitude: -65.85572
        name: "La Dolores"
        names_en: ~
        names_es: ~
        population: 3534
        timezone: America/Puerto_Rico
      - 
        alternate_names: ~
        ascii_name: Palmer
        geonamesid: 4566485
        latitude: 18.37051
        longitude: -65.77405
        name: Palmer
        names_en: ~
        names_es: ~
        population: 1205
        timezone: America/Puerto_Rico
      - 
        alternate_names: ~
        ascii_name: "Rio Grande"
        geonamesid: 4567817
        latitude: 18.38023
        longitude: -65.83127
        name: "Río Grande"
        names_en: ~
        names_es: ~
        population: 13467
        timezone: America/Puerto_Rico
    geonamesid: 4567823
    name: "Rio Grande"
    names_en: ~
    names_es: ~
  - 
    ascii_name: "Sabana Grande Municipio"
    cities: 
      - 
        alternate_names: ~
        ascii_name: "Liborio Negron Torres"
        geonamesid: 4566004
        latitude: 18.04302
        longitude: -66.9424
        name: "Liborio Negron Torres"
        names_en: ~
        names_es: ~
        population: 1303
        timezone: America/Puerto_Rico
      - 
        alternate_names: ~
        ascii_name: Lluveras
        geonamesid: 4566021
        latitude: 18.0383
        longitude: -66.90462
        name: Lluveras
        names_en: ~
        names_es: ~
        population: 2005
        timezone: America/Puerto_Rico
      - 
        alternate_names: ~
        ascii_name: "Sabana Grande"
        geonamesid: 4568014
        latitude: 18.07774
        longitude: -66.96045
        name: "Sabana Grande"
        names_en: ~
        names_es: ~
        population: 8961
        timezone: America/Puerto_Rico
    geonamesid: 4568015
    name: "Sabana Grande"
    names_en: ~
    names_es: ~
  - 
    ascii_name: "Salinas Municipio"
    cities: 
      - 
        alternate_names: ~
        ascii_name: "Central Aguirre"
        geonamesid: 4563411
        latitude: 17.95358
        longitude: -66.22294
        name: "Central Aguirre"
        names_en: ~
        names_es: ~
        population: 1588
        timezone: America/Puerto_Rico
      - 
        alternate_names: ~
        ascii_name: Coco
        geonamesid: 4563816
        latitude: 18.00719
        longitude: -66.25933
        name: Coco
        names_en: ~
        names_es: ~
        population: 5803
        timezone: America/Puerto_Rico
      - 
        alternate_names: ~
        ascii_name: Coqui
        geonamesid: 4563988
        latitude: 17.97413
        longitude: -66.22711
        name: Coquí
        names_en: ~
        names_es: ~
        population: 3590
        timezone: America/Puerto_Rico
      - 
        alternate_names: ~
        ascii_name: "La Plena"
        geonamesid: 4565807
        latitude: 18.04663
        longitude: -66.20461
        name: "La Plena"
        names_en: ~
        names_es: ~
        population: 1036
        timezone: America/Puerto_Rico
      - 
        alternate_names: ~
        ascii_name: "Las Ochenta"
        geonamesid: 4565972
        latitude: 17.98469
        longitude: -66.31795
        name: "Las Ochenta"
        names_en: ~
        names_es: ~
        population: 1199
        timezone: America/Puerto_Rico
      - 
        alternate_names: ~
        ascii_name: Salinas
        geonamesid: 4568040
        latitude: 17.97747
        longitude: -66.29795
        name: Salinas
        names_en: ~
        names_es: ~
        population: 6375
        timezone: America/Puerto_Rico
      - 
        alternate_names: ~
        ascii_name: Vazquez
        geonamesid: 4568527
        latitude: 18.0658
        longitude: -66.2385
        name: Vázquez
        names_en: ~
        names_es: ~
        population: 2297
        timezone: America/Puerto_Rico
    geonamesid: 4568043
    name: Salinas
    names_en: ~
    names_es: ~
  - 
    ascii_name: "San German Municipio"
    cities: 
      - 
        alternate_names: ~
        ascii_name: "Sabana Eneas"
        geonamesid: 4568012
        latitude: 18.08607
        longitude: -67.08101
        name: "Sabana Eneas"
        names_en: ~
        names_es: ~
        population: 1847
        timezone: America/Puerto_Rico
      - 
        alternate_names: ~
        ascii_name: "San German"
        geonamesid: 4568104
        latitude: 18.08163
        longitude: -67.0449
        name: "San Germán"
        names_en: ~
        names_es: ~
        population: 12055
        timezone: America/Puerto_Rico
    geonamesid: 4568105
    name: "San German"
    names_en: ~
    names_es: ~
  - 
    ascii_name: "San Juan"
    cities: 
      - 
        alternate_names: 
          - "San Chuanas"
          - "San Juan"
          - "San Khuan"
          - San-Khuan
        ascii_name: "San Juan"
        geonamesid: 4568127
        latitude: 18.46633
        longitude: -66.10572
        name: "San Juan"
        names_en: 
          - "San Juan"
        names_es: 
          - "San Juan"
        population: 418140
        timezone: America/Puerto_Rico
    geonamesid: 4568138
    name: "San Juan"
    names_en: ~
    names_es: ~
  - 
    ascii_name: "San Lorenzo Municipio"
    cities: 
      - 
        alternate_names: ~
        ascii_name: Jagual
        geonamesid: 4565621
        latitude: 18.16163
        longitude: -65.99544
        name: Jagual
        names_en: ~
        names_es: ~
        population: 1402
        timezone: America/Puerto_Rico
      - 
        alternate_names: ~
        ascii_name: "San Lorenzo"
        geonamesid: 4568149
        latitude: 18.1894
        longitude: -65.961
        name: "San Lorenzo"
        names_en: ~
        names_es: ~
        population: 9373
        timezone: America/Puerto_Rico
    geonamesid: 4568150
    name: "San Lorenzo"
    names_en: ~
    names_es: ~
  - 
    ascii_name: "San Sebastian Municipio"
    cities: 
      - 
        alternate_names: ~
        ascii_name: Juncal
        geonamesid: 4565717
        latitude: 18.31384
        longitude: -66.91907
        name: Juncal
        names_en: ~
        names_es: ~
        population: 1155
        timezone: America/Puerto_Rico
      - 
        alternate_names: ~
        ascii_name: "San Sebastian"
        geonamesid: 4568175
        latitude: 18.33662
        longitude: -66.99018
        name: "San Sebastián"
        names_en: ~
        names_es: ~
        population: 11590
        timezone: America/Puerto_Rico
    geonamesid: 4568177
    name: "San Sebastian"
    names_en: ~
    names_es: ~
  - 
    ascii_name: "Santa Isabel Municipio"
    cities: 
      - 
        alternate_names: ~
        ascii_name: "El Ojo"
        geonamesid: 4564216
        latitude: 18.00385
        longitude: -66.39156
        name: "El Ojo"
        names_en: ~
        names_es: ~
        population: 1713
        timezone: America/Puerto_Rico
      - 
        alternate_names: ~
        ascii_name: Jauca
        geonamesid: 4565676
        latitude: 17.96913
        longitude: -66.36572
        name: Jauca
        names_en: ~
        names_es: ~
        population: 1838
        timezone: America/Puerto_Rico
      - 
        alternate_names: ~
        ascii_name: "Las Ollas"
        geonamesid: 4565973
        latitude: 18.03302
        longitude: -66.42434
        name: "Las Ollas"
        names_en: ~
        names_es: ~
        population: 1949
        timezone: America/Puerto_Rico
      - 
        alternate_names: ~
        ascii_name: "Parcelas Penuelas"
        geonamesid: 4566513
        latitude: 17.99885
        longitude: -66.34128
        name: "Parcelas Peñuelas"
        names_en: ~
        names_es: ~
        population: 1132
        timezone: America/Puerto_Rico
      - 
        alternate_names: ~
        ascii_name: "Playita Cortada"
        geonamesid: 4566814
        latitude: 17.98497
        longitude: -66.43906
        name: "Playita Cortada"
        names_en: ~
        names_es: ~
        population: 1677
        timezone: America/Puerto_Rico
      - 
        alternate_names: ~
        ascii_name: "Santa Isabel"
        geonamesid: 4568212
        latitude: 17.96608
        longitude: -66.40489
        name: "Santa Isabel"
        names_en: ~
        names_es: ~
        population: 7260
        timezone: America/Puerto_Rico
    geonamesid: 4568213
    name: "Santa Isabel Municipio"
    names_en: ~
    names_es: ~
  - 
    ascii_name: "Toa Alta Municipio"
    cities: 
      - 
        alternate_names: ~
        ascii_name: Galateo
        geonamesid: 4565033
        latitude: 18.36245
        longitude: -66.25878
        name: Galateo
        names_en: ~
        names_es: ~
        population: 2705
        timezone: America/Puerto_Rico
      - 
        alternate_names: ~
        ascii_name: "H. Rivera Colon"
        geonamesid: 4565130
        latitude: 18.34773
        longitude: -66.27378
        name: "H. Rivera Colon"
        names_en: ~
        names_es: ~
        population: 2379
        timezone: America/Puerto_Rico
      - 
        alternate_names: ~
        ascii_name: Mucarabones
        geonamesid: 4566346
        latitude: 18.39078
        longitude: -66.216
        name: Mucarabones
        names_en: ~
        names_es: ~
        population: 1690
        timezone: America/Puerto_Rico
      - 
        alternate_names: ~
        ascii_name: Pajaros
        geonamesid: 4566470
        latitude: 18.36856
        longitude: -66.21683
        name: Pájaros
        names_en: ~
        names_es: ~
        population: 9466
        timezone: America/Puerto_Rico
      - 
        alternate_names: ~
        ascii_name: "Toa Alta"
        geonamesid: 4568403
        latitude: 18.38828
        longitude: -66.24822
        name: "Toa Alta"
        names_en: ~
        names_es: ~
        population: 4483
        timezone: America/Puerto_Rico
    geonamesid: 4568404
    name: "Toa Alta"
    names_en: ~
    names_es: ~
  - 
    ascii_name: "Toa Baja Municipio"
    cities: 
      - 
        alternate_names: ~
        ascii_name: Campanilla
        geonamesid: 4563053
        latitude: 18.42134
        longitude: -66.23683
        name: Campanilla
        names_en: ~
        names_es: ~
        population: 7757
        timezone: America/Puerto_Rico
      - 
        alternate_names: ~
        ascii_name: Candelaria
        geonamesid: 4563122
        latitude: 18.40411
        longitude: -66.20878
        name: Candelaria
        names_en: ~
        names_es: ~
        population: 17631
        timezone: America/Puerto_Rico
      - 
        alternate_names: ~
        ascii_name: "Candelaria Arenas"
        geonamesid: 4563123
        latitude: 18.41717
        longitude: -66.21739
        name: "Candelaria Arenas"
        names_en: ~
        names_es: ~
        population: 5854
        timezone: America/Puerto_Rico
      - 
        alternate_names: ~
        ascii_name: Ingenio
        geonamesid: 4565551
        latitude: 18.44217
        longitude: -66.226
        name: Ingenio
        names_en: ~
        names_es: ~
        population: 5664
        timezone: America/Puerto_Rico
      - 
        alternate_names: ~
        ascii_name: Levittown
        geonamesid: 4566002
        latitude: 18.44995
        longitude: -66.18156
        name: Levittown
        names_en: ~
        names_es: ~
        population: 29785
        timezone: America/Puerto_Rico
      - 
        alternate_names: ~
        ascii_name: "Sabana Seca"
        geonamesid: 4568023
        latitude: 18.42689
        longitude: -66.18461
        name: "Sabana Seca"
        names_en: ~
        names_es: ~
        population: 6247
        timezone: America/Puerto_Rico
      - 
        alternate_names: ~
        ascii_name: "San Jose"
        geonamesid: 4568122
        latitude: 18.39828
        longitude: -66.25572
        name: "San José"
        names_en: ~
        names_es: ~
        population: 3278
        timezone: America/Puerto_Rico
      - 
        alternate_names: ~
        ascii_name: "Toa Baja"
        geonamesid: 4568407
        latitude: 18.44384
        longitude: -66.25961
        name: "Toa Baja"
        names_en: ~
        names_es: ~
        population: 1889
        timezone: America/Puerto_Rico
    geonamesid: 4568408
    name: "Toa Baja"
    names_en: ~
    names_es: ~
  - 
    ascii_name: "Trujillo Alto Municipio"
    cities: 
      - 
        alternate_names: ~
        ascii_name: "Trujillo Alto"
        geonamesid: 4568451
        latitude: 18.35467
        longitude: -66.00739
        name: "Trujillo Alto"
        names_en: ~
        names_es: ~
        population: 54189
        timezone: America/Puerto_Rico
    geonamesid: 4568452
    name: "Trujillo Alto"
    names_en: ~
    names_es: ~
  - 
    ascii_name: "Utuado Municipio"
    cities: 
      - 
        alternate_names: ~
        ascii_name: Cayuco
        geonamesid: 4563376
        latitude: 18.29106
        longitude: -66.73934
        name: Cayuco
        names_en: ~
        names_es: ~
        population: 1284
        timezone: America/Puerto_Rico
      - 
        alternate_names: ~
        ascii_name: Utuado
        geonamesid: 4568490
        latitude: 18.26551
        longitude: -66.70045
        name: Utuado
        names_en: ~
        names_es: ~
        population: 9844
        timezone: America/Puerto_Rico
    geonamesid: 4568491
    name: Utuado
    names_en: ~
    names_es: ~
  - 
    ascii_name: "Vega Alta Municipio"
    cities: 
      - 
        alternate_names: ~
        ascii_name: Brenas
        geonamesid: 4562955
        latitude: 18.46717
        longitude: -66.341
        name: Brenas
        names_en: ~
        names_es: ~
        population: 2104
        timezone: America/Puerto_Rico
      - 
        alternate_names: ~
        ascii_name: Ceiba
        geonamesid: 4563379
        latitude: 18.44634
        longitude: -66.35073
        name: Ceiba
        names_en: ~
        names_es: ~
        population: 6576
        timezone: America/Puerto_Rico
      - 
        alternate_names: ~
        ascii_name: "Vega Alta"
        geonamesid: 4568528
        latitude: 18.41217
        longitude: -66.33128
        name: "Vega Alta"
        names_en: ~
        names_es: ~
        population: 12036
        timezone: America/Puerto_Rico
    geonamesid: 4568529
    name: "Vega Alta"
    names_en: ~
    names_es: ~
  - 
    ascii_name: "Vega Baja Municipio"
    cities: 
      - 
        alternate_names: ~
        ascii_name: "Coto Norte"
        geonamesid: 4564028
        latitude: 18.43078
        longitude: -66.43989
        name: "Coto Norte"
        names_en: ~
        names_es: ~
        population: 1381
        timezone: America/Puerto_Rico
      - 
        alternate_names: ~
        ascii_name: Miranda
        geonamesid: 4566267
        latitude: 18.38662
        longitude: -66.38378
        name: Miranda
        names_en: ~
        names_es: ~
        population: 2057
        timezone: America/Puerto_Rico
      - 
        alternate_names: ~
        ascii_name: Monserrate
        geonamesid: 4566285
        latitude: 18.43661
        longitude: -66.35961
        name: Monserrate
        names_en: ~
        names_es: ~
        population: 2756
        timezone: America/Puerto_Rico
      - 
        alternate_names: ~
        ascii_name: Sabana
        geonamesid: 4568009
        latitude: 18.46078
        longitude: -66.3585
        name: Sabana
        names_en: ~
        names_es: ~
        population: 1946
        timezone: America/Puerto_Rico
      - 
        alternate_names: ~
        ascii_name: "Vega Baja"
        geonamesid: 4568533
        latitude: 18.44439
        longitude: -66.38767
        name: "Vega Baja"
        names_en: ~
        names_es: ~
        population: 29325
        timezone: America/Puerto_Rico
    geonamesid: 4568534
    name: "Vega Baja"
    names_en: ~
    names_es: ~
  - 
    ascii_name: "Villalba Municipio"
    cities: 
      - 
        alternate_names: ~
        ascii_name: Villalba
        geonamesid: 4568683
        latitude: 18.12718
        longitude: -66.49212
        name: Villalba
        names_en: ~
        names_es: ~
        population: 4555
        timezone: America/Puerto_Rico
    geonamesid: 4568684
    name: Villalba
    names_en: ~
    names_es: ~
  - 
    ascii_name: "Yabucoa Municipio"
    cities: 
      - 
        alternate_names: ~
        ascii_name: Comunas
        geonamesid: 4563939
        latitude: 18.08719
        longitude: -65.84377
        name: Comunas
        names_en: ~
        names_es: ~
        population: 2027
        timezone: America/Puerto_Rico
      - 
        alternate_names: ~
        ascii_name: "El Negro"
        geonamesid: 4564214
        latitude: 18.03747
        longitude: -65.85127
        name: "El Negro"
        names_en: ~
        names_es: ~
        population: 1656
        timezone: America/Puerto_Rico
      - 
        alternate_names: ~
        ascii_name: Martorell
        geonamesid: 4566198
        latitude: 18.07607
        longitude: -65.89822
        name: Martorell
        names_en: ~
        names_es: ~
        population: 2884
        timezone: America/Puerto_Rico
      - 
        alternate_names: ~
        ascii_name: Playita
        geonamesid: 4566813
        latitude: 18.04469
        longitude: -65.90738
        name: Playita
        names_en: ~
        names_es: ~
        population: 2192
        timezone: America/Puerto_Rico
      - 
        alternate_names: ~
        ascii_name: "Rosa Sanchez"
        geonamesid: 4567995
        latitude: 18.06163
        longitude: -65.9135
        name: "Rosa Sanchez"
        names_en: ~
        names_es: ~
        population: 1221
        timezone: America/Puerto_Rico
      - 
        alternate_names: ~
        ascii_name: Yabucoa
        geonamesid: 4568908
        latitude: 18.05052
        longitude: -65.87933
        name: Yabucoa
        names_en: ~
        names_es: ~
        population: 6952
        timezone: America/Puerto_Rico
    geonamesid: 4568909
    name: Yabucoa
    names_en: ~
    names_es: ~
  - 
    ascii_name: "Yauco Municipio"
    cities: 
      - 
        alternate_names: ~
        ascii_name: Palomas
        geonamesid: 4566498
        latitude: 18.01358
        longitude: -66.87323
        name: Palomas
        names_en: ~
        names_es: ~
        population: 2321
        timezone: America/Puerto_Rico
      - 
        alternate_names: ~
        ascii_name: Yauco
        geonamesid: 4568917
        latitude: 18.03496
        longitude: -66.8499
        name: Yauco
        names_en: ~
        names_es: ~
        population: 20295
        timezone: America/Puerto_Rico
    geonamesid: 4568918
    name: Yauco
    names_en: ~
    names_es: ~
  - 
    ascii_name: "Vieques Municipio"
    cities: 
      - 
        alternate_names: ~
        ascii_name: Esperanza
        geonamesid: 4564861
        latitude: 18.09719
        longitude: -65.47071
        name: Esperanza
        names_en: ~
        names_es: ~
        population: 1092
        timezone: America/Puerto_Rico
      - 
        alternate_names: ~
        ascii_name: Vieques
        geonamesid: 4568571
        latitude: 18.14746
        longitude: -65.44488
        name: Vieques
        names_en: ~
        names_es: ~
        population: 2136
        timezone: America/Puerto_Rico
    geonamesid: 4568924
    name: Vieques
    names_en: ~
    names_es: ~
