--- 
geonamesid: 3057568
iso: SK
name: Slovakia
names_en: 
  - Slovakia
names_es: 
  - Eslovaquia
  - "Eslovaquia (República Eslovaca)"
regions: 
  - 
    ascii_name: "Kosicky Kraj"
    cities: 
      - 
        alternate_names: 
          - Vinna
          - Vinne
          - Vinná
          - Vinné
        ascii_name: Vinne
        geonamesid: 723224
        latitude: 48.81667
        longitude: 21.96667
        name: Vinné
        names_en: 
          - Vinne
        names_es: ~
        population: 1608
        timezone: Europe/Bratislava
      - 
        alternate_names: 
          - Toketerebes
          - Trebishov
          - Trebisov
          - Trebišov
        ascii_name: Trebisov
        geonamesid: 723358
        latitude: 48.63333
        longitude: 21.71667
        name: Trebišov
        names_en: 
          - Trebišov
        names_es: ~
        population: 22947
        timezone: Europe/Bratislava
      - 
        alternate_names: ~
        ascii_name: Strazske
        geonamesid: 723470
        latitude: 48.86667
        longitude: 21.83333
        name: Strážske
        names_en: ~
        names_es: ~
        population: 4474
        timezone: Europe/Bratislava
      - 
        alternate_names: 
          - Iglo
          - Igló
          - Neudorf
          - "Spishska Nova Ves"
        ascii_name: "Spisska Nova Ves"
        geonamesid: 723526
        latitude: 48.95
        longitude: 20.56667
        name: "Spišská Nová Ves"
        names_en: 
          - "Spišská Nová Ves"
        names_es: ~
        population: 39195
        timezone: Europe/Bratislava
      - 
        alternate_names: 
          - Sobrance
          - Szobranc
          - Szobránc
          - Собранце
        ascii_name: Sobrance
        geonamesid: 723554
        latitude: 48.75
        longitude: 22.18333
        name: Sobrance
        names_en: 
          - Sobrance
        names_es: ~
        population: 6262
        timezone: Europe/Bratislava
      - 
        alternate_names: ~
        ascii_name: Secovce
        geonamesid: 723637
        latitude: 48.7
        longitude: 21.65
        name: Sečovce
        names_en: ~
        names_es: ~
        population: 7819
        timezone: Europe/Bratislava
      - 
        alternate_names: 
          - Rosenau
          - Rozhnjava
          - Roznava
          - Rozsnyo
        ascii_name: Roznava
        geonamesid: 723713
        latitude: 48.66667
        longitude: 20.53333
        name: Rožňava
        names_en: 
          - Rožňava
        names_es: ~
        population: 19261
        timezone: Europe/Bratislava
      - 
        alternate_names: 
          - "Moldava nad Bodvou"
          - Moldava-nad-Bodvou
          - Szepsi
          - Молдава-над-Бодвоу
        ascii_name: "Moldava nad Bodvou"
        geonamesid: 724111
        latitude: 48.61667
        longitude: 21.0
        name: "Moldava nad Bodvou"
        names_en: 
          - "Moldava nad Bodvou"
        names_es: ~
        population: 9525
        timezone: Europe/Bratislava
      - 
        alternate_names: 
          - Grossmichel
          - Großmichel
          - Michalovce
          - Mikhalovce
        ascii_name: Michalovce
        geonamesid: 724144
        latitude: 48.75
        longitude: 21.93333
        name: Michalovce
        names_en: 
          - Michalovce
        names_es: ~
        population: 40360
        timezone: Europe/Bratislava
      - 
        alternate_names: 
          - Medzev
          - "Nizni Medzev"
          - "Nizny Medzev"
          - "Nižní Medzev"
        ascii_name: Medzev
        geonamesid: 724159
        latitude: 48.7
        longitude: 20.9
        name: Medzev
        names_en: ~
        names_es: ~
        population: 3667
        timezone: Europe/Bratislava
      - 
        alternate_names: 
          - Korompa
          - Krompachi
          - Krompachy
          - Krompakhi
        ascii_name: Krompachy
        geonamesid: 724377
        latitude: 48.91667
        longitude: 20.86667
        name: Krompachy
        names_en: 
          - Krompachy
        names_es: ~
        population: 8812
        timezone: Europe/Bratislava
      - 
        alternate_names: 
          - Kaschau
          - Kassa
          - Koesice
          - Koshice
        ascii_name: Kosice
        geonamesid: 724443
        latitude: 48.71667
        longitude: 21.25
        name: Košice
        names_en: 
          - Košice
        names_es: 
          - Košice
        population: 236563
        timezone: Europe/Bratislava
      - 
        alternate_names: 
          - Gelnica
          - Goelnicbanya
          - Gollnitz
          - Gölnicbánya
        ascii_name: Gelnica
        geonamesid: 724800
        latitude: 48.85
        longitude: 20.93333
        name: Gelnica
        names_en: 
          - Gelnica
        names_es: ~
        population: 6404
        timezone: Europe/Bratislava
      - 
        alternate_names: 
          - Dobschau
          - Dobshina
          - Dobsina
          - Dobšiná
        ascii_name: Dobsina
        geonamesid: 724893
        latitude: 48.81667
        longitude: 20.36667
        name: Dobšiná
        names_en: 
          - Dobšiná
        names_es: ~
        population: 4896
        timezone: Europe/Bratislava
      - 
        alternate_names: 
          - Agcsernyo
          - Cerna
          - Cherna
          - Cierna
        ascii_name: "Cierna nad Tisou"
        geonamesid: 724941
        latitude: 48.43333
        longitude: 22.1
        name: "Čierna nad Tisou"
        names_en: ~
        names_es: ~
        population: 4645
        timezone: Europe/Bratislava
    geonamesid: 865084
    name: Košický
    names_en: ~
    names_es: ~
  - 
    ascii_name: "Presovsky Kraj"
    cities: 
      - 
        alternate_names: 
          - Zhd'jar
          - Ждьяр
        ascii_name: Zdiar
        geonamesid: 723082
        latitude: 49.271
        longitude: 20.26239
        name: Ždiar
        names_en: ~
        names_es: ~
        population: 1330
        timezone: Europe/Bratislava
      - 
        alternate_names: 
          - Smokovec
          - "Vysoke Tatry"
          - "Vysokie Tatry"
          - "Vysoké Tatry"
        ascii_name: "Vysoke Tatry"
        geonamesid: 723119
        latitude: 49.13333
        longitude: 20.21667
        name: "Vysoké Tatry"
        names_en: 
          - "Vysoké Tatry"
        names_es: ~
        population: 4700
        timezone: Europe/Bratislava
      - 
        alternate_names: 
          - "Druzbaki Wyzny"
          - "Druzbaki Wyżny"
          - "Vyshne Ruzhbakhi"
          - "Vysne Ruzbachy"
        ascii_name: "Vysne Ruzbachy"
        geonamesid: 723143
        latitude: 49.3
        longitude: 20.56667
        name: "Vyšné Ružbachy"
        names_en: 
          - "Vysne Ruzbachy"
        names_es: ~
        population: 1296
        timezone: Europe/Bratislava
      - 
        alternate_names: 
          - Varanno
          - Varannó
          - Vranov
          - "Vranov nad Topl'ou"
        ascii_name: "Vranov nad Topl'ou"
        geonamesid: 723195
        latitude: 48.9
        longitude: 21.68333
        name: "Vranov nad Topľou"
        names_en: 
          - "Vranov nad Topľou"
        names_es: ~
        population: 23246
        timezone: Europe/Bratislava
      - 
        alternate_names: 
          - Felsovizkoez
          - Felsővízköz
          - Svidnik
          - Svidník
        ascii_name: Svidnik
        geonamesid: 723417
        latitude: 49.3
        longitude: 21.56667
        name: Svidník
        names_en: 
          - Svidník
        names_es: ~
        population: 12428
        timezone: Europe/Bratislava
      - 
        alternate_names: 
          - Stropkiv
          - Stropkov
          - Sztropko
          - Sztropkó
        ascii_name: Stropkov
        geonamesid: 723455
        latitude: 49.2
        longitude: 21.65
        name: Stropkov
        names_en: 
          - Stropkov
        names_es: ~
        population: 10874
        timezone: Europe/Bratislava
      - 
        alternate_names: 
          - Olublo
          - "Stara Ljubovnja"
          - "Stara Lubovna"
          - "Stara Lubowla"
        ascii_name: "Stara lubovna"
        geonamesid: 723505
        latitude: 49.3
        longitude: 20.7
        name: "Stará ľubovňa"
        names_en: 
          - "Stará Ľubovňa"
        names_es: ~
        population: 16000
        timezone: Europe/Bratislava
      - 
        alternate_names: 
          - "Spishske Podgrad'e"
          - "Spiskie Podhradie"
          - "Spisske Podhradie"
          - "Spiśkie Podhradie"
        ascii_name: "Spisske Podhradie"
        geonamesid: 723519
        latitude: 49.0
        longitude: 20.75
        name: "Spišské Podhradie"
        names_en: 
          - "Spišské Podhradie"
        names_es: ~
        population: 3780
        timezone: Europe/Bratislava
      - 
        alternate_names: ~
        ascii_name: "Spisska Bela"
        geonamesid: 723529
        latitude: 49.18333
        longitude: 20.46667
        name: "Spišská Belá"
        names_en: ~
        names_es: ~
        population: 6136
        timezone: Europe/Bratislava
      - 
        alternate_names: 
          - Snina
          - Szinna
          - Снина
        ascii_name: Snina
        geonamesid: 723559
        latitude: 48.98333
        longitude: 22.15
        name: Snina
        names_en: 
          - Snina
        names_es: ~
        population: 22221
        timezone: Europe/Bratislava
      - 
        alternate_names: 
          - Kisseben
          - Kisszeben
          - Sabinov
          - Zeben
        ascii_name: Sabinov
        geonamesid: 723674
        latitude: 49.1
        longitude: 21.1
        name: Sabinov
        names_en: 
          - Sabinov
        names_es: ~
        population: 12290
        timezone: Europe/Bratislava
      - 
        alternate_names: 
          - Eperjes
          - Prasiv
          - Preshov
          - Presov
        ascii_name: Presov
        geonamesid: 723819
        latitude: 49.0
        longitude: 21.25
        name: Prešov
        names_en: 
          - Prešov
        names_es: 
          - Prešov
        population: 94718
        timezone: Europe/Bratislava
      - 
        alternate_names: 
          - Deutschendorf
          - Poprad
          - Попрад
        ascii_name: Poprad
        geonamesid: 723846
        latitude: 49.05
        longitude: 20.3
        name: Poprad
        names_en: ~
        names_es: ~
        population: 57431
        timezone: Europe/Bratislava
      - 
        alternate_names: ~
        ascii_name: Podolinec
        geonamesid: 723866
        latitude: 49.26667
        longitude: 20.53333
        name: Podolínec
        names_en: ~
        names_es: ~
        population: 3173
        timezone: Europe/Bratislava
      - 
        alternate_names: 
          - Neu-Walddorf
          - Nova-Lesna
          - Нова-Лесна
        ascii_name: "Nova Lesna"
        geonamesid: 724026
        latitude: 49.12253
        longitude: 20.26737
        name: "Nová Lesná"
        names_en: ~
        names_es: ~
        population: 1520
        timezone: Europe/Bratislava
      - 
        alternate_names: 
          - Leibitz
        ascii_name: Lubica
        geonamesid: 724265
        latitude: 49.11667
        longitude: 20.45
        name: Ľubica
        names_en: ~
        names_es: ~
        population: 4000
        timezone: Europe/Bratislava
      - 
        alternate_names: 
          - Lipany
          - Lipiany
        ascii_name: Lipany
        geonamesid: 724286
        latitude: 49.15
        longitude: 20.96667
        name: Lipany
        names_en: ~
        names_es: ~
        population: 6130
        timezone: Europe/Bratislava
      - 
        alternate_names: 
          - Leutschau
          - Levoca
          - Levocha
          - Levoča
        ascii_name: Levoca
        geonamesid: 724294
        latitude: 49.03333
        longitude: 20.6
        name: Levoča
        names_en: 
          - Levoča
        names_es: ~
        population: 14511
        timezone: Europe/Bratislava
      - 
        alternate_names: 
          - Kaesmark
          - Kesmark
          - Kezhmarok
          - Kezmarok
        ascii_name: Kezmarok
        geonamesid: 724503
        latitude: 49.13333
        longitude: 20.43333
        name: Kežmarok
        names_en: 
          - Kežmarok
        names_es: ~
        population: 21391
        timezone: Europe/Bratislava
      - 
        alternate_names: 
          - Gumenne
          - Homonna
          - Humenne
          - Humenné
        ascii_name: Humenne
        geonamesid: 724627
        latitude: 48.93333
        longitude: 21.91667
        name: Humenné
        names_en: 
          - Humenné
        names_es: ~
        population: 35367
        timezone: Europe/Bratislava
      - 
        alternate_names: 
          - Giraltovce
          - Oiraltovce
        ascii_name: Giraltovce
        geonamesid: 724784
        latitude: 49.11667
        longitude: 21.51667
        name: Giraltovce
        names_en: ~
        names_es: ~
        population: 4189
        timezone: Europe/Bratislava
      - 
        alternate_names: 
          - Chlmec
          - Chlumec
        ascii_name: Chlmec
        geonamesid: 724969
        latitude: 48.88333
        longitude: 21.93333
        name: Chlmec
        names_en: ~
        names_es: ~
        population: 8031
        timezone: Europe/Bratislava
      - 
        alternate_names: 
          - Bardejov
          - Bardiow
          - Bardiów
          - Bartfa
        ascii_name: Bardejov
        geonamesid: 725168
        latitude: 49.28333
        longitude: 21.28333
        name: Bardejov
        names_en: 
          - Bardejov
        names_es: ~
        population: 34209
        timezone: Europe/Bratislava
    geonamesid: 865085
    name: Prešovský
    names_en: ~
    names_es: ~
  - 
    ascii_name: "Zilinsky Kraj"
    cities: 
      - 
        alternate_names: 
          - Sillein
          - Solna
          - Zhilina
          - Zilina
        ascii_name: Zilina
        geonamesid: 3056508
        latitude: 49.22315
        longitude: 18.73941
        name: Žilina
        names_en: 
          - Žilina
        names_es: ~
        population: 85985
        timezone: Europe/Bratislava
      - 
        alternate_names: ~
        ascii_name: Vrutky
        geonamesid: 3056683
        latitude: 49.11667
        longitude: 18.91667
        name: Vrútky
        names_en: ~
        names_es: ~
        population: 7298
        timezone: Europe/Bratislava
      - 
        alternate_names: ~
        ascii_name: Tvrdosin
        geonamesid: 3057063
        latitude: 49.33333
        longitude: 19.56667
        name: Tvrdošín
        names_en: ~
        names_es: ~
        population: 9544
        timezone: Europe/Bratislava
      - 
        alternate_names: ~
        ascii_name: Turzovka
        geonamesid: 3057069
        latitude: 49.4
        longitude: 18.63333
        name: Turzovka
        names_en: ~
        names_es: ~
        population: 7854
        timezone: Europe/Bratislava
      - 
        alternate_names: 
          - Trstena
          - Trstená
          - Trsztena
          - Trzciana
        ascii_name: Trstena
        geonamesid: 3057108
        latitude: 49.36667
        longitude: 19.61667
        name: Trstená
        names_en: ~
        names_es: ~
        population: 7461
        timezone: Europe/Bratislava
      - 
        alternate_names: 
          - Rosenberg
          - Rozahegy
          - Rozsahegy
          - Roźahegy
        ascii_name: Ruzomberok
        geonamesid: 3057789
        latitude: 49.08333
        longitude: 19.31667
        name: Ružomberok
        names_en: 
          - Ružomberok
        names_es: ~
        population: 30806
        timezone: Europe/Bratislava
      - 
        alternate_names: ~
        ascii_name: Rajec
        geonamesid: 3057910
        latitude: 49.08333
        longitude: 18.63333
        name: Rajec
        names_en: ~
        names_es: ~
        population: 6400
        timezone: Europe/Bratislava
      - 
        alternate_names: 
          - Namestovo
          - Nameszto
          - Namiestow
          - Namiestów
        ascii_name: Namestovo
        geonamesid: 3058579
        latitude: 49.4
        longitude: 19.5
        name: Námestovo
        names_en: 
          - Námestovo
        names_es: ~
        population: 8135
        timezone: Europe/Bratislava
      - 
        alternate_names: 
          - Martin
          - "Turciansky Svaty Martin"
          - "Turčiansky Svätý Martin"
          - Мартин
        ascii_name: Martin
        geonamesid: 3058780
        latitude: 49.06667
        longitude: 18.93333
        name: Martin
        names_en: ~
        names_es: ~
        population: 60817
        timezone: Europe/Bratislava
      - 
        alternate_names: ~
        ascii_name: "Liptovsky Hradok"
        geonamesid: 3059053
        latitude: 49.03333
        longitude: 19.73333
        name: "Liptovský Hrádok"
        names_en: ~
        names_es: ~
        population: 8232
        timezone: Europe/Bratislava
      - 
        alternate_names: 
          - "Kisucke Nove Mesto"
          - Kiszucaujhely
          - Kiszucaújhely
          - "Kysucke Nove Mesto"
        ascii_name: "Kysucke Nove Mesto"
        geonamesid: 3059179
        latitude: 49.3
        longitude: 18.78333
        name: "Kysucké Nové Mesto"
        names_en: 
          - "Kysucké Nové Mesto"
        names_es: ~
        population: 16558
        timezone: Europe/Bratislava
      - 
        alternate_names: 
          - Alsokubin
          - Alsókubin
          - "Dolni Kubin"
          - "Dolny Kubin"
        ascii_name: "Dolny Kubin"
        geonamesid: 3060405
        latitude: 49.2
        longitude: 19.3
        name: "Dolný Kubín"
        names_en: 
          - "Dolný Kubín"
        names_es: ~
        population: 20401
        timezone: Europe/Bratislava
      - 
        alternate_names: 
          - Cadca
          - Chadca
          - Csaca
          - Csacza
        ascii_name: Cadca
        geonamesid: 3060835
        latitude: 49.43333
        longitude: 18.78333
        name: Čadca
        names_en: 
          - Čadca
        names_es: ~
        population: 27281
        timezone: Europe/Bratislava
      - 
        alternate_names: 
          - Bitcha
          - Bytca
          - Bytča
          - Nagybiccse
        ascii_name: Bytca
        geonamesid: 3060852
        latitude: 49.21667
        longitude: 18.56667
        name: Bytča
        names_en: 
          - Bytča
        names_es: ~
        population: 11550
        timezone: Europe/Bratislava
      - 
        alternate_names: 
          - Erdudka
          - Erdutka
          - Erdúdka
          - Erdútka
        ascii_name: "Oravska Lesna"
        geonamesid: 6559492
        latitude: 49.36672
        longitude: 19.18093
        name: "Oravská Lesná"
        names_en: ~
        names_es: ~
        population: 3500
        timezone: Europe/Bratislava
    geonamesid: 3056506
    name: Žilinský
    names_en: ~
    names_es: ~
  - 
    ascii_name: "Banskobystricky Kraj"
    cities: 
      - 
        alternate_names: 
          - Rima-Szombat
          - Rimaszombat
          - "Rimavska Sobota"
          - "Rimavská Sobota"
        ascii_name: "Rimavska Sobota"
        geonamesid: 723736
        latitude: 48.38333
        longitude: 20.03333
        name: "Rimavská Sobota"
        names_en: 
          - "Rimavská Sobota"
        names_es: ~
        population: 25235
        timezone: Europe/Bratislava
      - 
        alternate_names: 
          - Nagyroce
          - Nagyrőce
          - Revuca
          - Revúca
        ascii_name: Revuca
        geonamesid: 723747
        latitude: 48.68333
        longitude: 20.11667
        name: Revúca
        names_en: 
          - Revúca
        names_es: ~
        population: 13466
        timezone: Europe/Bratislava
      - 
        alternate_names: 
          - Altsohl
          - Zolyom
          - Zvolen
          - Zwolen
        ascii_name: Zvolen
        geonamesid: 3056459
        latitude: 48.58333
        longitude: 19.13333
        name: Zvolen
        names_en: 
          - Zvolen
        names_es: ~
        population: 44502
        timezone: Europe/Bratislava
      - 
        alternate_names: 
          - "Svaty Kriz nad Hronom"
          - "Svätý Kríž nad Hronom"
          - "Ziar nad Hronom"
          - "Žiar nad Hronom"
        ascii_name: "Ziar nad Hronom"
        geonamesid: 3056523
        latitude: 48.58333
        longitude: 18.86667
        name: "Žiar nad Hronom"
        names_en: ~
        names_es: ~
        population: 19392
        timezone: Europe/Bratislava
      - 
        alternate_names: 
          - Zarnovica
          - Zarovnica
          - Žarnovica
          - Žarovnica
        ascii_name: Zarnovica
        geonamesid: 3056589
        latitude: 48.48333
        longitude: 18.73333
        name: Žarnovica
        names_en: ~
        names_es: ~
        population: 6596
        timezone: Europe/Bratislava
      - 
        alternate_names: 
          - Theissholz
          - Tisovec
          - Tiszolcz
        ascii_name: Tisovec
        geonamesid: 3057197
        latitude: 48.68333
        longitude: 19.95
        name: Tisovec
        names_en: ~
        names_es: ~
        population: 4215
        timezone: Europe/Bratislava
      - 
        alternate_names: ~
        ascii_name: Poltar
        geonamesid: 3058083
        latitude: 48.43333
        longitude: 19.8
        name: Poltár
        names_en: ~
        names_es: ~
        population: 6099
        timezone: Europe/Bratislava
      - 
        alternate_names: 
          - Konigsberg
          - Königsberg
          - "Nova Bana"
          - "Nová Baňa"
        ascii_name: "Nova Bana"
        geonamesid: 3058498
        latitude: 48.43333
        longitude: 18.65
        name: "Nová Baňa"
        names_en: ~
        names_es: ~
        population: 7505
        timezone: Europe/Bratislava
      - 
        alternate_names: 
          - Losonc
          - Losoncz
          - Lucenec
          - Luchenec
        ascii_name: Lucenec
        geonamesid: 3058986
        latitude: 48.33333
        longitude: 19.66667
        name: Lučenec
        names_en: 
          - Lučenec
        names_es: ~
        population: 28159
        timezone: Europe/Bratislava
      - 
        alternate_names: 
          - Krupina
          - Крупина
        ascii_name: Krupina
        geonamesid: 3059244
        latitude: 48.35
        longitude: 19.06667
        name: Krupina
        names_en: ~
        names_es: ~
        population: 7991
        timezone: Europe/Bratislava
      - 
        alternate_names: 
          - Koermoecbanya
          - Kormoczbanya
          - Kremnica
          - Kremnitz
        ascii_name: Kremnica
        geonamesid: 3059282
        latitude: 48.7
        longitude: 18.91667
        name: Kremnica
        names_en: 
          - Kremnica
        names_es: ~
        population: 5822
        timezone: Europe/Bratislava
      - 
        alternate_names: 
          - Herencsvoelgy
          - Herencsvölgy
          - Hrinova
          - Hriňová
        ascii_name: Hrinova
        geonamesid: 3059870
        latitude: 48.58333
        longitude: 19.53333
        name: Hriňová
        names_en: ~
        names_es: ~
        population: 8289
        timezone: Europe/Bratislava
      - 
        alternate_names: 
          - Fil'akovo
          - Filek
          - Fiľakovo
          - Fuelek
        ascii_name: Fil'akovo
        geonamesid: 3060242
        latitude: 48.26667
        longitude: 19.83333
        name: Fiľakovo
        names_en: ~
        names_es: ~
        population: 10198
        timezone: Europe/Bratislava
      - 
        alternate_names: 
          - Detva
          - Gyetva
          - Детва
        ascii_name: Detva
        geonamesid: 3060589
        latitude: 48.56082
        longitude: 19.41954
        name: Detva
        names_en: ~
        names_es: ~
        population: 15020
        timezone: Europe/Bratislava
      - 
        alternate_names: 
          - Brezno
          - "Brezno nad Hronom"
          - Breznobanya
          - Breznon
        ascii_name: Brezno
        geonamesid: 3060950
        latitude: 48.81667
        longitude: 19.65
        name: Brezno
        names_en: 
          - Brezno
        names_es: ~
        population: 23055
        timezone: Europe/Bratislava
      - 
        alternate_names: 
          - "Banska Sht'javnica"
          - "Banska Stiavnica"
          - "Banska Stiavnica a Banska Bela"
          - "Banská Štiavnica"
        ascii_name: "Banska Stiavnica"
        geonamesid: 3061184
        latitude: 48.45
        longitude: 18.9
        name: "Banská Štiavnica"
        names_en: 
          - "Banská Štiavnica"
        names_es: ~
        population: 10874
        timezone: Europe/Bratislava
      - 
        alternate_names: 
          - "Banska Bistrica"
          - "Banska Bystrica"
          - "Banska Bystrzyca"
          - "Banská Bystrica"
        ascii_name: "Banska Bystrica"
        geonamesid: 3061186
        latitude: 48.73333
        longitude: 19.15
        name: "Banská Bystrica"
        names_en: 
          - "Banská Bystrica"
        names_es: 
          - "Banská Bystrica"
        population: 82336
        timezone: Europe/Bratislava
    geonamesid: 3343954
    name: Banskobystrický
    names_en: ~
    names_es: ~
  - 
    ascii_name: "Bratislavsky Kraj"
    cities: 
      - 
        alternate_names: 
          - "Jur pri Bratislave"
          - "Sanct Georgius"
          - "Sankt Georgen"
          - "Svaety Jur"
        ascii_name: "Svaty Jur"
        geonamesid: 3057304
        latitude: 48.25
        longitude: 17.21667
        name: "Svätý Jur"
        names_en: 
          - "Svätý Jur"
        names_es: ~
        population: 4614
        timezone: Europe/Bratislava
      - 
        alternate_names: 
          - Senec
          - Szenc
          - Сенец
        ascii_name: Senec
        geonamesid: 3057692
        latitude: 48.21667
        longitude: 17.4
        name: Senec
        names_en: 
          - Senec
        names_es: ~
        population: 14673
        timezone: Europe/Bratislava
      - 
        alternate_names: 
          - Bazin
          - Pezinok
          - Poesing
          - Pösing
        ascii_name: Pezinok
        geonamesid: 3058210
        latitude: 48.28333
        longitude: 17.26667
        name: Pezinok
        names_en: ~
        names_es: ~
        population: 21343
        timezone: Europe/Bratislava
      - 
        alternate_names: 
          - Modor
          - Modra
          - Модра
        ascii_name: Modra
        geonamesid: 3058663
        latitude: 48.33333
        longitude: 17.31667
        name: Modra
        names_en: 
          - Modra
        names_es: ~
        population: 8536
        timezone: Europe/Bratislava
      - 
        alternate_names: 
          - Malacka
          - Malacke
          - Malacki
          - Malacky
        ascii_name: Malacky
        geonamesid: 3058897
        latitude: 48.43333
        longitude: 17.01667
        name: Malacky
        names_en: 
          - Malacky
        names_es: ~
        population: 17773
        timezone: Europe/Bratislava
      - 
        alternate_names: 
          - "An Bhrataslaiv"
          - "An Bhratasláiv"
          - Bratislava
          - Bratislavae
        ascii_name: Bratislava
        geonamesid: 3060972
        latitude: 48.14816
        longitude: 17.10674
        name: Bratislava
        names_en: 
          - Bratislava
        names_es: 
          - Bratislava
        population: 423737
        timezone: Europe/Bratislava
    geonamesid: 3343955
    name: Bratislavský
    names_en: ~
    names_es: ~
  - 
    ascii_name: "Nitriansky Kraj"
    cities: 
      - 
        alternate_names: 
          - "Zlate Moravce"
          - "Zlaté Moravce"
        ascii_name: "Zlate Moravce"
        geonamesid: 3056495
        latitude: 48.38333
        longitude: 18.4
        name: "Zlaté Moravce"
        names_en: ~
        names_es: ~
        population: 15618
        timezone: Europe/Bratislava
      - 
        alternate_names: 
          - Zeliezovce
          - Zseliz
          - Želiezovce
        ascii_name: Zeliezovce
        geonamesid: 3056547
        latitude: 48.05
        longitude: 18.66667
        name: Želiezovce
        names_en: ~
        names_es: ~
        population: 7522
        timezone: Europe/Bratislava
      - 
        alternate_names: 
          - "Trencianske Teplice"
          - "Trenčianske Teplice"
        ascii_name: "Trencianske Teplice"
        geonamesid: 3057141
        latitude: 48.91667
        longitude: 18.16667
        name: "Trenčianske Teplice"
        names_en: ~
        names_es: ~
        population: 4438
        timezone: Europe/Bratislava
      - 
        alternate_names: 
          - Garamtolmacs
          - Garamtolmács
          - Timac
          - Timace
        ascii_name: Tlmace
        geonamesid: 3057191
        latitude: 48.28333
        longitude: 18.53333
        name: Tlmače
        names_en: ~
        names_es: ~
        population: 4305
        timezone: Europe/Bratislava
      - 
        alternate_names: 
          - Seldin
          - Seldín
          - Svodin
          - Svodín
        ascii_name: Svodin
        geonamesid: 3057273
        latitude: 47.91667
        longitude: 18.5
        name: Svodín
        names_en: ~
        names_es: ~
        population: 2649
        timezone: Europe/Bratislava
      - 
        alternate_names: 
          - Nagysurany
          - Nagysurány
          - Shurany
          - Suran
        ascii_name: Surany
        geonamesid: 3057339
        latitude: 48.08333
        longitude: 18.18333
        name: Šurany
        names_en: 
          - Šurany
        names_es: ~
        population: 10491
        timezone: Europe/Bratislava
      - 
        alternate_names: 
          - Otura
          - "Stara Tura"
          - "Stará Turá"
          - Ótura
        ascii_name: "Stara Tura"
        geonamesid: 3057480
        latitude: 48.78333
        longitude: 17.7
        name: "Stará Turá"
        names_en: ~
        names_es: ~
        population: 10291
        timezone: Europe/Bratislava
      - 
        alternate_names: 
          - Sal'a
          - Sala
          - "Sala nad Vahom"
          - Sellye
        ascii_name: Sellye
        geonamesid: 3057769
        latitude: 48.15
        longitude: 17.88333
        name: Sellye
        names_en: 
          - Šaľa
        names_es: ~
        population: 24513
        timezone: Europe/Bratislava
      - 
        alternate_names: 
          - "Ipoly Sagh"
          - "Ipoly Ságh"
          - Ipolysag
          - Ipolyság
        ascii_name: Sahy
        geonamesid: 3057772
        latitude: 48.06667
        longitude: 18.96667
        name: Šahy
        names_en: 
          - Šahy
        names_es: ~
        population: 8061
        timezone: Europe/Bratislava
      - 
        alternate_names: 
          - Pucho
          - Puchov
          - Puho
          - Puhó
        ascii_name: Puchov
        geonamesid: 3057963
        latitude: 49.13333
        longitude: 18.33333
        name: Púchov
        names_en: 
          - Púchov
        names_es: ~
        population: 18833
        timezone: Europe/Bratislava
      - 
        alternate_names: 
          - Pr'evidza
          - Prievidza
          - Privigye
          - Прьевидза
        ascii_name: Prievidza
        geonamesid: 3058000
        latitude: 48.76667
        longitude: 18.63333
        name: Prievidza
        names_en: 
          - Prievidza
        names_es: ~
        population: 52987
        timezone: Europe/Bratislava
      - 
        alternate_names: 
          - Bystrica
          - "Povazhska Bistrica"
          - "Povazska Bystrica"
          - "Povazske Bystraica"
        ascii_name: "Povazska Bystrica"
        geonamesid: 3058060
        latitude: 49.11667
        longitude: 18.45
        name: "Považská Bystrica"
        names_en: 
          - "Považská Bystrica"
        names_es: ~
        population: 43936
        timezone: Europe/Bratislava
      - 
        alternate_names: 
          - Bat'ovany
          - Baťovany
          - Partizanske
          - Partizánske
        ascii_name: Partizanske
        geonamesid: 3058268
        latitude: 48.63333
        longitude: 18.38333
        name: Partizánske
        names_en: 
          - Partizánske
        names_es: ~
        population: 24370
        timezone: Europe/Bratislava
      - 
        alternate_names: 
          - Navaky
          - Novaky
          - Nováky
        ascii_name: Novaky
        geonamesid: 3058493
        latitude: 48.71667
        longitude: 18.55
        name: Nováky
        names_en: ~
        names_es: ~
        population: 4402
        timezone: Europe/Bratislava
      - 
        alternate_names: 
          - Neutra
          - Nitra
          - Nyitra
          - nitora
        ascii_name: Nitra
        geonamesid: 3058531
        latitude: 48.30763
        longitude: 18.08453
        name: Nitra
        names_en: 
          - Nitra
        names_es: 
          - Nitra
        population: 86329
        timezone: Europe/Bratislava
      - 
        alternate_names: ~
        ascii_name: Nemsova
        geonamesid: 3058546
        latitude: 48.96667
        longitude: 18.11667
        name: Nemšová
        names_en: ~
        names_es: ~
        population: 6136
        timezone: Europe/Bratislava
      - 
        alternate_names: 
          - Miava
          - Myjava
        ascii_name: Myjava
        geonamesid: 3058611
        latitude: 48.75
        longitude: 17.56667
        name: Myjava
        names_en: ~
        names_es: ~
        population: 13142
        timezone: Europe/Bratislava
      - 
        alternate_names: 
          - Leua
          - Leva
          - Levice
          - Léva
        ascii_name: Levice
        geonamesid: 3059101
        latitude: 48.21667
        longitude: 18.6
        name: Levice
        names_en: 
          - Levice
        names_es: ~
        population: 37574
        timezone: Europe/Bratislava
      - 
        alternate_names: 
          - Guta
          - Gutta
          - Kolarovo
          - Kolárovo
        ascii_name: Kolarovo
        geonamesid: 3059448
        latitude: 47.91667
        longitude: 18.0
        name: Kolárovo
        names_en: ~
        names_es: ~
        population: 10823
        timezone: Europe/Bratislava
      - 
        alternate_names: 
          - Hava
          - Ilava
          - Illava
          - Илава
        ascii_name: Ilava
        geonamesid: 3059796
        latitude: 49.0
        longitude: 18.23333
        name: Ilava
        names_en: 
          - Ilava
        names_es: ~
        population: 5411
        timezone: Europe/Bratislava
      - 
        alternate_names: 
          - Handlova
          - Handlová
        ascii_name: Handlova
        geonamesid: 3060139
        latitude: 48.73333
        longitude: 18.76667
        name: Handlová
        names_en: ~
        names_es: ~
        population: 18018
        timezone: Europe/Bratislava
      - 
        alternate_names: 
          - "Dubnica nad Vahom"
          - "Dubnica nad Váhom"
          - Dubnica-nad-Vagom
          - Mariatoelgyes
        ascii_name: "Dubnica nad Vahom"
        geonamesid: 3060346
        latitude: 48.96667
        longitude: 18.18333
        name: "Dubnica nad Váhom"
        names_en: 
          - "Dubnica nad Váhom"
        names_es: ~
        population: 26617
        timezone: Europe/Bratislava
      - 
        alternate_names: 
          - Chakhtice
          - Чахтице
        ascii_name: Cachtice
        geonamesid: 3060839
        latitude: 48.71226
        longitude: 17.78704
        name: Čachtice
        names_en: ~
        names_es: ~
        population: 3626
        timezone: Europe/Bratislava
      - 
        alternate_names: 
          - Berezo
          - Berezó
          - "Brezova pod Bradlom"
          - "Brezová pod Bradlom"
        ascii_name: "Brezova pod Bradlom"
        geonamesid: 3060942
        latitude: 48.66667
        longitude: 17.53333
        name: "Brezová pod Bradlom"
        names_en: ~
        names_es: ~
        population: 5567
        timezone: Europe/Bratislava
      - 
        alternate_names: 
          - Bajmoc
          - Bajmóc
          - Bojnice
          - Бойнице
        ascii_name: Bojnice
        geonamesid: 3061015
        latitude: 48.78333
        longitude: 18.58333
        name: Bojnice
        names_en: 
          - Bojnice
        names_es: ~
        population: 5006
        timezone: Europe/Bratislava
      - 
        alternate_names: 
          - Banovce
          - "Banovce nad Bebravou"
          - "Bánovce nad Bebravou"
        ascii_name: "Banovce nad Bebravou"
        geonamesid: 3061188
        latitude: 48.71667
        longitude: 18.26667
        name: "Bánovce nad Bebravou"
        names_en: ~
        names_es: ~
        population: 21328
        timezone: Europe/Bratislava
    geonamesid: 3343956
    name: Nitriansky
    names_en: ~
    names_es: ~
  - 
    ascii_name: "Trenciansky Kraj"
    cities: 
      - 
        alternate_names: 
          - Trenchin
          - Trencin
          - Trencsen
          - Trencsén
        ascii_name: Trencin
        geonamesid: 3057140
        latitude: 48.89452
        longitude: 18.04436
        name: Trenčín
        names_en: 
          - Trenčín
        names_es: ~
        population: 58278
        timezone: Europe/Bratislava
    geonamesid: 3343957
    name: Trenčiansky
    names_en: ~
    names_es: ~
  - 
    ascii_name: "Trnavsky Kraj"
    cities: 
      - 
        alternate_names: 
          - Verbo
          - Verbó
          - Vrbove
          - Vrbové
        ascii_name: Vrbove
        geonamesid: 3056697
        latitude: 48.63333
        longitude: 17.73333
        name: Vrbové
        names_en: 
          - Vrbové
        names_es: ~
        population: 6249
        timezone: Europe/Bratislava
      - 
        alternate_names: 
          - Nagyszombat
          - Trnava
          - Trnawa
          - Tyrnau
        ascii_name: Trnava
        geonamesid: 3057124
        latitude: 48.36667
        longitude: 17.6
        name: Trnava
        names_en: 
          - Trnava
        names_es: 
          - Trnava
        population: 69785
        timezone: Europe/Bratislava
      - 
        alternate_names: 
          - Smolenice
          - Смоленице
        ascii_name: Smolenice
        geonamesid: 3057552
        latitude: 48.50478
        longitude: 17.43067
        name: Smolenice
        names_en: ~
        names_es: ~
        population: 3287
        timezone: Europe/Bratislava
      - 
        alternate_names: 
          - Diosek
          - Dioszeg
          - Diószeg
          - Kis-Dioszeg
        ascii_name: Sladkovicovo
        geonamesid: 3057602
        latitude: 48.2
        longitude: 17.65
        name: Sládkovičovo
        names_en: ~
        names_es: ~
        population: 6078
        timezone: Europe/Bratislava
      - 
        alternate_names: 
          - Skalica
        ascii_name: Skalica
        geonamesid: 3057630
        latitude: 48.85
        longitude: 17.23333
        name: Skalica
        names_en: ~
        names_es: ~
        population: 15013
        timezone: Europe/Bratislava
      - 
        alternate_names: 
          - Senica
          - Сеница
        ascii_name: Senica
        geonamesid: 3057691
        latitude: 48.68333
        longitude: 17.36667
        name: Senica
        names_en: ~
        names_es: ~
        population: 21741
        timezone: Europe/Bratislava
      - 
        alternate_names: 
          - Samorin
          - Somorja
          - Šamorín
        ascii_name: Samorin
        geonamesid: 3057757
        latitude: 48.03333
        longitude: 17.31667
        name: Šamorín
        names_en: ~
        names_es: ~
        population: 12143
        timezone: Europe/Bratislava
      - 
        alternate_names: 
          - Piest'anoch
          - Piestany
          - Pieszczany
          - Piešťanoch
        ascii_name: Piestany
        geonamesid: 3058202
        latitude: 48.6
        longitude: 17.83333
        name: Piešťany
        names_en: 
          - Piešťany
        names_es: ~
        population: 30000
        timezone: Europe/Bratislava
      - 
        alternate_names: 
          - Leopoldov
          - Mestecko
          - Mestečko
          - Ujvaroska
        ascii_name: Leopoldov
        geonamesid: 3059111
        latitude: 48.45
        longitude: 17.76667
        name: Leopoldov
        names_en: 
          - Leopoldov
        names_es: ~
        population: 3999
        timezone: Europe/Bratislava
      - 
        alternate_names: ~
        ascii_name: Holic
        geonamesid: 3060077
        latitude: 48.8
        longitude: 17.16667
        name: Holíč
        names_en: ~
        names_es: ~
        population: 11416
        timezone: Europe/Bratislava
      - 
        alternate_names: 
          - Galgoc
          - Galgóc
          - Hlohovec
          - glogovec
        ascii_name: Hlohovec
        geonamesid: 3060095
        latitude: 48.43333
        longitude: 17.8
        name: Hlohovec
        names_en: 
          - Hlohovec
        names_es: ~
        population: 23930
        timezone: Europe/Bratislava
      - 
        alternate_names: 
          - Egbell
          - Gbely
        ascii_name: Gbely
        geonamesid: 3060208
        latitude: 48.71667
        longitude: 17.13333
        name: Gbely
        names_en: ~
        names_es: ~
        population: 5223
        timezone: Europe/Bratislava
    geonamesid: 3343958
    name: Trnavský
    names_en: ~
    names_es: ~
