--- 
geonamesid: 2103350
iso: SB
name: "Solomon Islands"
names_en: 
  - "Solomon Islands"
names_es: 
  - "Islas Salomón"
  - Salomón
regions: 
  - 
    ascii_name: "Western Province"
    cities: []
    geonamesid: 2101556
    name: "Western Province"
    names_en: ~
    names_es: ~
  - 
    ascii_name: "Malaita Province"
    cities: []
    geonamesid: 2106552
    name: Malaita
    names_en: ~
    names_es: ~
  - 
    ascii_name: "Isabel Province"
    cities: 
      - 
        alternate_names: ~
        ascii_name: Buala
        geonamesid: 2109528
        latitude: -8.14497
        longitude: 159.59212
        name: Buala
        names_en: ~
        names_es: ~
        population: 0
        timezone: Pacific/Guadalcanal
    geonamesid: 2108262
    name: Isabel
    names_en: ~
    names_es: ~
  - 
    ascii_name: "Guadalcanal Province"
    cities: 
      - 
        alternate_names: 
          - Honiara
          - Honiaro
          - Khoniara
          - Oniara
        ascii_name: Honiara
        geonamesid: 2108502
        latitude: -9.43333
        longitude: 159.95
        name: Honiara
        names_en: 
          - Honiara
        names_es: 
          - Honiara
        population: 56298
        timezone: Pacific/Guadalcanal
    geonamesid: 2108831
    name: Guadalcanal
    names_en: ~
    names_es: ~
  - 
    ascii_name: "Central Province"
    cities: []
    geonamesid: 2109495
    name: "Central Province"
    names_en: ~
    names_es: ~
  - 
    ascii_name: "Temotu Province"
    cities: []
    geonamesid: 2178472
    name: Temotu
    names_en: ~
    names_es: ~
  - 
    ascii_name: "Makira-Ulawa Province"
    cities: []
    geonamesid: 2178730
    name: Makira
    names_en: ~
    names_es: ~
  - 
    ascii_name: Choiseul
    cities: []
    geonamesid: 7280292
    name: Choiseul
    names_en: ~
    names_es: ~
  - 
    ascii_name: "Rennell and Bellona"
    cities: []
    geonamesid: 7280293
    name: "Rennell and Bellona"
    names_en: ~
    names_es: ~
