--- 
geonamesid: 1835841
iso: KR
name: "South Korea"
names_en: 
  - "South Korea"
  - "Republic of Korea"
names_es: 
  - "Corea del Sur"
  - "Corea, República de"
regions: 
  - 
    ascii_name: Ulsan
    cities: 
      - 
        alternate_names: 
          - Ul'san
          - Ulsan
          - Urusan
          - ulsangwang-yeogsi
        ascii_name: Ulsan
        geonamesid: 1833747
        latitude: 35.53722
        longitude: 129.31667
        name: Ulsan
        names_en: 
          - Ulsan
        names_es: ~
        population: 962865
        timezone: Asia/Seoul
    geonamesid: 1833742
    name: Ulsan
    names_en: 
      - Ulsan
    names_es: ~
  - 
    ascii_name: Daejeon
    cities: 
      - 
        alternate_names: 
          - Daejeon
          - Daejon
          - Daiden
          - Taejon
        ascii_name: Taejon
        geonamesid: 1835235
        latitude: 36.32139
        longitude: 127.41972
        name: Taejŏn
        names_en: 
          - Daejeon
        names_es: 
          - Daejeon
        population: 1475221
        timezone: Asia/Seoul
    geonamesid: 1835224
    name: Daejeon
    names_en: 
      - Daejeon
    names_es: ~
  - 
    ascii_name: Daegu
    cities: 
      - 
        alternate_names: 
          - Daegu
          - Daikyu
          - Daikyū
          - Taegu
        ascii_name: Taegu
        geonamesid: 1835329
        latitude: 35.87028
        longitude: 128.59111
        name: Taegu
        names_en: 
          - Daegu
        names_es: 
          - Daegu
        population: 2566540
        timezone: Asia/Seoul
      - 
        alternate_names: ~
        ascii_name: Hwawon
        geonamesid: 1925943
        latitude: 35.80167
        longitude: 128.50083
        name: Hwawŏn
        names_en: ~
        names_es: ~
        population: 64718
        timezone: Asia/Seoul
    geonamesid: 1835327
    name: Daegu
    names_en: 
      - Daegu
    names_es: ~
  - 
    ascii_name: Seoul
    cities: 
      - 
        alternate_names: 
          - Choei-yuen
          - Ha-seng
          - Han-yang
          - Hang-yang-tcheng
        ascii_name: Seoul
        geonamesid: 1835848
        latitude: 37.56826
        longitude: 126.97783
        name: Seoul
        names_en: 
          - Seoul
        names_es: 
          - Seúl
        population: 10349312
        timezone: Asia/Seoul
    geonamesid: 1835847
    name: Seoul
    names_en: 
      - Seoul
    names_es: ~
  - 
    ascii_name: Busan
    cities: 
      - 
        alternate_names: 
          - Busan
          - Busán
          - Fousan
          - Fusan
        ascii_name: Pusan
        geonamesid: 1838524
        latitude: 35.10278
        longitude: 129.04028
        name: Pusan
        names_en: 
          - Busan
        names_es: 
          - Busán
        population: 3678555
        timezone: Asia/Seoul
      - 
        alternate_names: 
          - Kichang
          - Kicho
          - Kichō
          - Kijang
        ascii_name: Kijang
        geonamesid: 1842966
        latitude: 35.24417
        longitude: 129.21389
        name: Kijang
        names_en: ~
        names_es: ~
        population: 43064
        timezone: Asia/Seoul
    geonamesid: 1838519
    name: Busan
    names_en: 
      - Busan
    names_es: ~
  - 
    ascii_name: "North Gyeongsang"
    cities: 
      - 
        alternate_names: 
          - Funhai
          - Heung-hai
          - Heunghae
          - Kokai
        ascii_name: Hunghae
        geonamesid: 1832015
        latitude: 36.1125
        longitude: 129.35222
        name: Hŭnghae
        names_en: ~
        names_es: ~
        population: 36080
        timezone: Asia/Seoul
      - 
        alternate_names: 
          - Eijitsu
          - Enjitsu
          - Yeonil
          - Yonil
        ascii_name: Yonil
        geonamesid: 1832215
        latitude: 35.99417
        longitude: 129.345
        name: Yŏnil
        names_en: ~
        names_es: ~
        population: 40852
        timezone: Asia/Seoul
      - 
        alternate_names: 
          - Eisen
          - Eishu
          - Eishū
          - Yongju
        ascii_name: Yongju
        geonamesid: 1832384
        latitude: 36.82167
        longitude: 128.63083
        name: Yŏngju
        names_en: ~
        names_es: ~
        population: 84625
        timezone: Asia/Seoul
      - 
        alternate_names: 
          - Eisen
          - Yongch'on
          - Yŏngch’ŏn
        ascii_name: Yongch'on
        geonamesid: 1832617
        latitude: 35.9675
        longitude: 128.93083
        name: Yŏngch’ŏn
        names_en: ~
        names_es: ~
        population: 56006
        timezone: Asia/Seoul
      - 
        alternate_names: 
          - Oegwan
          - Waegwan
          - Waegwan-dong
          - Waegwan-ni
        ascii_name: Waegwan
        geonamesid: 1833514
        latitude: 35.99175
        longitude: 128.39732
        name: Waegwan
        names_en: ~
        names_es: ~
        population: 29691
        timezone: Asia/Seoul
      - 
        alternate_names: 
          - Jenzan
          - Sonsan
          - Sŏnsan
          - 선산
        ascii_name: Sonsan
        geonamesid: 1835967
        latitude: 36.24083
        longitude: 128.2975
        name: Sŏnsan
        names_en: ~
        names_es: ~
        population: 20673
        timezone: Asia/Seoul
      - 
        alternate_names: 
          - Ch'angju
          - Ch’angju
          - Sandzhu
          - Sang-dschu
        ascii_name: Sangju
        geonamesid: 1837706
        latitude: 36.41528
        longitude: 128.16056
        name: Sangju
        names_en: ~
        names_es: ~
        population: 55640
        timezone: Asia/Seoul
      - 
        alternate_names: 
          - Geijitsu
          - Hoko
          - Hoko-do
          - Hokō-dō
        ascii_name: P'ohang
        geonamesid: 1839071
        latitude: 36.03222
        longitude: 129.365
        name: P’ohang
        names_en: ~
        names_es: ~
        population: 500000
        timezone: Asia/Seoul
      - 
        alternate_names: 
          - Bunke-gun
          - Bunkei-gun
          - Bunkē-gun
          - Mun'gyong-gun
        ascii_name: Mungyeong
        geonamesid: 1840886
        latitude: 36.59458
        longitude: 128.19946
        name: Mungyeong
        names_en: ~
        names_es: ~
        population: 81525
        timezone: Asia/Seoul
      - 
        alternate_names: 
          - Gyeongsan
          - Keigan
          - Keisan
          - Keizan
        ascii_name: Kyongsan
        geonamesid: 1841598
        latitude: 35.82333
        longitude: 128.73778
        name: Kyŏngsan
        names_en: 
          - Gyeongsan
        names_es: ~
        population: 129903
        timezone: Asia/Seoul
      - 
        alternate_names: 
          - Gyeongju
          - Keishu
          - Keishū
          - Keisyu
        ascii_name: Kyongju
        geonamesid: 1841603
        latitude: 35.84278
        longitude: 129.21167
        name: Kyŏngju
        names_en: 
          - Gyeongju
        names_es: ~
        population: 155237
        timezone: Asia/Seoul
      - 
        alternate_names: 
          - Guni
          - Kunwi
          - gun-wi
          - gun-wigun
        ascii_name: Kunwi
        geonamesid: 1842016
        latitude: 36.23472
        longitude: 128.57278
        name: Kunwi
        names_en: ~
        names_es: ~
        population: 34293
        timezone: Asia/Seoul
      - 
        alternate_names: 
          - Kibi
          - Kumi
          - Kwimi
          - Куми
        ascii_name: Kumi
        geonamesid: 1842225
        latitude: 36.1136
        longitude: 128.336
        name: Kumi
        names_en: ~
        names_es: ~
        population: 291006
        timezone: Asia/Seoul
      - 
        alternate_names: 
          - Gimcheon
          - Kimch'on-si
          - Kimch'ŏn-si
          - Kumch'on-si
        ascii_name: Gimcheon
        geonamesid: 1842944
        latitude: 36.12176
        longitude: 128.11981
        name: Gimcheon
        names_en: ~
        names_es: ~
        population: 150000
        timezone: Asia/Seoul
      - 
        alternate_names: 
          - Hayang
          - Kayo
          - Kayō
        ascii_name: Hayang
        geonamesid: 1844308
        latitude: 35.91333
        longitude: 128.82
        name: Hayang
        names_en: ~
        names_es: ~
        population: 40423
        timezone: Asia/Seoul
      - 
        alternate_names: 
          - Ch'ongsong-gun
          - Ch'ŏngsong-gun
          - "Cheongsong gun"
          - Seisho
        ascii_name: "Cheongsong gun"
        geonamesid: 1845519
        latitude: 36.43351
        longitude: 129.057
        name: "Cheongsong gun"
        names_en: ~
        names_es: ~
        population: 31313
        timezone: Asia/Seoul
      - 
        alternate_names: 
          - Andang
          - Andon
          - Andong
          - Anto
        ascii_name: Andong
        geonamesid: 1846986
        latitude: 36.56556
        longitude: 128.725
        name: Andong
        names_en: ~
        names_es: ~
        population: 129319
        timezone: Asia/Seoul
    geonamesid: 1841597
    name: "North Gyeongsang"
    names_en: 
      - "North Gyeongsang"
    names_es: ~
  - 
    ascii_name: Gyeonggi
    cities: 
      - 
        alternate_names: 
          - Reishu
          - Reishū
          - Rishu
          - Rishū
        ascii_name: Yoju
        geonamesid: 1832743
        latitude: 37.29583
        longitude: 127.63389
        name: Yŏju
        names_en: ~
        names_es: ~
        population: 37490
        timezone: Asia/Seoul
      - 
        alternate_names: 
          - Tohei
          - Yangp'yongumnae
          - Yangp'yŏngŭmnae
          - Yangpyeong
        ascii_name: Yangp'yong
        geonamesid: 1832830
        latitude: 37.48972
        longitude: 127.49056
        name: Yangp'yŏng
        names_en: ~
        names_es: ~
        population: 83367
        timezone: Asia/Seoul
      - 
        alternate_names: 
          - Yangju-gun
          - yangju
          - yangjusi
          - 양주
        ascii_name: Yangju
        geonamesid: 1832847
        latitude: 37.83311
        longitude: 127.06169
        name: Yangju
        names_en: ~
        names_es: ~
        population: 179923
        timezone: Asia/Seoul
      - 
        alternate_names: 
          - Euijeongbu
          - Giseifu
          - Uijongbu
          - Vijongbu
        ascii_name: Uijongbu
        geonamesid: 1833788
        latitude: 37.7415
        longitude: 127.0474
        name: Ŭijŏngbu
        names_en: ~
        names_es: ~
        population: 479141
        timezone: Asia/Seoul
      - 
        alternate_names: 
          - Suigen
          - Suvon
          - Suwon
          - Suwŏn
        ascii_name: Suwon
        geonamesid: 1835553
        latitude: 37.29111
        longitude: 127.00889
        name: Suwŏn
        names_en: 
          - Suwon
        names_es: ~
        population: 1242724
        timezone: Asia/Seoul
      - 
        alternate_names: 
          - Bucheon
          - Puch'on
          - Puchkhon
          - Puch’ŏn
        ascii_name: Puch'on
        geonamesid: 1838716
        latitude: 37.49889
        longitude: 126.78306
        name: Puch’ŏn
        names_en: 
          - Bucheon
        names_es: ~
        population: 850731
        timezone: Asia/Seoul
      - 
        alternate_names: 
          - Osan
          - Osan-ni
          - Usan-ri
          - 오산
        ascii_name: Osan
        geonamesid: 1839652
        latitude: 37.15222
        longitude: 127.07056
        name: Osan
        names_en: ~
        names_es: ~
        population: 158978
        timezone: Asia/Seoul
      - 
        alternate_names: 
          - Munsan
          - Munsan-ni
          - Мунсан
        ascii_name: Munsan
        geonamesid: 1840862
        latitude: 37.85944
        longitude: 126.785
        name: Munsan
        names_en: ~
        names_es: ~
        population: 43208
        timezone: Asia/Seoul
      - 
        alternate_names: 
          - Gwangju
          - Kwangju
          - 광주
        ascii_name: Kwangju
        geonamesid: 1841810
        latitude: 37.41
        longitude: 127.25722
        name: Kwangju
        names_en: ~
        names_es: ~
        population: 81780
        timezone: Asia/Seoul
      - 
        alternate_names: 
          - Kuri
          - Kuri-shi
          - 구리
        ascii_name: Kuri
        geonamesid: 1841988
        latitude: 37.5986
        longitude: 127.1394
        name: Kuri
        names_en: ~
        names_es: ~
        population: 195236
        timezone: Asia/Seoul
      - 
        alternate_names: 
          - Goyang
          - Koyang
          - Koyang-ni
          - Koyo
        ascii_name: Goyang
        geonamesid: 1842485
        latitude: 37.65639
        longitude: 126.835
        name: Goyang
        names_en: 
          - Goyang
        names_es: ~
        population: 1073069
        timezone: Asia/Seoul
      - 
        alternate_names: 
          - "Gapyeong gun"
          - Kahei-gun
          - Kap'yong-gun
          - Kap'yŏng-gun
        ascii_name: Gapyeong
        geonamesid: 1843082
        latitude: 37.83101
        longitude: 127.51059
        name: Gapyeong
        names_en: ~
        names_es: ~
        population: 55415
        timezone: Asia/Seoul
      - 
        alternate_names: 
          - Ich'on
          - Ich'ŏn
          - Icheon
          - Risen
        ascii_name: Ich'on
        geonamesid: 1843702
        latitude: 37.27917
        longitude: 127.4425
        name: Ich'ŏn
        names_en: ~
        names_es: ~
        population: 196230
        timezone: Asia/Seoul
      - 
        alternate_names: 
          - "Hwaseong gun"
          - Hwasong-gun
          - Hwasŏng-gun
          - Suigen
        ascii_name: Hwaseong
        geonamesid: 1843847
        latitude: 37.20682
        longitude: 126.8169
        name: Hwaseong
        names_en: ~
        names_es: ~
        population: 476297
        timezone: Asia/Seoul
      - 
        alternate_names: 
          - An"jan
          - Anyang
          - Anyang-ni
          - Anyo
        ascii_name: Anyang
        geonamesid: 1846898
        latitude: 37.3925
        longitude: 126.92694
        name: Anyang
        names_en: 
          - Anyang
        names_es: ~
        population: 634367
        timezone: Asia/Seoul
      - 
        alternate_names: 
          - Anjo
          - Anjŏ
          - Anseong
          - Anson
        ascii_name: Ansong
        geonamesid: 1846912
        latitude: 37.01083
        longitude: 127.27028
        name: Ansŏng
        names_en: 
          - Anseong
        names_es: ~
        population: 69255
        timezone: Asia/Seoul
      - 
        alternate_names: 
          - Ansan
          - Ansan-si
          - Anzan
          - Onson
        ascii_name: Ansan
        geonamesid: 1846918
        latitude: 37.32361
        longitude: 126.82194
        name: Ansan
        names_en: 
          - Ansan
        names_es: ~
        population: 650728
        timezone: Asia/Seoul
      - 
        alternate_names: ~
        ascii_name: Pubal
        geonamesid: 1896953
        latitude: 37.29167
        longitude: 127.50778
        name: Pubal
        names_en: ~
        names_es: ~
        population: 63026
        timezone: Asia/Seoul
      - 
        alternate_names: 
          - Seongnam
          - Songnam
          - Sŏngnam
          - 성남
        ascii_name: Songnam
        geonamesid: 1897000
        latitude: 37.43861
        longitude: 127.13778
        name: Sŏngnam
        names_en: ~
        names_es: ~
        population: 1031935
        timezone: Asia/Seoul
      - 
        alternate_names: 
          - Hanam
        ascii_name: Hanam
        geonamesid: 1897007
        latitude: 37.54
        longitude: 127.20556
        name: Hanam
        names_en: ~
        names_es: ~
        population: 134902
        timezone: Asia/Seoul
      - 
        alternate_names: ~
        ascii_name: Hwado
        geonamesid: 1897118
        latitude: 37.6525
        longitude: 127.3075
        name: Hwado
        names_en: ~
        names_es: ~
        population: 106358
        timezone: Asia/Seoul
      - 
        alternate_names: 
          - Migum
          - Migŭm
          - Nam"jandzhu
          - Namjandzhu
        ascii_name: Namyangju
        geonamesid: 1897122
        latitude: 37.63667
        longitude: 127.21417
        name: Namyangju
        names_en: 
          - Namyangju
        names_es: ~
        population: 90798
        timezone: Asia/Seoul
      - 
        alternate_names: ~
        ascii_name: Wabu
        geonamesid: 1912209
        latitude: 37.58972
        longitude: 127.22028
        name: Wabu
        names_en: ~
        names_es: ~
        population: 96775
        timezone: Asia/Seoul
      - 
        alternate_names: ~
        ascii_name: Kwangmyong
        geonamesid: 1948005
        latitude: 37.47722
        longitude: 126.86639
        name: Kwangmyŏng
        names_en: ~
        names_es: ~
        population: 357545
        timezone: Asia/Seoul
    geonamesid: 1841610
    name: Gyeonggi
    names_en: 
      - Gyeonggi
    names_es: ~
  - 
    ascii_name: Gwangju
    cities: 
      - 
        alternate_names: 
          - Gwangju
          - Koshu
          - Kosyu
          - Kuangju
        ascii_name: Kwangju
        geonamesid: 1841811
        latitude: 35.15472
        longitude: 126.91556
        name: Kwangju
        names_en: 
          - Gwangju
        names_es: ~
        population: 1416938
        timezone: Asia/Seoul
    geonamesid: 1841808
    name: Gwangju
    names_en: 
      - Gwangju
    names_es: ~
  - 
    ascii_name: Gangwon
    cities: 
      - 
        alternate_names: 
          - Neietsu
          - Yongwol
          - Yŏngwŏl
          - 영월
        ascii_name: Yongwol
        geonamesid: 1832257
        latitude: 37.18447
        longitude: 128.46821
        name: Yŏngwŏl
        names_en: ~
        names_es: ~
        population: 25413
        timezone: Asia/Seoul
      - 
        alternate_names: 
          - Yanggu
          - yang-gu
          - yang-gugun
          - 양구
        ascii_name: Yanggu
        geonamesid: 1832909
        latitude: 38.10583
        longitude: 127.98944
        name: Yanggu
        names_en: ~
        names_es: ~
        population: 24027
        timezone: Asia/Seoul
      - 
        alternate_names: 
          - Genshu
          - Genshū
          - Wonju
          - Wŏnju
        ascii_name: Wonju
        geonamesid: 1833105
        latitude: 37.35139
        longitude: 127.94528
        name: Wŏnju
        names_en: ~
        names_es: ~
        population: 243387
        timezone: Asia/Seoul
      - 
        alternate_names: 
          - T'aebaek
          - Tkhehbehk
          - T’aebaek
          - Тхэбэк
        ascii_name: T'aebaek
        geonamesid: 1835515
        latitude: 37.1759
        longitude: 128.9889
        name: T’aebaek
        names_en: ~
        names_es: ~
        population: 48962
        timezone: Asia/Seoul
      - 
        alternate_names: 
          - Sogcho
          - Sokch'o
          - Sokch'o-ri
          - Sokchkho
        ascii_name: Sokch'o
        geonamesid: 1836553
        latitude: 38.20833
        longitude: 128.59111
        name: Sokch’o
        names_en: 
          - Sokcho
        names_es: ~
        population: 89047
        timezone: Asia/Seoul
      - 
        alternate_names: 
          - Samch'ok
          - Samch’ŏk
          - Samuchoku
          - Sanchoku
        ascii_name: Samch'ok
        geonamesid: 1838069
        latitude: 37.44056
        longitude: 129.17083
        name: Samch’ŏk
        names_en: ~
        names_es: ~
        population: 42145
        timezone: Asia/Seoul
      - 
        alternate_names: 
          - Kosong
          - goseong
          - goseong-gun
          - 고성
        ascii_name: Kosong
        geonamesid: 1840179
        latitude: 38.37881
        longitude: 128.4676
        name: Kosong
        names_en: ~
        names_es: ~
        population: 62446
        timezone: Asia/Seoul
      - 
        alternate_names: 
          - Gangneung
          - Gangreung
          - Kaguun
          - Kang-neung
        ascii_name: Kangnung
        geonamesid: 1843137
        latitude: 37.75556
        longitude: 128.89611
        name: Kangnŭng
        names_en: 
          - Gangneung
        names_es: ~
        population: 180611
        timezone: Asia/Seoul
      - 
        alternate_names: 
          - Huachon
          - Hwach'on
          - Hwach'ŏn
          - Hwacheon
        ascii_name: Hwacheon
        geonamesid: 1844045
        latitude: 38.10611
        longitude: 127.70667
        name: Hwacheon
        names_en: ~
        names_es: ~
        population: 23822
        timezone: Asia/Seoul
      - 
        alternate_names: 
          - Hongch'on
          - Hongch’ŏn
          - Kosen
          - Kōsen
        ascii_name: Hongch'on
        geonamesid: 1844191
        latitude: 37.6918
        longitude: 127.8857
        name: Hongch’ŏn
        names_en: ~
        names_es: ~
        population: 75251
        timezone: Asia/Seoul
      - 
        alternate_names: 
          - Ch'unch'on
          - Chhun-chhen
          - Chkhunchkhon
          - Chuncheon
        ascii_name: Ch'unch'on
        geonamesid: 1845136
        latitude: 37.87472
        longitude: 127.73417
        name: Ch’unch’ŏn
        names_en: 
          - Chuncheon
        names_es: ~
        population: 209746
        timezone: Asia/Seoul
      - 
        alternate_names: ~
        ascii_name: Tonghae
        geonamesid: 1892823
        latitude: 37.54389
        longitude: 129.10694
        name: Tonghae
        names_en: ~
        names_es: ~
        population: 101128
        timezone: Asia/Seoul
    geonamesid: 1843125
    name: Gangwon
    names_en: 
      - Gangwon
    names_es: ~
  - 
    ascii_name: Incheon
    cities: 
      - 
        alternate_names: 
          - Ganghwa
          - Kanghwa
          - Kanguhaa
          - Koka
        ascii_name: Kanghwa
        geonamesid: 1843163
        latitude: 37.74722
        longitude: 126.48556
        name: Kanghwa
        names_en: ~
        names_es: ~
        population: 25535
        timezone: Asia/Seoul
      - 
        alternate_names: 
          - Chemulpho
          - Chemulpo
          - Choimulpo
          - Inch'on
        ascii_name: Inch'on
        geonamesid: 1843564
        latitude: 37.45361
        longitude: 126.73167
        name: Inch’ŏn
        names_en: 
          - Incheon
        names_es: 
          - Inchon
        population: 2628000
        timezone: Asia/Seoul
      - 
        alternate_names: 
          - Seo-myeon
          - So-myon
          - Sŏ-myŏn
          - seomyeon
        ascii_name: So-myon
        geonamesid: 1896334
        latitude: 37.2225
        longitude: 126.11917
        name: Sŏ-myŏn
        names_en: ~
        names_es: ~
        population: 0
        timezone: Asia/Seoul
    geonamesid: 1843561
    name: Incheon
    names_en: 
      - Incheon
    names_es: ~
  - 
    ascii_name: "South Chungcheong"
    cities: 
      - 
        alternate_names: 
          - Esan
          - Jesan
          - Reisan
          - Reizan
        ascii_name: Yesan
        geonamesid: 1832771
        latitude: 36.67756
        longitude: 126.84272
        name: Yesan
        names_en: ~
        names_es: ~
        population: 39409
        timezone: Asia/Seoul
      - 
        alternate_names: 
          - Tangjin
          - Toshin
          - Tosin
          - Tōshin
        ascii_name: Tangjin
        geonamesid: 1834885
        latitude: 36.89444
        longitude: 126.62972
        name: Tangjin
        names_en: ~
        names_es: ~
        population: 32778
        timezone: Asia/Seoul
      - 
        alternate_names: 
          - Taesal-li
          - Taesan
          - Taesan-ni
          - Taisan-ri
        ascii_name: Taesal-li
        geonamesid: 1835096
        latitude: 36.9714
        longitude: 126.4542
        name: Taesal-li
        names_en: ~
        names_es: ~
        population: 23149
        timezone: Asia/Seoul
      - 
        alternate_names: 
          - Daisen
          - Hannae-ri
          - Poryong
          - Poryŏng
        ascii_name: Poryong
        geonamesid: 1835447
        latitude: 36.34931
        longitude: 126.59772
        name: Poryŏng
        names_en: ~
        names_es: ~
        population: 62039
        timezone: Asia/Seoul
      - 
        alternate_names: 
          - Seosan
          - "Seosan City"
          - Sosan
          - Suisan
        ascii_name: Sosan
        geonamesid: 1835895
        latitude: 36.78167
        longitude: 126.45222
        name: Sŏsan
        names_en: 
          - "Seosan City"
        names_es: ~
        population: 74208
        timezone: Asia/Seoul
      - 
        alternate_names: 
          - Seikan-ri
          - Seonghwan
          - Songhwan
          - Songhwan-ni
        ascii_name: Songhwan
        geonamesid: 1836208
        latitude: 36.91556
        longitude: 127.13139
        name: Sŏnghwan
        names_en: 
          - Songhwan
          - Seonghwan
        names_es: ~
        population: 29239
        timezone: Asia/Seoul
      - 
        alternate_names: 
          - Fuyo
          - Pujo
          - Puyo
          - Puyŏ
        ascii_name: Puyo
        geonamesid: 1838508
        latitude: 36.28194
        longitude: 126.9125
        name: Puyŏ
        names_en: ~
        names_es: ~
        population: 32642
        timezone: Asia/Seoul
      - 
        alternate_names: 
          - Asan
          - Asan-si
          - Onyang
          - Onyo
        ascii_name: Asan
        geonamesid: 1839726
        latitude: 36.78361
        longitude: 127.00417
        name: Asan
        names_en: 
          - Asan
        names_es: ~
        population: 97749
        timezone: Asia/Seoul
      - 
        alternate_names: 
          - Nonsan
          - Ronsan
          - Ronzan
          - "lun shan shi"
        ascii_name: Nonsan
        geonamesid: 1840211
        latitude: 36.20389
        longitude: 127.08472
        name: Nonsan
        names_en: 
          - Nonsan
        names_es: 
          - Nonsan
        population: 43845
        timezone: Asia/Seoul
      - 
        alternate_names: 
          - Kinsan
          - Kinzan
          - Kumsan
          - Kumzan
        ascii_name: Kumsan
        geonamesid: 1842153
        latitude: 36.10306
        longitude: 127.48889
        name: Kŭmsan
        names_en: ~
        names_es: ~
        population: 25243
        timezone: Asia/Seoul
      - 
        alternate_names: 
          - Gongju
          - Kochu
          - Kondzhu
          - "Kong Tjou"
        ascii_name: Kongju
        geonamesid: 1842616
        latitude: 36.45556
        longitude: 127.12472
        name: Kongju
        names_en: 
          - Gongju
        names_es: ~
        population: 72435
        timezone: Asia/Seoul
      - 
        alternate_names: 
          - Hongsong
          - Hongsung
          - Hongsŏng
          - Kojo
        ascii_name: Hongsong
        geonamesid: 1844174
        latitude: 36.6009
        longitude: 126.665
        name: Hongsŏng
        names_en: ~
        names_es: ~
        population: 37985
        timezone: Asia/Seoul
      - 
        alternate_names: 
          - Ch'onan
          - Cheonan
          - Chkhonan
          - Chkhonan-si
        ascii_name: Ch'onan
        geonamesid: 1845759
        latitude: 36.8065
        longitude: 127.1522
        name: Ch’ŏnan
        names_en: 
          - Cheonan
        names_es: ~
        population: 365114
        timezone: Asia/Seoul
      - 
        alternate_names: ~
        ascii_name: Yonmu
        geonamesid: 1886598
        latitude: 36.12944
        longitude: 127.1
        name: Yŏnmu
        names_en: ~
        names_es: ~
        population: 25015
        timezone: Asia/Seoul
    geonamesid: 1845105
    name: "South Chungcheong"
    names_en: 
      - "South Chungcheong"
    names_es: ~
  - 
    ascii_name: "North Chungcheong"
    cities: 
      - 
        alternate_names: 
          - Eido
          - Eidō
          - Yong-dong
          - Yŏng-dong
        ascii_name: Yong-dong
        geonamesid: 1832566
        latitude: 36.175
        longitude: 127.77639
        name: Yŏng-dong
        names_en: ~
        names_es: ~
        population: 24154
        timezone: Asia/Seoul
      - 
        alternate_names: 
          - Kumgu-ri
          - ogcheon
          - ogcheongun
          - 옥천
        ascii_name: ogcheongun
        geonamesid: 1839873
        latitude: 36.3012
        longitude: 127.568
        name: 옥천군
        names_en: ~
        names_es: ~
        population: 56634
        timezone: Asia/Seoul
      - 
        alternate_names: 
          - Goesan
          - Kaesong
          - Kaisan
          - Kaizan
        ascii_name: Koesan
        geonamesid: 1842800
        latitude: 36.81083
        longitude: 127.79472
        name: Koesan
        names_en: ~
        names_es: ~
        population: 44461
        timezone: Asia/Seoul
      - 
        alternate_names: 
          - Ch'ongju
          - Ch'ungju
          - Cheng-ju
          - Cheongju
        ascii_name: Ch'ongju
        geonamesid: 1845604
        latitude: 36.63722
        longitude: 127.48972
        name: Ch’ŏngju
        names_en: 
          - Chungju
        names_es: 
          - Chungju
        population: 634596
        timezone: Asia/Seoul
      - 
        alternate_names: 
          - Chinchon
          - Chinsen
          - Jincheon
          - jincheon
        ascii_name: Chinch'on
        geonamesid: 1846095
        latitude: 36.85667
        longitude: 127.44333
        name: Chinch'ŏn
        names_en: ~
        names_es: ~
        population: 60964
        timezone: Asia/Seoul
    geonamesid: 1845106
    name: "North Chungcheong"
    names_en: 
      - "North Chungcheong"
    names_es: ~
  - 
    ascii_name: "South Jeolla"
    cities: 
      - 
        alternate_names: 
          - Josu
          - Rasui
          - Reisui
          - Yosu
        ascii_name: Yosu
        geonamesid: 1832157
        latitude: 34.74417
        longitude: 127.73778
        name: Yŏsu
        names_en: ~
        names_es: ~
        population: 341994
        timezone: Asia/Seoul
      - 
        alternate_names: 
          - Reiko
          - Yonggwang
          - Yŏnggwang
        ascii_name: Yonggwang
        geonamesid: 1832501
        latitude: 35.275
        longitude: 126.50944
        name: Yŏnggwang
        names_en: ~
        names_es: ~
        population: 19909
        timezone: Asia/Seoul
      - 
        alternate_names: 
          - Junten
          - Sunch'on
          - Suncheon
          - Sunchun
        ascii_name: Sunch'on
        geonamesid: 1835648
        latitude: 34.94808
        longitude: 127.48947
        name: Sunch’ŏn
        names_en: ~
        names_es: ~
        population: 230796
        timezone: Asia/Seoul
      - 
        alternate_names: 
          - Bakkyo-ri
          - Bakkyō-ri
          - Beolgyo
          - Polgyo
        ascii_name: Polgyo
        geonamesid: 1839011
        latitude: 34.84494
        longitude: 127.34293
        name: Pŏlgyo
        names_en: ~
        names_es: ~
        population: 19842
        timezone: Asia/Seoul
      - 
        alternate_names: 
          - Nadzhu
          - Naju
          - Rashu
          - Rashū
        ascii_name: Naju
        geonamesid: 1840536
        latitude: 35.02833
        longitude: 126.7175
        name: Naju
        names_en: ~
        names_es: ~
        population: 42459
        timezone: Asia/Seoul
      - 
        alternate_names: 
          - Mogpkho
          - Mogpo
          - Mok-pho
          - Mokp'o
        ascii_name: Mokp'o
        geonamesid: 1841066
        latitude: 34.79361
        longitude: 126.38861
        name: Mokp’o
        names_en: ~
        names_es: ~
        population: 268402
        timezone: Asia/Seoul
      - 
        alternate_names: 
          - Gwang-yang
          - Koyo
          - Kuwagyan
          - Kwangyang
        ascii_name: Kwangyang
        geonamesid: 1841775
        latitude: 34.97528
        longitude: 127.58917
        name: Kwangyang
        names_en: ~
        names_es: ~
        population: 89281
        timezone: Asia/Seoul
      - 
        alternate_names: 
          - Kurye
          - Kyurei
          - Kyūrei
          - gulye
        ascii_name: Kurye
        geonamesid: 1841976
        latitude: 35.20944
        longitude: 127.46444
        name: Kurye
        names_en: ~
        names_es: ~
        population: 30000
        timezone: Asia/Seoul
      - 
        alternate_names: 
          - Hwansun
          - Hwason
          - Hwasun
          - Khvasun
        ascii_name: Hwasun
        geonamesid: 1843841
        latitude: 35.05944
        longitude: 126.985
        name: Hwasun
        names_en: ~
        names_es: ~
        population: 59914
        timezone: Asia/Seoul
      - 
        alternate_names: 
          - Haenam
          - Kainan
          - haenam
          - 해남
        ascii_name: Haenam
        geonamesid: 1844751
        latitude: 34.57111
        longitude: 126.59889
        name: Haenam
        names_en: ~
        names_es: ~
        population: 23928
        timezone: Asia/Seoul
      - 
        alternate_names: 
          - sin-an
          - sin-angun
          - 신안
          - 신안군
        ascii_name: Sinan
        geonamesid: 6395804
        latitude: 34.8262
        longitude: 126.10863
        name: Sinan
        names_en: ~
        names_es: ~
        population: 53150
        timezone: Asia/Seoul
    geonamesid: 1845788
    name: "South Jeolla"
    names_en: 
      - "South Jeolla"
    names_es: ~
  - 
    ascii_name: "North Jeolla"
    cities: 
      - 
        alternate_names: 
          - wanju
          - wanju-gun
          - wanjugun
          - 완주
        ascii_name: Wanju
        geonamesid: 1833466
        latitude: 35.84509
        longitude: 127.14752
        name: Wanju
        names_en: ~
        names_es: ~
        population: 84009
        timezone: Asia/Seoul
      - 
        alternate_names: 
          - Fuan
          - Puan
        ascii_name: Puan
        geonamesid: 1838722
        latitude: 35.72806
        longitude: 126.73194
        name: Puan
        names_en: ~
        names_es: ~
        population: 22267
        timezone: Asia/Seoul
      - 
        alternate_names: 
          - Mangen
          - Namvon
          - Namweon
          - Namwon
        ascii_name: Namwon
        geonamesid: 1840379
        latitude: 35.41
        longitude: 127.38583
        name: Namwŏn
        names_en: ~
        names_es: ~
        population: 58057
        timezone: Asia/Seoul
      - 
        alternate_names: 
          - Gunsan
          - Gunzan
          - Kunsan
          - Kunzan
        ascii_name: Kunsan
        geonamesid: 1842025
        latitude: 35.97861
        longitude: 126.71139
        name: Kunsan
        names_en: 
          - Gunsan
        names_es: ~
        population: 243406
        timezone: Asia/Seoul
      - 
        alternate_names: 
          - Kosho
          - Kōshō
          - gochang
          - gochang-gun
        ascii_name: Koch'ang
        geonamesid: 1842859
        latitude: 35.43333
        longitude: 126.7
        name: Koch'ang
        names_en: ~
        names_es: ~
        population: 72996
        timezone: Asia/Seoul
      - 
        alternate_names: 
          - Kimje
          - Kintei
          - Kum
          - Kumje
        ascii_name: Kimje
        geonamesid: 1842939
        latitude: 35.80167
        longitude: 126.88889
        name: Kimje
        names_en: ~
        names_es: ~
        population: 44894
        timezone: Asia/Seoul
      - 
        alternate_names: 
          - Iksan
          - Iri
          - Riri
          - Иксан
        ascii_name: Iksan
        geonamesid: 1843491
        latitude: 35.94389
        longitude: 126.95444
        name: Iksan
        names_en: ~
        names_es: ~
        population: 283501
        timezone: Asia/Seoul
      - 
        alternate_names: 
          - Imsil
          - Ninjitsu
          - imsil
          - imsilgun
        ascii_name: Imsil
        geonamesid: 1843585
        latitude: 35.61306
        longitude: 127.27944
        name: Imsil
        names_en: ~
        names_es: ~
        population: 37514
        timezone: Asia/Seoul
      - 
        alternate_names: 
          - Chenju
          - Chondzhu
          - Chongju
          - Chonju
        ascii_name: Chonju
        geonamesid: 1845457
        latitude: 35.82194
        longitude: 127.14889
        name: Chŏnju
        names_en: 
          - Jeonju
        names_es: ~
        population: 711424
        timezone: Asia/Seoul
      - 
        alternate_names: 
          - jin-an
          - jin-angun
          - 진안
          - 진안군
        ascii_name: jin-angun
        geonamesid: 1846114
        latitude: 35.79167
        longitude: 127.42528
        name: 진안군
        names_en: ~
        names_es: ~
        population: 31273
        timezone: Asia/Seoul
      - 
        alternate_names: 
          - Changsu
          - Changsu-ri
          - Chosui-ri
          - Chōsui-ri
        ascii_name: Changsu
        geonamesid: 1846355
        latitude: 35.64842
        longitude: 127.51523
        name: Changsu
        names_en: ~
        names_es: ~
        population: 26463
        timezone: Asia/Seoul
    geonamesid: 1845789
    name: "North Jeolla"
    names_en: 
      - "North Jeolla"
    names_es: ~
  - 
    ascii_name: Jeju
    cities: 
      - 
        alternate_names: 
          - Chedzhu
          - Cheju
          - Chu-sung
          - "Chyei Chyu"
        ascii_name: Cheju
        geonamesid: 1846266
        latitude: 33.50972
        longitude: 126.52194
        name: Cheju
        names_en: 
          - Jeju
        names_es: ~
        population: 408364
        timezone: Asia/Seoul
      - 
        alternate_names: 
          - Aewol
          - Aewol-li
          - Aewŏl
          - Aewŏl-li
        ascii_name: Aewol-li
        geonamesid: 1847050
        latitude: 33.46444
        longitude: 126.31833
        name: Aewŏl-li
        names_en: ~
        names_es: ~
        population: 23717
        timezone: Asia/Seoul
    geonamesid: 1846265
    name: Jeju
    names_en: 
      - Jeju
    names_es: ~
  - 
    ascii_name: "South Gyeongsang"
    cities: 
      - 
        alternate_names: 
          - Jansan
          - Ryosan
          - Ryozan
          - Ryōsan
        ascii_name: Yangsan
        geonamesid: 1832828
        latitude: 35.33861
        longitude: 129.03861
        name: Yangsan
        names_en: ~
        names_es: ~
        population: 71936
        timezone: Asia/Seoul
      - 
        alternate_names: 
          - Milyang
          - Mirjan
          - Miryang
          - Mitsuyo
        ascii_name: Miryang
        geonamesid: 1841149
        latitude: 35.49333
        longitude: 128.74889
        name: Miryang
        names_en: ~
        names_es: ~
        population: 53103
        timezone: Asia/Seoul
      - 
        alternate_names: 
          - Basan
          - Basen
          - Bazan
          - Bazanpo
        ascii_name: Masan
        geonamesid: 1841245
        latitude: 35.20806
        longitude: 128.5725
        name: Masan
        names_en: 
          - Masan
        names_es: ~
        population: 349706
        timezone: Asia/Seoul
      - 
        alternate_names: 
          - Goseong
          - Kojo
          - Kojō
          - Koson
        ascii_name: Kosong
        geonamesid: 1842518
        latitude: 34.97631
        longitude: 128.32361
        name: Kosŏng
        names_en: ~
        names_es: ~
        population: 26704
        timezone: Asia/Seoul
      - 
        alternate_names: 
          - Koje
          - Kyosai
          - Kŏje
        ascii_name: Koje
        geonamesid: 1842754
        latitude: 34.85028
        longitude: 128.58861
        name: Kŏje
        names_en: ~
        names_es: ~
        population: 72124
        timezone: Asia/Seoul
      - 
        alternate_names: 
          - Kimhae
          - Kinkai
          - Kumhae
          - Kŭmhae
        ascii_name: Kimhae
        geonamesid: 1842943
        latitude: 35.23417
        longitude: 128.88111
        name: Kimhae
        names_en: ~
        names_es: ~
        population: 356242
        timezone: Asia/Seoul
      - 
        alternate_names: 
          - Chindzhu
          - Chinju
          - Jinju
          - Shinshu
        ascii_name: Chinju
        geonamesid: 1846052
        latitude: 35.19278
        longitude: 128.08472
        name: Chinju
        names_en: 
          - Jinju
        names_es: ~
        population: 307242
        timezone: Asia/Seoul
      - 
        alternate_names: 
          - Chinhae
          - Chinkae
          - Chinkai
          - Chinkheh
        ascii_name: Chinhae
        geonamesid: 1846069
        latitude: 35.14944
        longitude: 128.65972
        name: Chinhae
        names_en: 
          - Jinhae
        names_es: ~
        population: 134889
        timezone: Asia/Seoul
      - 
        alternate_names: 
          - Ch'angwon
          - Ch'angwŏn
          - Changwon
          - Chkhanvon
        ascii_name: Ch'angwon
        geonamesid: 1846326
        latitude: 35.22806
        longitude: 128.68111
        name: Ch’angwŏn
        names_en: 
          - Changwon
        names_es: 
          - Changwon
        population: 550000
        timezone: Asia/Seoul
      - 
        alternate_names: 
          - Sinhyeon
          - Sinhyon
          - Sinhyŏn
        ascii_name: Sinhyon
        geonamesid: 1882056
        latitude: 34.8825
        longitude: 128.62667
        name: Sinhyŏn
        names_en: ~
        names_es: ~
        population: 82560
        timezone: Asia/Seoul
      - 
        alternate_names: ~
        ascii_name: Ungsang
        geonamesid: 1912205
        latitude: 35.40611
        longitude: 129.16861
        name: Ungsang
        names_en: ~
        names_es: ~
        population: 83360
        timezone: Asia/Seoul
      - 
        alternate_names: ~
        ascii_name: Naeso
        geonamesid: 1925936
        latitude: 35.24972
        longitude: 128.52
        name: Naesŏ
        names_en: ~
        names_es: ~
        population: 80987
        timezone: Asia/Seoul
      - 
        alternate_names: 
          - Ch'angnyong
          - Ch’angnyŏng
          - changnyeong
          - changnyeong-eub
        ascii_name: Changnyeong
        geonamesid: 6903078
        latitude: 35.54145
        longitude: 128.49506
        name: Changnyeong
        names_en: ~
        names_es: ~
        population: 74668
        timezone: Asia/Seoul
    geonamesid: 1902028
    name: "South Gyeongsang"
    names_en: 
      - "South Gyeongsang"
    names_es: ~
