--- 
geonamesid: 1227603
iso: LK
name: "Sri Lanka"
names_en: 
  - "Sri Lanka"
names_es: 
  - "Sri Lanka"
  - Trapobana
  - Ceilán
  - "Isla Trapobana"
regions: 
  - 
    ascii_name: "Western Province"
    cities: 
      - 
        alternate_names: ~
        ascii_name: Welisara
        geonamesid: 1223648
        latitude: 7.0281
        longitude: 79.9014
        name: Welisara
        names_en: ~
        names_es: ~
        population: 41306
        timezone: Asia/Colombo
      - 
        alternate_names: ~
        ascii_name: Wattala
        geonamesid: 1224085
        latitude: 6.9779
        longitude: 79.8898
        name: Wattala
        names_en: ~
        names_es: ~
        population: 30725
        timezone: Asia/Colombo
      - 
        alternate_names: ~
        ascii_name: "Pita Kotte"
        geonamesid: 1230089
        latitude: 6.8905
        longitude: 79.9015
        name: "Pita Kotte"
        names_en: ~
        names_es: ~
        population: 118179
        timezone: Asia/Colombo
      - 
        alternate_names: ~
        ascii_name: Peliyagoda
        geonamesid: 1230613
        latitude: 6.9685
        longitude: 79.8836
        name: Peliyagoda
        names_en: ~
        names_es: ~
        population: 30717
        timezone: Asia/Colombo
      - 
        alternate_names: 
          - Panadura
          - Panadure
          - Pandura
        ascii_name: Panadura
        geonamesid: 1231410
        latitude: 6.7132
        longitude: 79.9026
        name: Panadura
        names_en: ~
        names_es: ~
        population: 33735
        timezone: Asia/Colombo
      - 
        alternate_names: 
          - Negombo
          - Негомбо
        ascii_name: Negombo
        geonamesid: 1233369
        latitude: 7.2083
        longitude: 79.8358
        name: Negombo
        names_en: 
          - Negombo
        names_es: ~
        population: 137223
        timezone: Asia/Colombo
      - 
        alternate_names: ~
        ascii_name: Mulleriyawa
        geonamesid: 1234378
        latitude: 6.933
        longitude: 79.9297
        name: Mulleriyawa
        names_en: ~
        names_es: ~
        population: 33540
        timezone: Asia/Colombo
      - 
        alternate_names: 
          - Moratuwa
        ascii_name: Moratuwa
        geonamesid: 1234633
        latitude: 6.773
        longitude: 79.8816
        name: Moratuwa
        names_en: ~
        names_es: ~
        population: 185031
        timezone: Asia/Colombo
      - 
        alternate_names: ~
        ascii_name: Minuwangoda
        geonamesid: 1235000
        latitude: 7.1663
        longitude: 79.9533
        name: Minuwangoda
        names_en: ~
        names_es: ~
        population: 7772
        timezone: Asia/Colombo
      - 
        alternate_names: 
          - Maharagama
        ascii_name: Maharagama
        geonamesid: 1236854
        latitude: 6.848
        longitude: 79.9265
        name: Maharagama
        names_en: ~
        names_es: ~
        population: 66576
        timezone: Asia/Colombo
      - 
        alternate_names: 
          - Kolompo
          - Kotte
          - Shri-Dzhajavardenepura-Kotte
          - "Sri Dzajavardenepura"
        ascii_name: "Sri Jayewardenepura Kotte"
        geonamesid: 1238992
        latitude: 6.90278
        longitude: 79.90833
        name: "Sri Jayewardenepura Kotte"
        names_en: 
          - Kotte
        names_es: ~
        population: 115826
        timezone: Asia/Colombo
      - 
        alternate_names: ~
        ascii_name: Kotikawatta
        geonamesid: 1239047
        latitude: 6.9269
        longitude: 79.9095
        name: Kotikawatta
        names_en: ~
        names_es: ~
        population: 64565
        timezone: Asia/Colombo
      - 
        alternate_names: ~
        ascii_name: Kolonnawa
        geonamesid: 1239593
        latitude: 6.9329
        longitude: 79.8848
        name: Kolonnawa
        names_en: ~
        names_es: ~
        population: 58076
        timezone: Asia/Colombo
      - 
        alternate_names: 
          - Kelanai
          - Kelaniya
        ascii_name: Kelaniya
        geonamesid: 1240622
        latitude: 6.9553
        longitude: 79.922
        name: Kelaniya
        names_en: ~
        names_es: ~
        population: 28846
        timezone: Asia/Colombo
      - 
        alternate_names: 
          - Katunayaka
          - "Katunayaka North"
          - Katunayake
        ascii_name: "Katunayaka North"
        geonamesid: 1240935
        latitude: 7.1643
        longitude: 79.8757
        name: "Katunayaka North"
        names_en: ~
        names_es: ~
        population: 84643
        timezone: Asia/Colombo
      - 
        alternate_names: ~
        ascii_name: Kandana
        geonamesid: 1241750
        latitude: 7.048
        longitude: 79.8937
        name: Kandana
        names_en: ~
        names_es: ~
        population: 33424
        timezone: Asia/Colombo
      - 
        alternate_names: 
          - Kalutara
          - "Kalutara South"
          - Калутара
        ascii_name: Kalutara
        geonamesid: 1241964
        latitude: 6.5831
        longitude: 79.9593
        name: Kalutara
        names_en: ~
        names_es: ~
        population: 38000
        timezone: Asia/Colombo
      - 
        alternate_names: ~
        ascii_name: "Ja Ela"
        geonamesid: 1242835
        latitude: 7.0744
        longitude: 79.8919
        name: "Ja Ela"
        names_en: ~
        names_es: ~
        population: 32175
        timezone: Asia/Colombo
      - 
        alternate_names: 
          - Horana
          - "Horana South"
        ascii_name: "Horana South"
        geonamesid: 1243867
        latitude: 6.7159
        longitude: 80.0626
        name: "Horana South"
        names_en: ~
        names_es: ~
        population: 8982
        timezone: Asia/Colombo
      - 
        alternate_names: ~
        ascii_name: Homagama
        geonamesid: 1243936
        latitude: 6.844
        longitude: 80.0024
        name: Homagama
        names_en: ~
        names_es: ~
        population: 34664
        timezone: Asia/Colombo
      - 
        alternate_names: ~
        ascii_name: Hendala
        geonamesid: 1244397
        latitude: 6.9909
        longitude: 79.883
        name: Hendala
        names_en: ~
        names_es: ~
        population: 56978
        timezone: Asia/Colombo
      - 
        alternate_names: ~
        ascii_name: "Hanwella Ihala"
        geonamesid: 1244773
        latitude: 6.9012
        longitude: 80.0852
        name: "Hanwella Ihala"
        names_en: ~
        names_es: ~
        population: 22918
        timezone: Asia/Colombo
      - 
        alternate_names: 
          - Gampaha
        ascii_name: Gampaha
        geonamesid: 1246007
        latitude: 7.0897
        longitude: 79.9925
        name: Gampaha
        names_en: ~
        names_es: ~
        population: 9350
        timezone: Asia/Colombo
      - 
        alternate_names: ~
        ascii_name: Galkissa
        geonamesid: 1246321
        latitude: 6.8293
        longitude: 79.863
        name: Galkissa
        names_en: ~
        names_es: ~
        population: 215941
        timezone: Asia/Colombo
      - 
        alternate_names: 
          - Colombo
          - Columbo
          - Kolombas
          - Kolombo
        ascii_name: Colombo
        geonamesid: 1248991
        latitude: 6.93194
        longitude: 79.84778
        name: Colombo
        names_en: 
          - Colombo
        names_es: 
          - Colombo
        population: 648034
        timezone: Asia/Colombo
      - 
        alternate_names: ~
        ascii_name: Beruwala
        geonamesid: 1249931
        latitude: 6.4788
        longitude: 79.9828
        name: Beruwala
        names_en: ~
        names_es: ~
        population: 34250
        timezone: Asia/Colombo
      - 
        alternate_names: 
          - Battaramulla
          - "Battaramulla South"
        ascii_name: "Battaramulla South"
        geonamesid: 1250164
        latitude: 6.8964
        longitude: 79.9181
        name: "Battaramulla South"
        names_en: ~
        names_es: ~
        population: 75633
        timezone: Asia/Colombo
    geonamesid: 1223421
    name: Western
    names_en: ~
    names_es: ~
  - 
    ascii_name: "Province of Uva"
    cities: 
      - 
        alternate_names: ~
        ascii_name: Wattegama
        geonamesid: 1224061
        latitude: 6.7989
        longitude: 81.4808
        name: Wattegama
        names_en: ~
        names_es: ~
        population: 8000
        timezone: Asia/Colombo
      - 
        alternate_names: 
          - Monaragala
          - Monaragalla
          - Moneragala
        ascii_name: Monaragala
        geonamesid: 1234808
        latitude: 6.8714
        longitude: 81.3487
        name: Monaragala
        names_en: ~
        names_es: ~
        population: 10236
        timezone: Asia/Colombo
      - 
        alternate_names: 
          - Haputale
          - "Haputale Town"
        ascii_name: Haputale
        geonamesid: 1244713
        latitude: 6.7602
        longitude: 80.9531
        name: Haputale
        names_en: ~
        names_es: ~
        population: 4721
        timezone: Asia/Colombo
      - 
        alternate_names: 
          - Badulla
          - Badully
          - Бадуллы
        ascii_name: Badulla
        geonamesid: 1250615
        latitude: 6.9895
        longitude: 81.0557
        name: Badulla
        names_en: ~
        names_es: ~
        population: 42230
        timezone: Asia/Colombo
    geonamesid: 1225265
    name: Uva
    names_en: ~
    names_es: ~
  - 
    ascii_name: "Southern Province"
    cities: 
      - 
        alternate_names: ~
        ascii_name: Weligama
        geonamesid: 1223738
        latitude: 5.96667
        longitude: 80.41667
        name: Weligama
        names_en: ~
        names_es: ~
        population: 22179
        timezone: Asia/Colombo
      - 
        alternate_names: 
          - Tangalla
          - Tangalle
        ascii_name: Tangalla
        geonamesid: 1227037
        latitude: 6.024
        longitude: 80.7911
        name: Tangalla
        names_en: 
          - Tangalle
        names_es: ~
        population: 10497
        timezone: Asia/Colombo
      - 
        alternate_names: 
          - Matara
          - Матара
        ascii_name: Matara
        geonamesid: 1235846
        latitude: 5.94851
        longitude: 80.53528
        name: Matara
        names_en: ~
        names_es: ~
        population: 76254
        timezone: Asia/Colombo
      - 
        alternate_names: 
          - Hikkaduwa
          - Khikkaduva
          - Хиккадува
        ascii_name: Hikkaduwa
        geonamesid: 1244178
        latitude: 6.1407
        longitude: 80.1012
        name: Hikkaduwa
        names_en: 
          - Hikkaduwa
        names_es: ~
        population: 1300
        timezone: Asia/Colombo
      - 
        alternate_names: 
          - Galla
          - Galle
          - kali
          - Галле
        ascii_name: Galle
        geonamesid: 1246294
        latitude: 6.0367
        longitude: 80.217
        name: Galle
        names_en: 
          - Galle
        names_es: ~
        population: 93118
        timezone: Asia/Colombo
      - 
        alternate_names: 
          - Bentota
          - Бентота
        ascii_name: Bentota
        geonamesid: 1249978
        latitude: 6.4254
        longitude: 79.9948
        name: Bentota
        names_en: 
          - Bentota
        names_es: ~
        population: 37000
        timezone: Asia/Colombo
      - 
        alternate_names: 
          - Ambalangoda
          - Ambalangoddi
        ascii_name: Ambalangoda
        geonamesid: 1251574
        latitude: 6.2355
        longitude: 80.0538
        name: Ambalangoda
        names_en: ~
        names_es: ~
        population: 20133
        timezone: Asia/Colombo
    geonamesid: 1227618
    name: Southern
    names_en: ~
    names_es: ~
  - 
    ascii_name: "Province of Sabaragamuwa"
    cities: 
      - 
        alternate_names: 
          - Ratnapura
          - Ratnapury
          - Ратнапуры
        ascii_name: Ratnapura
        geonamesid: 1228730
        latitude: 6.68278
        longitude: 80.39917
        name: Ratnapura
        names_en: ~
        names_es: ~
        population: 47832
        timezone: Asia/Colombo
    geonamesid: 1228435
    name: Sabaragamuwa
    names_en: ~
    names_es: ~
  - 
    ascii_name: "North Western Province"
    cities: 
      - 
        alternate_names: 
          - Puttalam
        ascii_name: Puttalam
        geonamesid: 1229293
        latitude: 8.0362
        longitude: 79.8283
        name: Puttalam
        names_en: ~
        names_es: ~
        population: 45661
        timezone: Asia/Colombo
      - 
        alternate_names: 
          - Kornegalle
          - Kurunegala
          - Kurunegald
          - Курунегала
        ascii_name: Kurunegala
        geonamesid: 1237980
        latitude: 7.4863
        longitude: 80.3623
        name: Kurunegala
        names_en: ~
        names_es: ~
        population: 28571
        timezone: Asia/Colombo
      - 
        alternate_names: ~
        ascii_name: Kuliyapitiya
        geonamesid: 1238427
        latitude: 7.4688
        longitude: 80.0401
        name: Kuliyapitiya
        names_en: ~
        names_es: ~
        population: 6877
        timezone: Asia/Colombo
      - 
        alternate_names: 
          - Chilan
          - Chilaw
          - "Chilaw Town"
        ascii_name: Chilaw
        geonamesid: 1249145
        latitude: 7.57583
        longitude: 79.79528
        name: Chilaw
        names_en: ~
        names_es: ~
        population: 24712
        timezone: Asia/Colombo
    geonamesid: 1232860
    name: "North Western"
    names_en: ~
    names_es: ~
  - 
    ascii_name: "North Eastern Province"
    cities: 
      - 
        alternate_names: 
          - Vavunija
          - Vavuniya
          - "Vavuniya Town"
          - Вавуния
        ascii_name: Vavuniya
        geonamesid: 1225018
        latitude: 8.7514
        longitude: 80.4971
        name: Vavuniya
        names_en: ~
        names_es: ~
        population: 60176
        timezone: Asia/Colombo
      - 
        alternate_names: 
          - Valvedditturai
          - Valvettithurai
          - Valvettiturai
        ascii_name: Valvedditturai
        geonamesid: 1225142
        latitude: 9.81667
        longitude: 80.16667
        name: Valvedditturai
        names_en: ~
        names_es: ~
        population: 78205
        timezone: Asia/Colombo
      - 
        alternate_names: 
          - Trikunamalaja
          - Trincomalee
          - Trincomali
          - Trinkomali
        ascii_name: Trincomalee
        geonamesid: 1226260
        latitude: 8.5711
        longitude: 81.2335
        name: Trincomalee
        names_en: 
          - Trincomalee
        names_es: ~
        population: 108420
        timezone: Asia/Colombo
      - 
        alternate_names: 
          - "Point Pedro"
          - Pojnt-Pedro
          - paruttitturai
          - Пойнт-Педро
        ascii_name: "Point Pedro"
        geonamesid: 1229989
        latitude: 9.81667
        longitude: 80.23333
        name: "Point Pedro"
        names_en: 
          - "Point Pedro"
        names_es: ~
        population: 89810
        timezone: Asia/Colombo
      - 
        alternate_names: 
          - Kilinochchi
          - Killinochchi
        ascii_name: Kilinochchi
        geonamesid: 1240372
        latitude: 9.3961
        longitude: 80.3982
        name: Kilinochchi
        names_en: ~
        names_es: ~
        population: 13006
        timezone: Asia/Colombo
      - 
        alternate_names: ~
        ascii_name: Kalmunai
        geonamesid: 1242110
        latitude: 7.41667
        longitude: 81.81667
        name: Kalmunai
        names_en: ~
        names_es: ~
        population: 100171
        timezone: Asia/Colombo
      - 
        alternate_names: 
          - Dzhafna
          - Jaffna
          - "Jaffna Town"
          - yalppanam
        ascii_name: Jaffna
        geonamesid: 1242833
        latitude: 9.66845
        longitude: 80.00742
        name: Jaffna
        names_en: 
          - Jaffna
        names_es: ~
        population: 169102
        timezone: Asia/Colombo
      - 
        alternate_names: 
          - Ehravure
          - Eraur
          - Eravur
          - "Eravur Town"
        ascii_name: "Eravur Town"
        geonamesid: 1246924
        latitude: 7.7782
        longitude: 81.6038
        name: "Eravur Town"
        names_en: ~
        names_es: ~
        population: 22982
        timezone: Asia/Colombo
      - 
        alternate_names: 
          - Batticaloa
          - Batticoloa
          - Battikaloa
          - Madakalapuva
        ascii_name: Batticaloa
        geonamesid: 1250161
        latitude: 7.7102
        longitude: 81.6924
        name: Batticaloa
        names_en: 
          - Batticaloa
        names_es: ~
        population: 86742
        timezone: Asia/Colombo
      - 
        alternate_names: 
          - Ampara
          - Amparai
          - Ampari
        ascii_name: Ampara
        geonamesid: 1251459
        latitude: 7.28333
        longitude: 81.66667
        name: Ampara
        names_en: ~
        names_es: ~
        population: 18348
        timezone: Asia/Colombo
    geonamesid: 1232867
    name: "North Eastern"
    names_en: ~
    names_es: ~
  - 
    ascii_name: "North Central Province"
    cities: 
      - 
        alternate_names: 
          - Polonnaruva
          - Polonnaruwa
          - Polonnâruvâ
          - polannaruvai
        ascii_name: Polonnaruwa
        geonamesid: 1229901
        latitude: 7.93333
        longitude: 81.0
        name: Polonnaruwa
        names_en: 
          - Polonnaruwa
        names_es: ~
        population: 13900
        timezone: Asia/Colombo
      - 
        alternate_names: 
          - Aneuradhapura
          - Anuradhapur
          - Anuradhapura
          - "Anuradhapura Town"
        ascii_name: Anuradhapura
        geonamesid: 1251081
        latitude: 8.35647
        longitude: 80.41726
        name: Anuradhapura
        names_en: 
          - Anuradhapura
        names_es: ~
        population: 60943
        timezone: Asia/Colombo
    geonamesid: 1232870
    name: "North Central"
    names_en: ~
    names_es: ~
  - 
    ascii_name: "Central Province"
    cities: 
      - 
        alternate_names: 
          - Talawakele
          - "Talawakele Town"
        ascii_name: Talawakele
        geonamesid: 1227300
        latitude: 6.9371
        longitude: 80.6581
        name: Talawakele
        names_en: ~
        names_es: ~
        population: 3545
        timezone: Asia/Colombo
      - 
        alternate_names: 
          - Sigiriya
        ascii_name: Sigiriya
        geonamesid: 1228051
        latitude: 7.9518
        longitude: 80.7426
        name: Sigiriya
        names_en: ~
        names_es: ~
        population: 1001
        timezone: Asia/Colombo
      - 
        alternate_names: 
          - "Nuwara Eliya Town"
          - Nuwari-Eliya
        ascii_name: "Nuwara Eliya"
        geonamesid: 1232783
        latitude: 6.97078
        longitude: 80.78286
        name: "Nuwara Eliya"
        names_en: ~
        names_es: ~
        population: 25775
        timezone: Asia/Colombo
      - 
        alternate_names: 
          - Kandi
          - Kandy
          - Mahanurora
          - Mahanuvara
        ascii_name: Kandy
        geonamesid: 1241622
        latitude: 7.2955
        longitude: 80.6356
        name: Kandy
        names_en: 
          - Kandy
        names_es: ~
        population: 111701
        timezone: Asia/Colombo
      - 
        alternate_names: 
          - Kadugannawa
          - Kadugawnawa
        ascii_name: Kadugannawa
        geonamesid: 1242571
        latitude: 7.2547
        longitude: 80.5242
        name: Kadugannawa
        names_en: ~
        names_es: ~
        population: 1214
        timezone: Asia/Colombo
      - 
        alternate_names: ~
        ascii_name: Hatton
        geonamesid: 1244596
        latitude: 6.8916
        longitude: 80.5955
        name: Hatton
        names_en: ~
        names_es: ~
        population: 15073
        timezone: Asia/Colombo
      - 
        alternate_names: 
          - Gampola
          - "Gampola Town"
        ascii_name: Gampola
        geonamesid: 1246000
        latitude: 7.1643
        longitude: 80.5696
        name: Gampola
        names_en: ~
        names_es: ~
        population: 24730
        timezone: Asia/Colombo
      - 
        alternate_names: 
          - Dambul
          - Dambulla
          - "tampullai porkovil"
          - Дамбулла
        ascii_name: Dambulla
        geonamesid: 1248749
        latitude: 7.86
        longitude: 80.65167
        name: Dambulla
        names_en: 
          - Dambulla
        names_es: ~
        population: 66716
        timezone: Asia/Colombo
    geonamesid: 1249296
    name: Central
    names_en: ~
    names_es: ~
  - 
    ascii_name: "Northern Province"
    cities: []
    geonamesid: 7671049
    name: "Northern Province"
    names_en: ~
    names_es: ~
