--- 
geonamesid: 3573591
iso: TT
name: "Trinidad and Tobago"
names_en: 
  - "Trinidad and Tobago"
names_es: 
  - "Trinidad y Tobago"
regions: 
  - 
    ascii_name: Tobago
    cities: 
      - 
        alternate_names: 
          - "Port Louis"
          - Scarborough
        ascii_name: Scarborough
        geonamesid: 3573703
        latitude: 11.18333
        longitude: -60.73333
        name: Scarborough
        names_en: ~
        names_es: ~
        population: 17000
        timezone: America/Port_of_Spain
    geonamesid: 3573606
    name: Tobago
    names_en: ~
    names_es: ~
  - 
    ascii_name: "San Fernando"
    cities: 
      - 
        alternate_names: ~
        ascii_name: "San Fernando"
        geonamesid: 3573738
        latitude: 10.28333
        longitude: -61.46667
        name: "San Fernando"
        names_en: ~
        names_es: ~
        population: 55419
        timezone: America/Port_of_Spain
      - 
        alternate_names: ~
        ascii_name: "Mon Repos"
        geonamesid: 3574116
        latitude: 10.283
        longitude: -61.44605
        name: "Mon Repos"
        names_en: ~
        names_es: ~
        population: 56380
        timezone: America/Port_of_Spain
      - 
        alternate_names: 
          - Marabella
        ascii_name: Marabella
        geonamesid: 3574194
        latitude: 10.30618
        longitude: -61.44671
        name: Marabella
        names_en: ~
        names_es: ~
        population: 26700
        timezone: America/Port_of_Spain
    geonamesid: 3573739
    name: "San Fernando"
    names_en: ~
    names_es: ~
  - 
    ascii_name: Port-of-Spain
    cities: 
      - 
        alternate_names: 
          - "City of Port-of-Spain"
          - "Port d'Espagne"
          - "Port of Spain"
          - "Port of Speinas"
        ascii_name: Port-of-Spain
        geonamesid: 3573890
        latitude: 10.66617
        longitude: -61.51657
        name: Port-of-Spain
        names_en: 
          - "Port of Spain"
        names_es: 
          - "Puerto España"
        population: 49031
        timezone: America/Port_of_Spain
    geonamesid: 3573891
    name: Port-of-Spain
    names_en: ~
    names_es: ~
  - 
    ascii_name: Mayaro
    cities: 
      - 
        alternate_names: ~
        ascii_name: "Rio Claro"
        geonamesid: 3573840
        latitude: 10.3
        longitude: -61.18333
        name: "Rio Claro"
        names_en: ~
        names_es: ~
        population: 0
        timezone: America/Port_of_Spain
    geonamesid: 3574155
    name: Mayaro
    names_en: ~
    names_es: ~
  - 
    ascii_name: Arima
    cities: 
      - 
        alternate_names: 
          - Arima
          - "Town of Arima"
        ascii_name: Arima
        geonamesid: 3575051
        latitude: 10.63333
        longitude: -61.28333
        name: Arima
        names_en: ~
        names_es: ~
        population: 35000
        timezone: America/Port_of_Spain
    geonamesid: 3575052
    name: Arima
    names_en: ~
    names_es: ~
  - 
    ascii_name: Chaguanas
    cities: 
      - 
        alternate_names: ~
        ascii_name: Chaguanas
        geonamesid: 3574810
        latitude: 10.51667
        longitude: -61.41667
        name: Chaguanas
        names_en: ~
        names_es: ~
        population: 67433
        timezone: America/Port_of_Spain
    geonamesid: 7521937
    name: Chaguanas
    names_en: ~
    names_es: ~
  - 
    ascii_name: Couva-Tabaquite-Talparo
    cities: 
      - 
        alternate_names: 
          - "Couva Savannah Village"
        ascii_name: Couva
        geonamesid: 3574724
        latitude: 10.42248
        longitude: -61.46748
        name: Couva
        names_en: ~
        names_es: ~
        population: 5178
        timezone: America/Port_of_Spain
    geonamesid: 7521938
    name: Couva-Tabaquite-Talparo
    names_en: ~
    names_es: ~
  - 
    ascii_name: "Diego Martin"
    cities: 
      - 
        alternate_names: ~
        ascii_name: "Petit Valley"
        geonamesid: 3573935
        latitude: 10.7
        longitude: -61.53333
        name: "Petit Valley"
        names_en: ~
        names_es: ~
        population: 0
        timezone: America/Port_of_Spain
    geonamesid: 7521939
    name: "Diego Martin"
    names_en: ~
    names_es: ~
  - 
    ascii_name: "Eastern Tobago"
    cities: 
      - 
        alternate_names: 
          - Roxborough
          - "Roxborough Village"
        ascii_name: Roxborough
        geonamesid: 3573819
        latitude: 11.25
        longitude: -60.58333
        name: Roxborough
        names_en: ~
        names_es: ~
        population: 0
        timezone: America/Port_of_Spain
    geonamesid: 7521940
    name: "Eastern Tobago"
    names_en: ~
    names_es: ~
  - 
    ascii_name: Penal/Debe
    cities: 
      - 
        alternate_names: 
          - "Penal Village"
          - "Peñal Village"
        ascii_name: Penal
        geonamesid: 3573965
        latitude: 10.16667
        longitude: -61.46667
        name: Peñal
        names_en: ~
        names_es: ~
        population: 12281
        timezone: America/Port_of_Spain
    geonamesid: 7521941
    name: Penal/Debe
    names_en: ~
    names_es: ~
  - 
    ascii_name: "Princes Town"
    cities: 
      - 
        alternate_names: 
          - "Princess Town"
        ascii_name: "Princes Town"
        geonamesid: 3573882
        latitude: 10.26667
        longitude: -61.38333
        name: "Princes Town"
        names_en: ~
        names_es: ~
        population: 10000
        timezone: America/Port_of_Spain
    geonamesid: 7521942
    name: "Princes Town"
    names_en: ~
    names_es: ~
  - 
    ascii_name: "Point Fortin"
    cities: 
      - 
        alternate_names: ~
        ascii_name: "Point Fortin"
        geonamesid: 3573899
        latitude: 10.18333
        longitude: -61.68333
        name: "Point Fortin"
        names_en: ~
        names_es: ~
        population: 19056
        timezone: America/Port_of_Spain
    geonamesid: 7521943
    name: "Point Fortin"
    names_en: ~
    names_es: ~
  - 
    ascii_name: "Sangre Grande"
    cities: 
      - 
        alternate_names: 
          - "Sangre Grand"
          - "Sangre Grande Station"
          - "Sangre Grande Town"
        ascii_name: "Sangre Grande"
        geonamesid: 3573732
        latitude: 10.58333
        longitude: -61.11667
        name: "Sangre Grande"
        names_en: ~
        names_es: ~
        population: 15968
        timezone: America/Port_of_Spain
    geonamesid: 7521944
    name: "Sangre Grande"
    names_en: ~
    names_es: ~
  - 
    ascii_name: Siparia
    cities: 
      - 
        alternate_names: 
          - "Siparia Village"
        ascii_name: Siparia
        geonamesid: 3573681
        latitude: 10.13333
        longitude: -61.5
        name: Siparia
        names_en: ~
        names_es: ~
        population: 8568
        timezone: America/Port_of_Spain
    geonamesid: 7521945
    name: Siparia
    names_en: ~
    names_es: ~
  - 
    ascii_name: "San Juan/Laventille"
    cities: 
      - 
        alternate_names: 
          - Laventille
        ascii_name: Laventille
        geonamesid: 3574309
        latitude: 10.64917
        longitude: -61.49889
        name: Laventille
        names_en: ~
        names_es: ~
        population: 0
        timezone: America/Port_of_Spain
    geonamesid: 7521946
    name: "San Juan/Laventille"
    names_en: ~
    names_es: ~
  - 
    ascii_name: Tunapuna/Piarco
    cities: 
      - 
        alternate_names: 
          - "Tunapuna Village"
        ascii_name: Tunapuna
        geonamesid: 3573576
        latitude: 10.63333
        longitude: -61.38333
        name: Tunapuna
        names_en: ~
        names_es: ~
        population: 17758
        timezone: America/Port_of_Spain
    geonamesid: 7521947
    name: Tunapuna/Piarco
    names_en: ~
    names_es: ~
