--- 
geonamesid: 2110297
iso: TV
name: Tuvalu
names_en: 
  - Tuvalu
names_es: 
  - Tuvalu
regions: 
  - 
    ascii_name: Nui
    cities: []
    geonamesid: 2110341
    name: Nui
    names_en: 
      - Nui
    names_es: ~
  - 
    ascii_name: Nanumea
    cities: []
    geonamesid: 2110345
    name: Nanumea
    names_en: 
      - Nanumea
    names_es: ~
  - 
    ascii_name: Funafuti
    cities: 
      - 
        alternate_names: 
          - Fongafale
          - "Fongafale (atolon de Funafuti)"
          - "Fongafale (atolón de Funafuti)"
          - Funafuti
        ascii_name: Funafuti
        geonamesid: 2110394
        latitude: -8.52425
        longitude: 179.19417
        name: Funafuti
        names_en: ~
        names_es: 
          - "Fongafale (atolón de Funafuti)"
        population: 4492
        timezone: Pacific/Funafuti
    geonamesid: 2110384
    name: Funafuti
    names_en: ~
    names_es: ~
  - 
    ascii_name: Niutao
    cities: []
    geonamesid: 7601979
    name: Niutao
    names_en: ~
    names_es: ~
  - 
    ascii_name: Nanumanga
    cities: []
    geonamesid: 7601980
    name: Nanumanga
    names_en: ~
    names_es: ~
  - 
    ascii_name: Vaitupu
    cities: []
    geonamesid: 7601981
    name: Vaitupu
    names_en: ~
    names_es: ~
  - 
    ascii_name: Nukufetau
    cities: []
    geonamesid: 7601982
    name: Nukufetau
    names_en: ~
    names_es: ~
  - 
    ascii_name: Nukulaelae
    cities: []
    geonamesid: 7601983
    name: Nukulaelae
    names_en: ~
    names_es: ~
